code,status,daily_source,minute_source,from_cache,daily_rows,daily_history_rows,daily_required_days,minute_rows,minute_trade_days,minute_target_days,minute_required_days,daily_start,daily_end,minute_start,minute_end,daily_ma_coverage_ok,missing_latest_daily_ma,missing_daily_amount_count,missing_daily_volume_count,missing_minute_amount_count,missing_minute_volume_count,zero_minute_volume_count,daily_minute_close_matched_days,daily_minute_close_max_abs_diff,daily_minute_close_check_ok,warnings,error,name,trade_date,d0_date
000012,ok,cache,sina_5m,False,40,180,180,1783,38,40,20,2026-04-23 00:00:00,2026-06-23 00:00:00,2026-04-27 14:30:00,2026-06-23 15:00:00,True,,2,0,0,0,0,38,0.0,True,,,南  玻Ａ,2026-06-23,2026-06-22
000048,ok,cache,sina_5m,False,40,180,180,1783,38,40,20,2026-04-23 00:00:00,2026-06-23 00:00:00,2026-04-27 14:30:00,2026-06-23 15:00:00,True,,2,0,0,0,0,38,0.0,True,,,京基智农,2026-06-23,2026-06-22
000060,ok,cache,sina_5m,False,40,180,180,1783,38,40,20,2026-04-23 00:00:00,2026-06-23 00:00:00,2026-04-27 14:30:00,2026-06-23 15:00:00,True,,2,0,0,0,0,38,0.0,True,,,中金岭南,2026-06-23,2026-06-22
000070,ok,cache,sina_5m,False,40,180,180,1783,38,40,20,2026-04-23 00:00:00,2026-06-23 00:00:00,2026-04-27 14:30:00,2026-06-23 15:00:00,True,,2,0,0,0,0,38,0.0,True,,,特发信息,2026-06-23,2026-06-23
000510,ok,cache,sina_5m,False,40,180,180,1783,38,40,20,2026-04-23 00:00:00,2026-06-23 00:00:00,2026-04-27 14:30:00,2026-06-23 15:00:00,True,,2,0,0,0,0,38,0.0,True,,,新金路,2026-06-23,2026-06-22
000519,ok,cache,sina_5m,False,40,180,180,1783,38,40,20,2026-04-23 00:00:00,2026-06-23 00:00:00,2026-04-27 14:30:00,2026-06-23 15:00:00,True,,2,0,0,0,0,38,0.0,True,,,中兵红箭,2026-06-23,2026-06-22
000545,ok,cache,sina_5m,False,40,180,180,1783,38,40,20,2026-04-23 00:00:00,2026-06-23 00:00:00,2026-04-27 14:30:00,2026-06-23 15:00:00,True,,2,0,0,0,0,38,0.0,True,,,金浦钛业,2026-06-23,2026-06-22
000571,ok,cache,sina_5m,False,40,180,180,1783,38,40,20,2026-04-23 00:00:00,2026-06-23 00:00:00,2026-04-27 14:30:00,2026-06-23 15:00:00,True,,2,0,0,0,0,38,0.0,True,,,新大洲A,2026-06-23,2026-06-23
000612,ok,cache,sina_5m,False,40,180,180,1783,38,40,20,2026-04-23 00:00:00,2026-06-23 00:00:00,2026-04-27 14:30:00,2026-06-23 15:00:00,True,,2,0,0,0,0,38,0.0,True,,,焦作万方,2026-06-23,2026-06-22
000657,ok,cache,sina_5m,False,40,180,180,1783,38,40,20,2026-04-23 00:00:00,2026-06-23 00:00:00,2026-04-27 14:30:00,2026-06-23 15:00:00,True,,2,0,0,0,0,38,0.0,True,,,中钨高新,2026-06-23,2026-06-22
000682,ok,cache,sina_5m,False,40,180,180,1783,38,40,20,2026-04-23 00:00:00,2026-06-23 00:00:00,2026-04-27 14:30:00,2026-06-23 15:00:00,True,,2,0,0,0,0,38,0.0,True,,,东方电子,2026-06-23,2026-06-22
000751,ok,cache,sina_5m,False,40,180,180,1783,38,40,20,2026-04-23 00:00:00,2026-06-23 00:00:00,2026-04-27 14:30:00,2026-06-23 15:00:00,True,,2,0,0,0,0,38,0.0,True,,,锌业股份,2026-06-23,2026-06-22
000776,ok,cache,sina_5m,False,40,180,180,1783,38,40,20,2026-04-23 00:00:00,2026-06-23 00:00:00,2026-04-27 14:30:00,2026-06-23 15:00:00,True,,2,0,0,0,0,38,0.0,True,,,广发证券,2026-06-23,2026-06-22
000783,ok,cache,sina_5m,False,40,180,180,1783,38,40,20,2026-04-23 00:00:00,2026-06-23 00:00:00,2026-04-27 14:30:00,2026-06-23 15:00:00,True,,2,0,0,0,0,38,0.0,True,,,长江证券,2026-06-23,2026-06-23
000811,ok,cache,sina_5m,False,40,180,180,1783,38,40,20,2026-04-23 00:00:00,2026-06-23 00:00:00,2026-04-27 14:30:00,2026-06-23 15:00:00,True,,2,0,0,0,0,38,0.0,True,,,冰轮环境,2026-06-23,2026-06-22
000823,ok,cache,sina_5m,False,40,180,180,1783,38,40,20,2026-04-23 00:00:00,2026-06-23 00:00:00,2026-04-27 14:30:00,2026-06-23 15:00:00,True,,2,0,0,0,0,38,0.0,True,,,超声电子,2026-06-23,2026-06-22
000833,ok,cache,sina_5m,False,40,180,180,1783,38,40,20,2026-04-23 00:00:00,2026-06-23 00:00:00,2026-04-27 14:30:00,2026-06-23 15:00:00,True,,2,0,0,0,0,38,0.0,True,,,粤桂股份,2026-06-23,2026-06-22
000960,ok,cache,sina_5m,False,40,180,180,1783,38,40,20,2026-04-23 00:00:00,2026-06-23 00:00:00,2026-04-27 14:30:00,2026-06-23 15:00:00,True,,2,0,0,0,0,38,0.0,True,,,锡业股份,2026-06-23,2026-06-22
000962,ok,cache,sina_5m,False,40,180,180,1783,38,40,20,2026-04-23 00:00:00,2026-06-23 00:00:00,2026-04-27 14:30:00,2026-06-23 15:00:00,True,,2,0,0,0,0,38,0.0,True,,,东方钽业,2026-06-23,2026-06-22
000987,ok,cache,sina_5m,False,40,180,180,1783,38,40,20,2026-04-23 00:00:00,2026-06-23 00:00:00,2026-04-27 14:30:00,2026-06-23 15:00:00,True,,2,0,0,0,0,38,0.0,True,,,越秀资本,2026-06-23,2026-06-22
001296,failed,cache,sina_5m,False,40,180,180,1783,38,40,20,2026-04-23 00:00:00,2026-06-23 00:00:00,2026-04-27 14:30:00,2026-06-23 15:00:00,True,,2,0,0,0,0,38,0.05000000000000071,False,"daily/minute close cross-check failed: matched=38, max_diff=0.05000000000000071","001296 data quality check failed: daily/minute close cross-check failed: matched=38, max_diff=0.05000000000000071",长江材料,2026-06-23,2026-06-22
001359,ok,cache,sina_5m,False,40,180,180,1783,38,40,20,2026-04-23 00:00:00,2026-06-23 00:00:00,2026-04-27 14:30:00,2026-06-23 15:00:00,True,,2,0,0,0,0,38,0.0,True,,,平安电工,2026-06-23,2026-06-22
002057,ok,cache,sina_5m,False,40,180,180,1783,38,40,20,2026-04-23 00:00:00,2026-06-23 00:00:00,2026-04-27 14:30:00,2026-06-23 15:00:00,True,,2,0,0,0,0,38,0.0,True,,,中钢天源,2026-06-23,2026-06-22
002068,ok,cache,sina_5m,False,40,180,180,1783,38,40,20,2026-04-23 00:00:00,2026-06-23 00:00:00,2026-04-27 14:30:00,2026-06-23 15:00:00,True,,2,0,0,0,0,38,0.0,True,,,黑猫股份,2026-06-23,2026-06-23
002114,ok,cache,sina_5m,False,40,180,180,1783,38,40,20,2026-04-23 00:00:00,2026-06-23 00:00:00,2026-04-27 14:30:00,2026-06-23 15:00:00,True,,2,0,0,0,0,38,0.0,True,,,罗平锌电,2026-06-23,2026-06-22
002167,ok,cache,sina_5m,False,40,180,180,1783,38,40,20,2026-04-23 00:00:00,2026-06-23 00:00:00,2026-04-27 14:30:00,2026-06-23 15:00:00,True,,2,0,0,0,0,38,0.0,True,,,东方锆业,2026-06-23,2026-06-23
002258,failed,cache,sina_5m,False,40,180,180,1783,38,40,20,2026-04-23 00:00:00,2026-06-23 00:00:00,2026-04-27 14:30:00,2026-06-23 15:00:00,True,,2,0,0,0,0,38,0.02999999999999936,False,"daily/minute close cross-check failed: matched=38, max_diff=0.02999999999999936","002258 data quality check failed: daily/minute close cross-check failed: matched=38, max_diff=0.02999999999999936",利尔化学,2026-06-23,2026-06-22
002297,ok,cache,sina_5m,False,40,180,180,1783,38,40,20,2026-04-23 00:00:00,2026-06-23 00:00:00,2026-04-27 14:30:00,2026-06-23 15:00:00,True,,2,0,0,0,0,38,0.0,True,,,博云新材,2026-06-23,2026-06-22
002312,ok,cache,sina_5m,False,40,180,180,1783,38,40,20,2026-04-23 00:00:00,2026-06-23 00:00:00,2026-04-27 14:30:00,2026-06-23 15:00:00,True,,2,0,0,0,0,38,0.0,True,,,川发龙蟒,2026-06-23,2026-06-22
002346,ok,cache,sina_5m,False,40,180,180,1783,38,40,20,2026-04-23 00:00:00,2026-06-23 00:00:00,2026-04-27 14:30:00,2026-06-23 15:00:00,True,,2,0,0,0,0,38,0.0,True,,,柘中股份,2026-06-23,2026-06-22
002354,ok,cache,sina_5m,False,40,180,180,1783,38,40,20,2026-04-23 00:00:00,2026-06-23 00:00:00,2026-04-27 14:30:00,2026-06-23 15:00:00,True,,2,0,0,0,0,38,0.0,True,,,天娱数科,2026-06-23,2026-06-22
002367,ok,cache,sina_5m,False,40,180,180,1783,38,40,20,2026-04-23 00:00:00,2026-06-23 00:00:00,2026-04-27 14:30:00,2026-06-23 15:00:00,True,,2,0,0,0,0,38,0.0,True,,,康力电梯,2026-06-23,2026-06-22
002386,ok,cache,sina_5m,False,40,180,180,1783,38,40,20,2026-04-23 00:00:00,2026-06-23 00:00:00,2026-04-27 14:30:00,2026-06-23 15:00:00,True,,2,0,0,0,0,38,0.0,True,,,天原股份,2026-06-23,2026-06-22
002407,ok,cache,sina_5m,False,40,180,180,1783,38,40,20,2026-04-23 00:00:00,2026-06-23 00:00:00,2026-04-27 14:30:00,2026-06-23 15:00:00,True,,2,0,0,0,0,38,0.0,True,,,多氟多,2026-06-23,2026-06-22
002409,ok,cache,sina_5m,False,40,180,180,1783,38,40,20,2026-04-23 00:00:00,2026-06-23 00:00:00,2026-04-27 14:30:00,2026-06-23 15:00:00,True,,2,0,0,0,0,38,0.0,True,,,雅克科技,2026-06-23,2026-06-22
002418,ok,cache,sina_5m,False,40,180,180,1783,38,40,20,2026-04-23 00:00:00,2026-06-23 00:00:00,2026-04-27 14:30:00,2026-06-23 15:00:00,True,,2,0,0,0,0,38,0.0,True,,,康盛股份,2026-06-23,2026-06-22
002421,ok,cache,sina_5m,False,40,180,180,1783,38,40,20,2026-04-23 00:00:00,2026-06-23 00:00:00,2026-04-27 14:30:00,2026-06-23 15:00:00,True,,2,0,0,0,0,38,0.0,True,,,达实智能,2026-06-23,2026-06-22
002428,ok,cache,sina_5m,False,40,180,180,1783,38,40,20,2026-04-23 00:00:00,2026-06-23 00:00:00,2026-04-27 14:30:00,2026-06-23 15:00:00,True,,2,0,0,0,0,38,0.0,True,,,云南锗业,2026-06-23,2026-06-22
002440,ok,cache,sina_5m,False,40,180,180,1783,38,40,20,2026-04-23 00:00:00,2026-06-23 00:00:00,2026-04-27 14:30:00,2026-06-23 15:00:00,True,,2,0,0,0,0,38,0.0,True,,,闰土股份,2026-06-23,2026-06-22
002539,ok,cache,sina_5m,False,40,180,180,1783,38,40,20,2026-04-23 00:00:00,2026-06-23 00:00:00,2026-04-27 14:30:00,2026-06-23 15:00:00,True,,2,0,0,0,0,38,0.0,True,,,云图控股,2026-06-23,2026-06-22
002546,ok,cache,sina_5m,False,40,180,180,1783,38,40,20,2026-04-23 00:00:00,2026-06-23 00:00:00,2026-04-27 14:30:00,2026-06-23 15:00:00,True,,2,0,0,0,0,38,0.0,True,,,新联电子,2026-06-23,2026-06-22
002601,ok,cache,sina_5m,False,40,180,180,1783,38,40,20,2026-04-23 00:00:00,2026-06-23 00:00:00,2026-04-27 14:30:00,2026-06-23 15:00:00,True,,2,0,0,0,0,38,0.0,True,,,龙佰集团,2026-06-23,2026-06-22
002655,ok,cache,sina_5m,False,40,180,180,1783,38,40,20,2026-04-23 00:00:00,2026-06-23 00:00:00,2026-04-27 14:30:00,2026-06-23 15:00:00,True,,2,0,0,0,0,38,0.0,True,,,共达电声,2026-06-23,2026-06-22
002657,ok,cache,sina_5m,False,40,180,180,1783,38,40,20,2026-04-23 00:00:00,2026-06-23 00:00:00,2026-04-27 14:30:00,2026-06-23 15:00:00,True,,2,0,0,0,0,38,0.0,True,,,中科金财,2026-06-23,2026-06-22
002672,ok,cache,sina_5m,False,40,180,180,1783,38,40,20,2026-04-23 00:00:00,2026-06-23 00:00:00,2026-04-27 14:30:00,2026-06-23 15:00:00,True,,2,0,0,0,0,38,0.0,True,,,东江环保,2026-06-23,2026-06-23
002674,ok,cache,sina_5m,False,40,180,180,1784,38,40,20,2026-04-23 00:00:00,2026-06-23 00:00:00,2026-04-27 14:20:00,2026-06-23 15:00:00,True,,2,0,0,0,0,38,0.0,True,,,兴业科技,2026-06-23,2026-06-23
002805,ok,cache,sina_5m,False,40,180,180,1783,38,40,20,2026-04-23 00:00:00,2026-06-23 00:00:00,2026-04-27 14:30:00,2026-06-23 15:00:00,True,,2,0,0,0,0,38,0.0,True,,,丰元股份,2026-06-23,2026-06-22
002830,ok,cache,sina_5m,False,40,180,180,1783,38,40,20,2026-04-23 00:00:00,2026-06-23 00:00:00,2026-04-27 14:20:00,2026-06-23 15:00:00,True,,2,0,0,0,0,38,0.0,True,,,名雕股份,2026-06-23,2026-06-23
002842,ok,cache,sina_5m,False,40,180,180,1783,38,40,20,2026-04-23 00:00:00,2026-06-23 00:00:00,2026-04-27 14:30:00,2026-06-23 15:00:00,True,,2,0,0,0,0,38,0.0,True,,,翔鹭钨业,2026-06-23,2026-06-22
002885,ok,cache,sina_5m,False,40,180,180,1783,38,40,20,2026-04-23 00:00:00,2026-06-23 00:00:00,2026-04-27 14:30:00,2026-06-23 15:00:00,True,,2,0,0,0,0,38,0.0,True,,,京泉华,2026-06-23,2026-06-22
002910,ok,cache,sina_5m,False,40,180,180,1783,38,40,20,2026-04-23 00:00:00,2026-06-23 00:00:00,2026-04-27 14:30:00,2026-06-23 15:00:00,True,,2,0,0,0,0,38,0.0,True,,,庄园牧场,2026-06-23,2026-06-22
002963,ok,cache,sina_5m,False,40,180,180,1783,38,40,20,2026-04-23 00:00:00,2026-06-23 00:00:00,2026-04-27 14:30:00,2026-06-23 15:00:00,True,,2,0,0,0,0,38,0.0,True,,,豪尔赛,2026-06-23,2026-06-22
002975,ok,cache,sina_5m,False,40,180,180,1783,38,40,20,2026-04-23 00:00:00,2026-06-23 00:00:00,2026-04-27 14:30:00,2026-06-23 15:00:00,True,,2,0,0,0,0,38,0.0,True,,,博杰股份,2026-06-23,2026-06-22
003031,ok,cache,sina_5m,False,40,180,180,1783,38,40,20,2026-04-23 00:00:00,2026-06-23 00:00:00,2026-04-27 14:30:00,2026-06-23 15:00:00,True,,2,0,0,0,0,38,0.0,True,,,中瓷电子,2026-06-23,2026-06-22
600058,ok,cache,sina_5m,False,40,180,180,1783,38,40,20,2026-04-23 00:00:00,2026-06-23 00:00:00,2026-04-27 14:30:00,2026-06-23 15:00:00,True,,2,0,0,0,0,38,0.0,True,,,五矿发展,2026-06-23,2026-06-22
600078,ok,cache,sina_5m,False,40,180,180,1783,38,40,20,2026-04-23 00:00:00,2026-06-23 00:00:00,2026-04-27 14:30:00,2026-06-23 15:00:00,True,,2,0,0,0,0,38,0.0,True,,,澄星股份,2026-06-23,2026-06-22
600096,ok,cache,sina_5m,False,40,180,180,1783,38,40,20,2026-04-23 00:00:00,2026-06-23 00:00:00,2026-04-27 14:30:00,2026-06-23 15:00:00,True,,2,0,0,0,0,38,0.0,True,,,云天化,2026-06-23,2026-06-22
600141,ok,cache,sina_5m,False,40,180,180,1783,38,40,20,2026-04-23 00:00:00,2026-06-23 00:00:00,2026-04-27 14:30:00,2026-06-23 15:00:00,True,,2,0,0,0,0,38,0.0,True,,,XD兴发集,2026-06-23,2026-06-22
600160,ok,cache,sina_5m,False,40,180,180,1783,38,40,20,2026-04-23 00:00:00,2026-06-23 00:00:00,2026-04-27 14:30:00,2026-06-23 15:00:00,True,,2,0,0,0,0,38,0.0,True,,,巨化股份,2026-06-23,2026-06-22
600162,ok,cache,sina_5m,False,40,180,180,1783,38,40,20,2026-04-23 00:00:00,2026-06-23 00:00:00,2026-04-27 14:30:00,2026-06-23 15:00:00,True,,2,0,0,0,0,38,0.0,True,,,香江控股,2026-06-23,2026-06-22
600172,ok,cache,sina_5m,False,40,180,180,1783,38,40,20,2026-04-23 00:00:00,2026-06-23 00:00:00,2026-04-27 14:30:00,2026-06-23 15:00:00,True,,2,0,0,0,0,38,0.0,True,,,黄河旋风,2026-06-23,2026-06-23
600178,ok,cache,sina_5m,False,40,180,180,1783,38,40,20,2026-04-23 00:00:00,2026-06-23 00:00:00,2026-04-27 14:30:00,2026-06-23 15:00:00,True,,2,0,0,0,0,38,0.0,True,,,东安动力,2026-06-23,2026-06-22
600206,ok,cache,sina_5m,False,40,180,180,1783,38,40,20,2026-04-23 00:00:00,2026-06-23 00:00:00,2026-04-27 14:30:00,2026-06-23 15:00:00,True,,2,0,0,0,0,38,0.0,True,,,有研新材,2026-06-23,2026-06-22
600234,ok,cache,sina_5m,False,40,180,180,1783,38,40,20,2026-04-23 00:00:00,2026-06-23 00:00:00,2026-04-27 14:25:00,2026-06-23 15:00:00,True,,2,0,0,0,0,38,0.0,True,,,科新发展,2026-06-23,2026-06-22
600345,ok,cache,sina_5m,False,40,180,180,1783,38,40,20,2026-04-23 00:00:00,2026-06-23 00:00:00,2026-04-27 14:30:00,2026-06-23 15:00:00,True,,2,0,0,0,0,38,0.0,True,,,长江通信,2026-06-23,2026-06-22
600352,ok,cache,sina_5m,False,40,180,180,1783,38,40,20,2026-04-23 00:00:00,2026-06-23 00:00:00,2026-04-27 14:30:00,2026-06-23 15:00:00,True,,2,0,0,0,0,38,0.0,True,,,浙江龙盛,2026-06-23,2026-06-22
600353,ok,cache,sina_5m,False,40,180,180,1783,38,40,20,2026-04-23 00:00:00,2026-06-23 00:00:00,2026-04-27 14:30:00,2026-06-23 15:00:00,True,,2,0,0,0,0,38,0.0,True,,,旭光电子,2026-06-23,2026-06-22
600367,ok,cache,sina_5m,False,40,180,180,1783,38,40,20,2026-04-23 00:00:00,2026-06-23 00:00:00,2026-04-27 14:30:00,2026-06-23 15:00:00,True,,2,0,0,0,0,38,0.0,True,,,红星发展,2026-06-23,2026-06-22
600397,ok,cache,sina_5m,False,40,180,180,1783,38,40,20,2026-04-23 00:00:00,2026-06-23 00:00:00,2026-04-27 14:30:00,2026-06-23 15:00:00,True,,2,0,0,0,0,38,0.0,True,,,江钨装备,2026-06-23,2026-06-23
600400,ok,cache,sina_5m,False,40,180,180,1783,38,40,20,2026-04-23 00:00:00,2026-06-23 00:00:00,2026-04-27 14:30:00,2026-06-23 15:00:00,True,,2,0,0,0,0,38,0.0,True,,,红豆股份,2026-06-23,2026-06-23
600470,ok,cache,sina_5m,False,40,180,180,1783,38,40,20,2026-04-23 00:00:00,2026-06-23 00:00:00,2026-04-27 14:30:00,2026-06-23 15:00:00,True,,2,0,0,0,0,38,0.0,True,,,六国化工,2026-06-23,2026-06-23
600497,ok,cache,sina_5m,False,40,180,180,1783,38,40,20,2026-04-23 00:00:00,2026-06-23 00:00:00,2026-04-27 14:30:00,2026-06-23 15:00:00,True,,2,0,0,0,0,38,0.0,True,,,驰宏锌锗,2026-06-23,2026-06-22
600531,ok,cache,sina_5m,False,40,180,180,1783,38,40,20,2026-04-23 00:00:00,2026-06-23 00:00:00,2026-04-27 14:30:00,2026-06-23 15:00:00,True,,2,0,0,0,0,38,0.0,True,,,豫光金铅,2026-06-23,2026-06-22
600549,ok,cache,sina_5m,False,40,180,180,1783,38,40,20,2026-04-23 00:00:00,2026-06-23 00:00:00,2026-04-27 14:30:00,2026-06-23 15:00:00,True,,2,0,0,0,0,38,0.0,True,,,厦门钨业,2026-06-23,2026-06-22
600552,ok,cache,sina_5m,False,40,180,180,1783,38,40,20,2026-04-23 00:00:00,2026-06-23 00:00:00,2026-04-27 14:30:00,2026-06-23 15:00:00,True,,2,0,0,0,0,38,0.0,True,,,凯盛科技,2026-06-23,2026-06-22
600584,ok,cache,sina_5m,False,40,180,180,1783,38,40,20,2026-04-23 00:00:00,2026-06-23 00:00:00,2026-04-27 14:30:00,2026-06-23 15:00:00,True,,2,0,0,0,0,38,0.0,True,,,长电科技,2026-06-23,2026-06-22
600703,ok,cache,sina_5m,False,40,180,180,1783,38,40,20,2026-04-23 00:00:00,2026-06-23 00:00:00,2026-04-27 14:30:00,2026-06-23 15:00:00,True,,2,0,0,0,0,38,0.0,True,,,三安光电,2026-06-23,2026-06-22
600769,ok,cache,sina_5m,False,40,180,180,1783,38,40,20,2026-04-23 00:00:00,2026-06-23 00:00:00,2026-04-27 14:30:00,2026-06-23 15:00:00,True,,2,0,0,0,0,38,0.0,True,,,祥龙电业,2026-06-23,2026-06-22
600791,ok,cache,sina_5m,False,40,180,180,1783,38,40,20,2026-04-23 00:00:00,2026-06-23 00:00:00,2026-04-27 14:30:00,2026-06-23 15:00:00,True,,2,0,0,0,0,38,0.0,True,,,京能置业,2026-06-23,2026-06-22
600851,ok,cache,sina_5m,False,40,180,180,1783,38,40,20,2026-04-23 00:00:00,2026-06-23 00:00:00,2026-04-27 14:30:00,2026-06-23 15:00:00,True,,2,0,0,0,0,38,0.0,True,,,海欣股份,2026-06-23,2026-06-23
600869,ok,cache,sina_5m,False,40,180,180,1783,38,40,20,2026-04-23 00:00:00,2026-06-23 00:00:00,2026-04-27 14:30:00,2026-06-23 15:00:00,True,,2,0,0,0,0,38,0.0,True,,,远东股份,2026-06-23,2026-06-22
600961,ok,cache,sina_5m,False,40,180,180,1783,38,40,20,2026-04-23 00:00:00,2026-06-23 00:00:00,2026-04-27 14:30:00,2026-06-23 15:00:00,True,,2,0,0,0,0,38,0.0,True,,,株冶集团,2026-06-23,2026-06-22
601020,ok,cache,sina_5m,False,40,180,180,1783,38,40,20,2026-04-23 00:00:00,2026-06-23 00:00:00,2026-04-27 14:30:00,2026-06-23 15:00:00,True,,2,0,0,0,0,38,0.0,True,,,华钰矿业,2026-06-23,2026-06-22
601066,ok,cache,sina_5m,False,40,180,180,1783,38,40,20,2026-04-23 00:00:00,2026-06-23 00:00:00,2026-04-27 14:30:00,2026-06-23 15:00:00,True,,2,0,0,0,0,38,0.0,True,,,中信建投,2026-06-23,2026-06-22
601108,ok,cache,sina_5m,False,40,180,180,1783,38,40,20,2026-04-23 00:00:00,2026-06-23 00:00:00,2026-04-27 14:30:00,2026-06-23 15:00:00,True,,2,0,0,0,0,38,0.0,True,,,财通证券,2026-06-23,2026-06-22
601179,ok,cache,sina_5m,False,40,180,180,1783,38,40,20,2026-04-23 00:00:00,2026-06-23 00:00:00,2026-04-27 14:30:00,2026-06-23 15:00:00,True,,2,0,0,0,0,38,0.0,True,,,中国西电,2026-06-23,2026-06-22
601233,ok,cache,sina_5m,False,40,180,180,1783,38,40,20,2026-04-23 00:00:00,2026-06-23 00:00:00,2026-04-27 14:30:00,2026-06-23 15:00:00,True,,2,0,0,0,0,38,0.0,True,,,桐昆股份,2026-06-23,2026-06-22
601336,ok,cache,sina_5m,False,40,180,180,1783,38,40,20,2026-04-23 00:00:00,2026-06-23 00:00:00,2026-04-27 14:30:00,2026-06-23 15:00:00,True,,2,0,0,0,0,38,0.0,True,,,新华保险,2026-06-23,2026-06-22
601519,ok,cache,sina_5m,False,40,180,180,1783,38,40,20,2026-04-23 00:00:00,2026-06-23 00:00:00,2026-04-27 14:30:00,2026-06-23 15:00:00,True,,2,0,0,0,0,38,0.0,True,,,大智慧,2026-06-23,2026-06-22
601869,ok,cache,sina_5m,False,40,180,180,1783,38,40,20,2026-04-23 00:00:00,2026-06-23 00:00:00,2026-04-27 14:30:00,2026-06-23 15:00:00,True,,2,0,0,0,0,38,0.0,True,,,长飞光纤,2026-06-23,2026-06-23
601958,ok,cache,sina_5m,False,40,180,180,1783,38,40,20,2026-04-23 00:00:00,2026-06-23 00:00:00,2026-04-27 14:30:00,2026-06-23 15:00:00,True,,2,0,0,0,0,38,0.0,True,,,金钼股份,2026-06-23,2026-06-22
603002,ok,cache,sina_5m,False,40,180,180,1783,38,40,20,2026-04-23 00:00:00,2026-06-23 00:00:00,2026-04-27 14:30:00,2026-06-23 15:00:00,True,,2,0,0,0,0,38,0.0,True,,,宏昌电子,2026-06-23,2026-06-22
603012,ok,cache,sina_5m,False,40,180,180,1783,38,40,20,2026-04-23 00:00:00,2026-06-23 00:00:00,2026-04-27 14:30:00,2026-06-23 15:00:00,True,,2,0,0,0,0,38,0.0,True,,,创力集团,2026-06-23,2026-06-22
603065,ok,cache,sina_5m,False,40,180,180,1783,38,40,20,2026-04-23 00:00:00,2026-06-23 00:00:00,2026-04-27 14:30:00,2026-06-23 15:00:00,True,,2,0,0,0,0,38,0.0,True,,,宿迁联盛,2026-06-23,2026-06-22
603067,ok,cache,sina_5m,False,40,180,180,1783,38,40,20,2026-04-23 00:00:00,2026-06-23 00:00:00,2026-04-27 14:30:00,2026-06-23 15:00:00,True,,2,0,0,0,0,38,0.0,True,,,振华股份,2026-06-23,2026-06-22
603082,ok,cache,sina_5m,False,40,180,180,1783,38,40,20,2026-04-23 00:00:00,2026-06-23 00:00:00,2026-04-27 14:30:00,2026-06-23 15:00:00,True,,2,0,0,0,0,38,0.0,True,,,北自科技,2026-06-23,2026-06-22
603083,ok,cache,sina_5m,False,40,180,180,1783,38,40,20,2026-04-23 00:00:00,2026-06-23 00:00:00,2026-04-27 14:30:00,2026-06-23 15:00:00,True,,2,0,0,0,0,38,0.0,True,,,剑桥科技,2026-06-23,2026-06-22
603399,ok,cache,sina_5m,False,40,180,180,1783,38,40,20,2026-04-23 00:00:00,2026-06-23 00:00:00,2026-04-27 14:30:00,2026-06-23 15:00:00,True,,2,0,0,0,0,38,0.0,True,,,永杉锂业,2026-06-23,2026-06-22
603407,failed,tencent_daily,sina_5m,False,31,31,180,1486,31,40,20,2026-05-11 00:00:00,2026-06-23 00:00:00,2026-05-11 09:35:00,2026-06-23 15:00:00,True,,0,0,0,0,0,31,0.0,True,daily history rows 31 < required 180,603407 data quality check failed: daily history rows 31 < required 180,长裕集团,2026-06-23,2026-06-23
603533,ok,cache,sina_5m,False,40,180,180,1783,38,40,20,2026-04-23 00:00:00,2026-06-23 00:00:00,2026-04-27 14:30:00,2026-06-23 15:00:00,True,,2,0,0,0,0,38,0.0,True,,,掌阅科技,2026-06-23,2026-06-22
603588,ok,cache,sina_5m,False,40,180,180,1783,38,40,20,2026-04-23 00:00:00,2026-06-23 00:00:00,2026-04-27 14:30:00,2026-06-23 15:00:00,True,,2,0,0,0,0,38,0.0,True,,,高能环境,2026-06-23,2026-06-22
603607,ok,cache,sina_5m,False,40,180,180,1783,38,40,20,2026-04-23 00:00:00,2026-06-23 00:00:00,2026-04-27 14:30:00,2026-06-23 15:00:00,True,,2,0,0,0,0,38,0.0,True,,,京华激光,2026-06-23,2026-06-22
603629,ok,cache,sina_5m,False,40,180,180,1783,38,40,20,2026-04-23 00:00:00,2026-06-23 00:00:00,2026-04-27 14:30:00,2026-06-23 15:00:00,True,,2,0,0,0,0,38,0.0,True,,,利通电子,2026-06-23,2026-06-22
603661,ok,cache,sina_5m,False,40,180,180,1783,38,40,20,2026-04-23 00:00:00,2026-06-23 00:00:00,2026-04-27 14:30:00,2026-06-23 15:00:00,True,,2,0,0,0,0,38,0.0,True,,,恒林股份,2026-06-23,2026-06-22
603663,ok,cache,sina_5m,False,40,180,180,1783,38,40,20,2026-04-23 00:00:00,2026-06-23 00:00:00,2026-04-27 14:30:00,2026-06-23 15:00:00,True,,2,0,0,0,0,38,0.0,True,,,三祥新材,2026-06-23,2026-06-22
603668,ok,cache,sina_5m,False,40,180,180,1783,38,40,20,2026-04-23 00:00:00,2026-06-23 00:00:00,2026-04-27 14:30:00,2026-06-23 15:00:00,True,,2,0,0,0,0,38,0.0,True,,,天马科技,2026-06-23,2026-06-22
603727,ok,cache,sina_5m,False,40,180,180,1783,38,40,20,2026-04-23 00:00:00,2026-06-23 00:00:00,2026-04-27 14:30:00,2026-06-23 15:00:00,True,,2,0,0,0,0,38,0.0,True,,,博迈科,2026-06-23,2026-06-22
603823,ok,cache,sina_5m,False,40,180,180,1783,38,40,20,2026-04-23 00:00:00,2026-06-23 00:00:00,2026-04-27 14:30:00,2026-06-23 15:00:00,True,,2,0,0,0,0,38,0.0,True,,,百合花,2026-06-23,2026-06-22
603906,ok,cache,sina_5m,False,40,180,180,1783,38,40,20,2026-04-23 00:00:00,2026-06-23 00:00:00,2026-04-27 14:30:00,2026-06-23 15:00:00,True,,2,0,0,0,0,38,0.0,True,,,龙蟠科技,2026-06-23,2026-06-22
603938,ok,cache,sina_5m,False,40,180,180,1783,38,40,20,2026-04-23 00:00:00,2026-06-23 00:00:00,2026-04-27 14:30:00,2026-06-23 15:00:00,True,,2,0,0,0,0,38,0.0,True,,,三孚股份,2026-06-23,2026-06-23
603950,ok,cache,sina_5m,False,40,180,180,1783,38,40,20,2026-04-23 00:00:00,2026-06-23 00:00:00,2026-04-27 14:30:00,2026-06-23 15:00:00,True,,2,0,0,0,0,38,0.0,True,,,长源东谷,2026-06-23,2026-06-22
603976,ok,cache,sina_5m,False,40,180,180,1783,38,40,20,2026-04-23 00:00:00,2026-06-23 00:00:00,2026-04-27 14:30:00,2026-06-23 15:00:00,True,,2,0,0,0,0,38,0.0,True,,,正川股份,2026-06-23,2026-06-22
603989,ok,cache,sina_5m,False,40,180,180,1783,38,40,20,2026-04-23 00:00:00,2026-06-23 00:00:00,2026-04-27 14:30:00,2026-06-23 15:00:00,True,,2,0,0,0,0,38,0.0,True,,,艾华集团,2026-06-23,2026-06-22
605020,ok,cache,sina_5m,False,40,180,180,1783,38,40,20,2026-04-23 00:00:00,2026-06-23 00:00:00,2026-04-27 14:30:00,2026-06-23 15:00:00,True,,2,0,0,0,0,38,0.0,True,,,永和股份,2026-06-23,2026-06-22
605069,ok,cache,sina_5m,False,40,180,180,1783,38,40,20,2026-04-23 00:00:00,2026-06-23 00:00:00,2026-04-27 14:20:00,2026-06-23 15:00:00,True,,2,0,0,0,0,38,0.0,True,,,正和生态,2026-06-23,2026-06-23
605168,ok,cache,sina_5m,False,40,180,180,1783,38,40,20,2026-04-23 00:00:00,2026-06-23 00:00:00,2026-04-27 14:30:00,2026-06-23 15:00:00,True,,2,0,0,0,0,38,0.0,True,,,三人行,2026-06-23,2026-06-22
605305,ok,cache,sina_5m,False,40,180,180,1783,38,40,20,2026-04-23 00:00:00,2026-06-23 00:00:00,2026-04-27 14:30:00,2026-06-23 15:00:00,True,,2,0,0,0,0,38,0.0,True,,,中际联合,2026-06-23,2026-06-22
605377,ok,cache,sina_5m,False,40,180,180,1783,38,40,20,2026-04-23 00:00:00,2026-06-23 00:00:00,2026-04-27 14:30:00,2026-06-23 15:00:00,True,,2,0,0,0,0,38,0.0,True,,,华旺科技,2026-06-23,2026-06-23
605580,ok,cache,sina_5m,False,40,180,180,1783,38,40,20,2026-04-23 00:00:00,2026-06-23 00:00:00,2026-04-27 14:30:00,2026-06-23 15:00:00,True,,2,0,0,0,0,38,0.0,True,,,恒盛能源,2026-06-23,2026-06-23
000042,ok,cache,sina_5m,False,40,180,180,1783,38,40,20,2026-04-23 00:00:00,2026-06-23 00:00:00,2026-04-27 14:30:00,2026-06-23 15:00:00,True,,2,0,0,0,0,38,0.0,True,,,中洲控股,2026-06-23,2026-06-23
000551,ok,cache,sina_5m,False,40,180,180,1783,38,40,20,2026-04-23 00:00:00,2026-06-23 00:00:00,2026-04-27 14:30:00,2026-06-23 15:00:00,True,,2,0,0,0,0,38,0.0,True,,,创元科技,2026-06-23,2026-06-23
000566,ok,cache,sina_5m,False,40,180,180,1783,38,40,20,2026-04-23 00:00:00,2026-06-23 00:00:00,2026-04-27 14:30:00,2026-06-23 15:00:00,True,,2,0,0,0,0,38,0.0,True,,,海南海药,2026-06-23,2026-06-23
000691,ok,cache,sina_5m,False,40,180,180,1783,38,40,20,2026-04-22 00:00:00,2026-06-23 00:00:00,2026-04-24 14:15:00,2026-06-23 15:00:00,True,,2,0,0,0,0,38,0.0,True,,,亚太实业,2026-06-23,2026-06-23
000756,ok,cache,sina_5m,False,40,180,180,1783,38,40,20,2026-04-23 00:00:00,2026-06-23 00:00:00,2026-04-27 14:30:00,2026-06-23 15:00:00,True,,2,0,0,0,0,38,0.0,True,,,新华制药,2026-06-23,2026-06-23
000813,ok,cache,sina_5m,False,40,180,180,1783,38,40,20,2026-04-23 00:00:00,2026-06-23 00:00:00,2026-04-27 14:30:00,2026-06-23 15:00:00,True,,2,0,0,0,0,38,0.0,True,,,德展健康,2026-06-23,2026-06-23
000882,ok,cache,sina_5m,False,40,180,180,1783,38,40,20,2026-04-23 00:00:00,2026-06-23 00:00:00,2026-04-27 14:30:00,2026-06-23 15:00:00,True,,2,0,0,0,0,38,0.0,True,,,华联股份,2026-06-23,2026-06-23
001206,failed,cache,sina_5m,False,40,180,180,1783,38,40,20,2026-04-23 00:00:00,2026-06-23 00:00:00,2026-04-27 14:30:00,2026-06-23 15:00:00,True,,2,0,0,0,0,38,0.03999999999999915,False,"daily/minute close cross-check failed: matched=38, max_diff=0.03999999999999915","001206 data quality check failed: daily/minute close cross-check failed: matched=38, max_diff=0.03999999999999915",依依股份,2026-06-23,2026-06-23
001225,ok,cache,sina_5m,False,40,180,180,1783,38,40,20,2026-04-23 00:00:00,2026-06-23 00:00:00,2026-04-27 14:05:00,2026-06-23 15:00:00,True,,2,0,0,0,0,38,0.0,True,,,和泰机电,2026-06-23,2026-06-23
001279,ok,cache,sina_5m,False,40,180,180,1783,38,40,20,2026-04-23 00:00:00,2026-06-23 00:00:00,2026-04-27 14:30:00,2026-06-23 15:00:00,True,,2,0,0,0,0,38,0.0,True,,,强邦新材,2026-06-23,2026-06-23
002014,ok,cache,sina_5m,False,40,180,180,1783,38,40,20,2026-04-23 00:00:00,2026-06-23 00:00:00,2026-04-27 14:30:00,2026-06-23 15:00:00,True,,2,0,0,0,0,38,0.0,True,,,永新股份,2026-06-23,2026-06-23
002021,ok,cache,sina_5m,False,40,180,180,1783,38,40,20,2026-04-23 00:00:00,2026-06-23 00:00:00,2026-04-27 14:30:00,2026-06-23 15:00:00,True,,2,0,0,0,0,38,0.0,True,,,中捷资源,2026-06-23,2026-06-23
002031,ok,cache,sina_5m,False,40,180,180,1783,38,40,20,2026-04-23 00:00:00,2026-06-23 00:00:00,2026-04-27 14:30:00,2026-06-23 15:00:00,True,,2,0,0,0,0,38,0.0,True,,,巨轮智能,2026-06-23,2026-06-23
002038,ok,cache,sina_5m,False,40,180,180,1783,38,40,20,2026-04-23 00:00:00,2026-06-23 00:00:00,2026-04-27 14:30:00,2026-06-23 15:00:00,True,,2,0,0,0,0,38,0.0,True,,,双鹭药业,2026-06-23,2026-06-23
002047,ok,cache,sina_5m,False,40,180,180,1783,38,40,20,2026-04-22 00:00:00,2026-06-23 00:00:00,2026-04-24 14:30:00,2026-06-23 15:00:00,True,,2,0,0,0,0,38,0.0,True,,,宝鹰股份,2026-06-23,2026-06-23
002141,ok,cache,sina_5m,False,40,180,180,1783,38,40,20,2026-04-23 00:00:00,2026-06-23 00:00:00,2026-04-27 14:30:00,2026-06-23 15:00:00,True,,2,0,0,0,0,38,0.0,True,,,贤丰控股,2026-06-23,2026-06-23
002196,ok,cache,sina_5m,False,40,180,180,1783,38,40,20,2026-04-23 00:00:00,2026-06-23 00:00:00,2026-04-27 14:30:00,2026-06-23 15:00:00,True,,2,0,0,0,0,38,0.0,True,,,方正电机,2026-06-23,2026-06-23
002370,ok,cache,sina_5m,False,40,180,180,1783,38,40,20,2026-04-23 00:00:00,2026-06-23 00:00:00,2026-04-27 14:30:00,2026-06-23 15:00:00,True,,2,0,0,0,0,38,0.0,True,,,亚太药业,2026-06-23,2026-06-23
002374,ok,cache,sina_5m,False,40,180,180,1783,38,40,20,2026-04-23 00:00:00,2026-06-23 00:00:00,2026-04-27 14:30:00,2026-06-23 15:00:00,True,,2,0,0,0,0,38,0.0,True,,,中锐股份,2026-06-23,2026-06-23
002420,ok,cache,sina_5m,False,40,180,180,1783,38,40,20,2026-04-23 00:00:00,2026-06-23 00:00:00,2026-04-27 14:30:00,2026-06-23 15:00:00,True,,2,0,0,0,0,38,0.0,True,,,毅昌科技,2026-06-23,2026-06-23
002453,ok,cache,sina_5m,False,40,180,180,1783,38,40,20,2026-04-23 00:00:00,2026-06-23 00:00:00,2026-04-27 14:30:00,2026-06-23 15:00:00,True,,2,0,0,0,0,38,0.0,True,,,华软科技,2026-06-23,2026-06-23
002522,ok,cache,sina_5m,False,40,180,180,1783,38,40,20,2026-04-23 00:00:00,2026-06-23 00:00:00,2026-04-27 14:30:00,2026-06-23 15:00:00,True,,2,0,0,0,0,38,0.0,True,,,浙江众成,2026-06-23,2026-06-23
002549,ok,cache,sina_5m,False,40,180,180,1783,38,40,20,2026-04-23 00:00:00,2026-06-23 00:00:00,2026-04-27 14:30:00,2026-06-23 15:00:00,True,,2,0,0,0,0,38,0.0,True,,,凯美特气,2026-06-23,2026-06-23
002580,ok,cache,sina_5m,False,40,180,180,1783,38,40,20,2026-04-23 00:00:00,2026-06-23 00:00:00,2026-04-27 14:30:00,2026-06-23 15:00:00,True,,2,0,0,0,0,38,0.0,True,,,圣阳股份,2026-06-23,2026-06-23
002584,ok,cache,sina_5m,False,40,180,180,1783,38,40,20,2026-04-23 00:00:00,2026-06-23 00:00:00,2026-04-27 14:30:00,2026-06-23 15:00:00,True,,2,0,0,0,0,38,0.0,True,,,西陇科学,2026-06-23,2026-06-23
002631,ok,cache,sina_5m,False,40,180,180,1783,38,40,20,2026-04-23 00:00:00,2026-06-23 00:00:00,2026-04-27 14:30:00,2026-06-23 15:00:00,True,,2,0,0,0,0,38,0.0,True,,,德尔未来,2026-06-23,2026-06-23
002648,ok,cache,sina_5m,False,40,180,180,1783,38,40,20,2026-04-23 00:00:00,2026-06-23 00:00:00,2026-04-27 14:30:00,2026-06-23 15:00:00,True,,2,0,0,0,0,38,0.0,True,,,卫星化学,2026-06-23,2026-06-23
002687,ok,cache,sina_5m,False,40,180,180,1783,38,40,20,2026-04-23 00:00:00,2026-06-23 00:00:00,2026-04-27 14:30:00,2026-06-23 15:00:00,True,,2,0,0,0,0,38,0.0,True,,,乔治白,2026-06-23,2026-06-23
002728,ok,cache,sina_5m,False,40,180,180,1783,38,40,20,2026-04-23 00:00:00,2026-06-23 00:00:00,2026-04-27 14:30:00,2026-06-23 15:00:00,True,,2,0,0,0,0,38,0.0,True,,,特一药业,2026-06-23,2026-06-23
002871,ok,cache,sina_5m,False,40,180,180,1783,38,40,20,2026-04-23 00:00:00,2026-06-23 00:00:00,2026-04-27 14:30:00,2026-06-23 15:00:00,True,,2,0,0,0,0,38,0.0,True,,,伟隆股份,2026-06-23,2026-06-23
002921,ok,cache,sina_5m,False,40,180,180,1783,38,40,20,2026-04-23 00:00:00,2026-06-23 00:00:00,2026-04-27 14:25:00,2026-06-23 15:00:00,True,,2,0,0,0,0,38,0.0,True,,,联诚精密,2026-06-23,2026-06-23
002962,ok,cache,sina_5m,False,40,180,180,1783,38,40,20,2026-04-23 00:00:00,2026-06-23 00:00:00,2026-04-27 14:30:00,2026-06-23 15:00:00,True,,2,0,0,0,0,38,0.0,True,,,五方光电,2026-06-23,2026-06-23
002976,failed,cache,sina_5m,False,40,180,180,1783,38,40,20,2026-04-23 00:00:00,2026-06-23 00:00:00,2026-04-27 14:20:00,2026-06-23 15:00:00,True,,2,0,0,0,0,38,0.21000000000000085,False,"daily/minute close cross-check failed: matched=38, max_diff=0.21000000000000085","002976 data quality check failed: daily/minute close cross-check failed: matched=38, max_diff=0.21000000000000085",瑞玛精密,2026-06-23,2026-06-23
600171,ok,cache,sina_5m,False,40,180,180,1783,38,40,20,2026-04-23 00:00:00,2026-06-23 00:00:00,2026-04-27 14:30:00,2026-06-23 15:00:00,True,,2,0,0,0,0,38,0.0,True,,,上海贝岭,2026-06-23,2026-06-23
600360,ok,cache,sina_5m,False,40,180,180,1783,38,40,20,2026-04-22 00:00:00,2026-06-23 00:00:00,2026-04-24 14:30:00,2026-06-23 15:00:00,True,,2,0,0,0,0,38,0.0,True,,,华微电子,2026-06-23,2026-06-23
600379,ok,cache,sina_5m,False,40,180,180,1783,38,40,20,2026-04-23 00:00:00,2026-06-23 00:00:00,2026-04-27 14:30:00,2026-06-23 15:00:00,True,,2,0,0,0,0,38,0.0,True,,,宝光股份,2026-06-23,2026-06-23
600405,ok,cache,sina_5m,False,40,180,180,1783,38,40,20,2026-04-23 00:00:00,2026-06-23 00:00:00,2026-04-27 14:30:00,2026-06-23 15:00:00,True,,2,0,0,0,0,38,0.0,True,,,动力源,2026-06-23,2026-06-23
600488,ok,cache,sina_5m,False,40,180,180,1783,38,40,20,2026-04-23 00:00:00,2026-06-23 00:00:00,2026-04-27 14:30:00,2026-06-23 15:00:00,True,,2,0,0,0,0,38,0.0,True,,,津药药业,2026-06-23,2026-06-23
600506,ok,cache,sina_5m,False,40,180,180,1783,38,40,20,2026-04-23 00:00:00,2026-06-23 00:00:00,2026-04-27 14:30:00,2026-06-23 15:00:00,True,,2,0,0,0,0,38,0.0,True,,,统一股份,2026-06-23,2026-06-23
600707,ok,cache,sina_5m,False,40,180,180,1783,38,40,20,2026-04-23 00:00:00,2026-06-23 00:00:00,2026-04-27 14:30:00,2026-06-23 15:00:00,True,,2,0,0,0,0,38,0.0,True,,,彩虹股份,2026-06-23,2026-06-23
600708,ok,cache,sina_5m,False,40,180,180,1783,38,40,20,2026-04-23 00:00:00,2026-06-23 00:00:00,2026-04-27 14:30:00,2026-06-23 15:00:00,True,,2,0,0,0,0,38,0.0,True,,,光明地产,2026-06-23,2026-06-23
600719,ok,cache,sina_5m,False,40,180,180,1783,38,40,20,2026-04-23 00:00:00,2026-06-23 00:00:00,2026-04-27 14:30:00,2026-06-23 15:00:00,True,,2,0,0,0,0,38,0.0,True,,,大连热电,2026-06-23,2026-06-23
600743,ok,cache,sina_5m,False,40,180,180,1783,38,40,20,2026-04-23 00:00:00,2026-06-23 00:00:00,2026-04-27 14:30:00,2026-06-23 15:00:00,True,,2,0,0,0,0,38,0.0,True,,,华远控股,2026-06-23,2026-06-23
600777,ok,cache,sina_5m,False,40,180,180,1783,38,40,20,2026-04-22 00:00:00,2026-06-23 00:00:00,2026-04-24 14:30:00,2026-06-23 15:00:00,True,,2,0,0,0,0,38,0.0,True,,,新潮能源,2026-06-23,2026-06-23
600793,ok,cache,sina_5m,False,40,180,180,1783,38,40,20,2026-04-23 00:00:00,2026-06-23 00:00:00,2026-04-27 14:30:00,2026-06-23 15:00:00,True,,2,0,0,0,0,38,0.0,True,,,宜宾纸业,2026-06-23,2026-06-23
600843,ok,cache,sina_5m,False,40,180,180,1783,38,40,20,2026-04-23 00:00:00,2026-06-23 00:00:00,2026-04-27 14:30:00,2026-06-23 15:00:00,True,,2,0,0,0,0,38,0.0,True,,,上工申贝,2026-06-23,2026-06-23
600881,ok,cache,sina_5m,False,40,180,180,1783,38,40,20,2026-04-23 00:00:00,2026-06-23 00:00:00,2026-04-27 14:30:00,2026-06-23 15:00:00,True,,2,0,0,0,0,38,0.0,True,,,亚泰集团,2026-06-23,2026-06-23
601011,ok,cache,sina_5m,False,40,180,180,1783,38,40,20,2026-04-23 00:00:00,2026-06-23 00:00:00,2026-04-27 14:30:00,2026-06-23 15:00:00,True,,2,0,0,0,0,38,0.0,True,,,宝泰隆,2026-06-23,2026-06-23
603007,ok,cache,sina_5m,False,40,180,180,1783,38,40,20,2026-04-23 00:00:00,2026-06-23 00:00:00,2026-04-27 14:30:00,2026-06-23 15:00:00,True,,2,0,0,0,0,38,0.0,True,,,顺景科技,2026-06-23,2026-06-23
603015,ok,cache,sina_5m,False,40,180,180,1783,38,40,20,2026-04-23 00:00:00,2026-06-23 00:00:00,2026-04-27 14:30:00,2026-06-23 15:00:00,True,,2,0,0,0,0,38,0.0,True,,,弘讯科技,2026-06-23,2026-06-23
603106,ok,cache,sina_5m,False,40,180,180,1783,38,40,20,2026-04-23 00:00:00,2026-06-23 00:00:00,2026-04-27 14:30:00,2026-06-23 15:00:00,True,,2,0,0,0,0,38,0.0,True,,,恒银科技,2026-06-23,2026-06-23
603116,ok,cache,sina_5m,False,40,180,180,1783,38,40,20,2026-04-23 00:00:00,2026-06-23 00:00:00,2026-04-27 14:30:00,2026-06-23 15:00:00,True,,2,0,0,0,0,38,0.0,True,,,红蜻蜓,2026-06-23,2026-06-23
603122,ok,cache,sina_5m,False,40,180,180,1783,38,40,20,2026-04-23 00:00:00,2026-06-23 00:00:00,2026-04-27 14:30:00,2026-06-23 15:00:00,True,,2,0,0,0,0,38,0.0,True,,,合富中国,2026-06-23,2026-06-23
603210,ok,cache,sina_5m,False,40,180,180,1783,38,40,20,2026-04-23 00:00:00,2026-06-23 00:00:00,2026-04-27 14:30:00,2026-06-23 15:00:00,True,,2,0,0,0,0,38,0.0,True,,,泰鸿万立,2026-06-23,2026-06-23
603318,ok,cache,sina_5m,False,40,180,180,1783,38,40,20,2026-04-23 00:00:00,2026-06-23 00:00:00,2026-04-27 14:30:00,2026-06-23 15:00:00,True,,2,0,0,0,0,38,0.0,True,,,水发燃气,2026-06-23,2026-06-23
603335,ok,cache,sina_5m,False,40,180,180,1783,38,40,20,2026-04-23 00:00:00,2026-06-23 00:00:00,2026-04-27 14:30:00,2026-06-23 15:00:00,True,,2,0,0,0,0,38,0.0,True,,,迪生力,2026-06-23,2026-06-23
603466,ok,cache,sina_5m,False,40,180,180,1783,38,40,20,2026-04-23 00:00:00,2026-06-23 00:00:00,2026-04-27 14:30:00,2026-06-23 15:00:00,True,,2,0,0,0,0,38,0.0,True,,,风语筑,2026-06-23,2026-06-23
603630,ok,cache,sina_5m,False,40,180,180,1783,38,40,20,2026-04-23 00:00:00,2026-06-23 00:00:00,2026-04-27 14:30:00,2026-06-23 15:00:00,True,,2,0,0,0,0,38,0.0,True,,,拉芳家化,2026-06-23,2026-06-23
603669,ok,cache,sina_5m,False,40,180,180,1783,38,40,20,2026-04-23 00:00:00,2026-06-23 00:00:00,2026-04-27 14:30:00,2026-06-23 15:00:00,True,,2,0,0,0,0,38,0.0,True,,,灵康药业,2026-06-23,2026-06-23
603717,ok,cache,sina_5m,False,40,180,180,1783,38,40,20,2026-04-23 00:00:00,2026-06-23 00:00:00,2026-04-27 14:30:00,2026-06-23 15:00:00,True,,2,0,0,0,0,38,0.0,True,,,天域生物,2026-06-23,2026-06-23
603725,ok,cache,sina_5m,False,40,180,180,1783,38,40,20,2026-04-23 00:00:00,2026-06-23 00:00:00,2026-04-27 14:30:00,2026-06-23 15:00:00,True,,2,0,0,0,0,38,0.0,True,,,天安新材,2026-06-23,2026-06-23
603757,ok,cache,sina_5m,False,40,180,180,1783,38,40,20,2026-04-23 00:00:00,2026-06-23 00:00:00,2026-04-27 14:30:00,2026-06-23 15:00:00,True,,2,0,0,0,0,38,0.0,True,,,大元泵业,2026-06-23,2026-06-23
603863,ok,cache,sina_5m,False,40,180,180,1783,38,40,20,2026-04-23 00:00:00,2026-06-23 00:00:00,2026-04-27 14:30:00,2026-06-23 15:00:00,True,,2,0,0,0,0,38,0.0,True,,,松炀资源,2026-06-23,2026-06-23
605118,ok,cache,sina_5m,False,40,180,180,1783,38,40,20,2026-04-23 00:00:00,2026-06-23 00:00:00,2026-04-27 14:30:00,2026-06-23 15:00:00,True,,2,0,0,0,0,38,0.0,True,,,力鼎光电,2026-06-23,2026-06-23
605167,ok,cache,sina_5m,False,40,180,180,1783,38,40,20,2026-04-23 00:00:00,2026-06-23 00:00:00,2026-04-27 14:30:00,2026-06-23 15:00:00,True,,2,0,0,0,0,38,0.0,True,,,利柏特,2026-06-23,2026-06-23
605366,ok,cache,sina_5m,False,40,180,180,1783,38,40,20,2026-04-23 00:00:00,2026-06-23 00:00:00,2026-04-27 14:30:00,2026-06-23 15:00:00,True,,2,0,0,0,0,38,0.0,True,,,宏柏新材,2026-06-23,2026-06-23
605369,ok,cache,sina_5m,False,40,180,180,1783,38,40,20,2026-04-23 00:00:00,2026-06-23 00:00:00,2026-04-27 14:30:00,2026-06-23 15:00:00,True,,2,0,0,0,0,38,0.0,True,,,拱东医疗,2026-06-23,2026-06-23
