signal_date,candidate_count,target7_count,daily_universe_mean_capped_return,rank1_event_id,rank1_capped_return,rank1_target7,rank2_event_id,rank2_capped_return,rank2_target7,rank3_event_id,rank3_capped_return,rank3_target7,top1_capped_return,top1_excess_vs_universe,top1_beat_universe,top2_capped_return,top2_excess_vs_universe,top2_beat_universe,top3_capped_return,top3_excess_vs_universe,top3_beat_universe,top3_target7_hits,available_winner_capture
2026-05-20,10,5,0.030833752262373587,603311_2026-05-20,0.07,1,600903_2026-05-20,0.07,1,002208_2026-05-20,-0.07254901960784321,0,0.07,0.03916624773762642,1,0.07,0.03916624773762642,1,0.022483660130718935,-0.008350092131654652,0,2,0.6666666666666666
2026-05-21,6,3,0.041710819835180483,000417_2026-05-21,0.07,1,605288_2026-05-21,0.042279411764706065,0,603938_2026-05-21,-0.04166666666666674,0,0.07,0.028289180164819523,1,0.056139705882353036,0.014428886047172552,1,0.023537581699346444,-0.01817323813583404,0,1,0.3333333333333333
2026-05-22,1,1,0.07,003004_2026-05-22,0.07,1,,,0,,,0,0.07,0.0,0,,,0,,,0,1,1.0
2026-05-25,8,1,0.026854768241664752,002442_2026-05-25,0.002512562814070307,0,600611_2026-05-25,-0.05942275042444811,0,000012_2026-05-25,0.06178489702517154,0,0.002512562814070307,-0.024342205427594445,0,-0.028455093805188902,-0.055309862046853654,0,0.0016249031382645773,-0.025229865103400174,0,0,0.0
2026-05-26,18,5,0.01746823674148515,603661_2026-05-26,-0.007780979827089474,0,002432_2026-05-26,-0.060659340659340644,0,605580_2026-05-26,0.07,1,-0.007780979827089474,-0.025249216568574623,0,-0.03422016024321506,-0.05168839698470021,0,0.0005198931711899631,-0.016948343570295187,0,1,0.3333333333333333
2026-05-27,10,6,0.05421494113734039,002185_2026-05-27,0.06699751861042191,0,002552_2026-05-27,0.07,1,002957_2026-05-27,0.07,1,0.06699751861042191,0.012782577473081522,1,0.06849875930521096,0.014283818167870568,1,0.06899917287014064,0.014784231732800246,1,2,0.6666666666666666
2026-05-28,4,3,0.035580719069439534,002771_2026-05-28,0.07,1,002251_2026-05-28,0.07,1,001257_2026-05-28,-0.06767712372224188,0,0.07,0.03441928093056047,1,0.07,0.03441928093056047,1,0.024107625425919377,-0.011473093643520157,0,2,0.6666666666666666
2026-05-29,3,1,0.013392068858581074,603989_2026-05-29,-0.032201914708442136,0,002579_2026-05-29,0.07,1,603032_2026-05-29,0.0023781212841853527,0,-0.032201914708442136,-0.04559398356702321,0,0.018899042645778935,0.005506973787197861,1,0.013392068858581074,0.0,0,1,1.0
2026-06-01,4,1,0.027793661105589965,000090_2026-06-01,-0.02638522427440637,0,002806_2026-06-01,0.07,1,600110_2026-06-01,0.0451559934318555,0,-0.02638522427440637,-0.054178885379996336,0,0.021807387862796818,-0.005986273242793147,0,0.029590256385816378,0.001796595280226413,1,1,1.0
2026-06-02,2,1,0.04802378255945647,002608_2026-06-02,0.07,1,600011_2026-06-02,0.02604756511891293,0,,,0,0.07,0.02197621744054354,1,0.04802378255945647,0.0,0,,,0,1,1.0
2026-06-03,7,1,-0.00475946733783925,600280_2026-06-03,-0.01253132832080206,0,002404_2026-06-03,0.029931972789115635,0,001210_2026-06-03,-0.24455753463387053,0,-0.01253132832080206,-0.0077718609829628095,0,0.008700322234156788,0.013459789571996037,1,-0.07571896338851898,-0.07095949605067974,0,0,0.0
2026-06-04,6,0,-0.002864828664527752,000700_2026-06-04,-0.06513409961685834,0,600487_2026-06-04,0.06593749999999998,0,600121_2026-06-04,-0.007092198581560294,0,-0.06513409961685834,-0.06226927095233059,0,0.0004017001915708196,0.0032665288560985717,1,-0.0020962660661395516,0.0007685625983882005,1,0,
2026-06-05,6,2,0.025619301511013715,600688_2026-06-05,0.0030211480362536403,0,001896_2026-06-05,0.07,1,605162_2026-06-05,-0.044991511035653575,0,0.0030211480362536403,-0.022598153474760074,0,0.03651057401812682,0.010891272507113109,1,0.009343212333533357,-0.016276089177480357,0,1,0.5
2026-06-08,3,0,0.0133228381898118,600293_2026-06-08,-0.01728395061728394,0,000520_2026-06-08,-0.010940919037199293,0,003036_2026-06-08,0.06819338422391863,0,-0.01728395061728394,-0.03060678880709574,0,-0.014112434827241616,-0.027435273017053417,0,0.0133228381898118,0.0,0,0,
2026-06-09,9,1,-0.0018516822650699624,002421_2026-06-09,-0.14210526315789485,0,603859_2026-06-09,0.06404129229592792,0,603500_2026-06-09,0.07,1,-0.14210526315789485,-0.1402535808928249,0,-0.03903198543098346,-0.0371803031659135,0,-0.002687990287322306,-0.0008363080222523436,0,1,1.0
2026-06-10,7,4,0.04389499596509298,603186_2026-06-10,0.07,1,603929_2026-06-10,0.07,1,001696_2026-06-10,0.07,1,0.07,0.02610500403490703,1,0.07,0.02610500403490703,1,0.07,0.02610500403490703,1,3,1.0
2026-06-11,10,2,0.028416248118709197,002636_2026-06-11,0.07,1,605318_2026-06-11,0.0456747404844291,0,603065_2026-06-11,0.028676470588235414,0,0.07,0.041583751881290806,1,0.05783737024221455,0.029421122123505356,1,0.04811707035755484,0.01970082223884564,1,1,0.5
2026-06-12,8,4,0.040231451733937953,000048_2026-06-12,-0.021505376344086113,0,002119_2026-06-12,0.05435801312089983,0,002409_2026-06-12,0.07,1,-0.021505376344086113,-0.06173682807802407,0,0.016426318388406858,-0.023805133345531096,0,0.03428421225893791,-0.005947239475000046,0,1,0.3333333333333333
2026-06-15,3,1,0.044940476190476274,002203_2026-06-15,0.036250000000000115,0,600067_2026-06-15,0.028571428571428692,0,603014_2026-06-15,0.07,1,0.036250000000000115,-0.008690476190476158,0,0.032410714285714404,-0.01252976190476187,0,0.044940476190476274,0.0,0,1,1.0
2026-06-16,7,3,0.0313373111971878,000510_2026-06-16,-0.014531043593130843,0,601958_2026-06-16,0.04392857142857154,0,603335_2026-06-16,0.07,1,-0.014531043593130843,-0.045868354790318644,0,0.014698763917720348,-0.016638547279467453,0,0.033132509278480236,0.001795198081292436,1,1,0.3333333333333333
2026-06-17,17,12,0.0600758531774936,605198_2026-06-17,-0.02127659574468077,0,002851_2026-06-17,0.07,1,002552_2026-06-17,0.07,1,-0.02127659574468077,-0.08135244892217437,0,0.024361702127659618,-0.035714151049833984,0,0.039574468085106417,-0.020501385092387185,0,2,0.6666666666666666
2026-06-18,15,2,0.017311011105823247,603186_2026-06-18,0.045483180042837246,0,002741_2026-06-18,-0.020413122721749555,0,600110_2026-06-18,-0.04445727482678985,0,0.045483180042837246,0.028172168937014,1,0.012535028660543845,-0.004775982445279402,0,-0.006462405835234053,-0.0237734169410573,0,0,0.0
2026-06-22,7,4,0.046540992262907054,002491_2026-06-22,0.07,1,603261_2026-06-22,0.07,1,002989_2026-06-22,0.021419009370816422,0,0.07,0.023459007737092953,1,0.07,0.023459007737092953,1,0.05380633645693881,0.007265344194031756,1,2,0.6666666666666666
2026-06-23,14,7,0.05068555323433526,002297_2026-06-23,0.07,1,000811_2026-06-23,0.07,1,603663_2026-06-23,0.02941176470588225,0,0.07,0.019314446765664746,1,0.07,0.019314446765664746,1,0.056470588235294085,0.005785035000958824,1,2,0.6666666666666666
2026-06-24,15,3,0.021949161370582483,603757_2026-06-24,0.05169806132270027,0,002068_2026-06-24,0.06471389645776582,0,600851_2026-06-24,-0.03681592039801007,0,0.05169806132270027,0.02974889995211779,1,0.058205978890233045,0.03625681751965056,1,0.026532012460818672,0.004582851090236189,1,0,0.0
2026-06-25,9,4,0.024497753192807656,600909_2026-06-25,0.07,1,000566_2026-06-25,-0.00219780219780219,0,605069_2026-06-25,0.07,1,0.07,0.04550224680719235,1,0.03390109890109891,0.009403345708291252,1,0.04593406593406594,0.021436312741258283,1,2,0.6666666666666666
2026-06-26,12,3,0.016013751663266792,603989_2026-06-26,-0.04196428571428579,0,002080_2026-06-26,-0.05252525252525253,0,002990_2026-06-26,0.07,1,-0.04196428571428579,-0.05797803737755258,0,-0.04724476911976916,-0.06325852078303595,0,-0.008163179413179436,-0.02417693107644623,0,1,0.3333333333333333
2026-06-29,5,3,0.03005811481218995,600228_2026-06-29,-0.07931726907630532,0,000823_2026-06-29,0.07,1,600962_2026-06-29,0.07,1,-0.07931726907630532,-0.10937538388849527,0,-0.004658634538152656,-0.03471674935034261,0,0.020227576974564898,-0.009830537837625053,0,2,0.6666666666666666
2026-06-30,7,1,0.018284747767554867,603650_2026-06-30,0.0474406991260925,0,601133_2026-06-30,-0.0627906976744187,0,603163_2026-06-30,-0.028716216216216228,0,0.0474406991260925,0.029155951358537633,1,-0.007674999274163097,-0.025959747041717964,0,-0.014688738254847475,-0.03297348602240234,0,0,0.0
