model,signal_date,date_group,diagnostic_rank,event_id,code,score,target7,raw_opportunity_return,capped_opportunity_return_7,is_oracle_top3_member,is_oracle_non_target_fill_member,is_selected_non_target
Ridge,2026-05-20,A,1,603311_2026-05-20,603311,0.1823899288936443,1,0.1723525230987919,0.07,1,0,0
Ridge,2026-05-20,A,2,603115_2026-05-20,603115,0.1101516420288205,1,0.2054098870349259,0.07,1,0,0
Ridge,2026-05-20,A,3,603206_2026-05-20,603206,0.0752105027862558,0,-0.00410888546481758,-0.00410888546481758,0,0,1
Ridge,2026-05-21,A,1,605288_2026-05-21,605288,0.2129176043933375,0,0.042279411764706065,0.042279411764706065,0,0,1
Ridge,2026-05-21,A,2,000417_2026-05-21,000417,-0.0518913880619661,1,0.10102040816326507,0.07,1,0,0
Ridge,2026-05-21,A,3,603938_2026-05-21,603938,-0.0806316362517759,0,-0.04166666666666674,-0.04166666666666674,0,0,1
Ridge,2026-05-22,B,1,003004_2026-05-22,003004,0.0447902422116145,1,0.12680115273775217,0.07,1,0,0
Ridge,2026-05-25,B,1,600611_2026-05-25,600611,0.1517144431649957,0,-0.05942275042444811,-0.05942275042444811,0,0,1
Ridge,2026-05-25,B,2,002442_2026-05-25,002442,0.1352079641276925,0,0.002512562814070307,0.002512562814070307,0,0,1
Ridge,2026-05-25,B,3,000012_2026-05-25,000012,0.0135736473967365,0,0.06178489702517154,0.06178489702517154,1,1,1
Ridge,2026-05-26,A,1,000636_2026-05-26,000636,0.0854425198607607,1,0.15809523809523807,0.07,1,0,0
Ridge,2026-05-26,A,2,002980_2026-05-26,002980,0.0826742844089711,0,0.05747229979281143,0.05747229979281143,0,0,1
Ridge,2026-05-26,A,3,002938_2026-05-26,002938,0.082645426024624,0,-0.022413793103448265,-0.022413793103448265,0,0,1
Ridge,2026-05-27,A,1,002552_2026-05-27,002552,0.4018573799850748,1,0.22299651567944268,0.07,1,0,0
Ridge,2026-05-27,A,2,003036_2026-05-27,003036,0.2853597646554686,1,0.24476190476190474,0.07,1,0,0
Ridge,2026-05-27,A,3,002185_2026-05-27,002185,0.1349198659420118,0,0.06699751861042191,0.06699751861042191,0,0,1
Ridge,2026-05-28,A,1,002771_2026-05-28,002771,-0.0368370404818504,1,0.09433962264150941,0.07,1,0,0
Ridge,2026-05-28,A,2,002251_2026-05-28,002251,-0.2050135933254968,1,0.1685393258426966,0.07,1,0,0
Ridge,2026-05-28,A,3,001257_2026-05-28,001257,-0.211674463473648,0,-0.06767712372224188,-0.06767712372224188,0,0,1
Ridge,2026-05-29,B,1,603989_2026-05-29,603989,0.016049003359525,0,-0.032201914708442136,-0.032201914708442136,1,1,1
Ridge,2026-05-29,B,2,002579_2026-05-29,002579,-0.0724384649412552,1,0.1958525345622122,0.07,1,0,0
Ridge,2026-05-29,B,3,603032_2026-05-29,603032,-0.2591200672388972,0,0.0023781212841853527,0.0023781212841853527,1,1,1
Ridge,2026-06-01,B,1,000090_2026-06-01,000090,-0.0051230912551852,0,-0.02638522427440637,-0.02638522427440637,0,0,1
Ridge,2026-06-01,B,2,600110_2026-06-01,600110,-0.1038432324805896,0,0.0451559934318555,0.0451559934318555,1,1,1
Ridge,2026-06-01,B,3,002806_2026-06-01,002806,-0.1352038093708715,1,0.14932126696832593,0.07,1,0,0
Ridge,2026-06-02,B,1,002608_2026-06-02,002608,0.1295579713503293,1,0.09899999999999998,0.07,1,0,0
Ridge,2026-06-02,B,2,600011_2026-06-02,600011,-0.1597648096201113,0,0.02604756511891293,0.02604756511891293,1,1,1
Ridge,2026-06-03,B,1,600280_2026-06-03,600280,0.2528257341307337,0,-0.01253132832080206,-0.01253132832080206,0,0,1
Ridge,2026-06-03,B,2,002404_2026-06-03,002404,0.009600618469813,0,0.029931972789115635,0.029931972789115635,0,0,1
Ridge,2026-06-03,B,3,001210_2026-06-03,001210,-0.0215438223013476,0,-0.24455753463387053,-0.24455753463387053,0,0,1
Ridge,2026-06-04,C,1,600487_2026-06-04,600487,0.1913350270630112,0,0.06593749999999998,0.06593749999999998,1,1,1
Ridge,2026-06-04,C,2,603311_2026-06-04,603311,0.1370992836917758,0,0.02779234399580499,0.02779234399580499,1,1,1
Ridge,2026-06-04,C,3,600121_2026-06-04,600121,0.0732103469053012,0,-0.007092198581560294,-0.007092198581560294,0,0,1
Ridge,2026-06-05,B,1,600688_2026-06-05,600688,0.0005928860637948,0,0.0030211480362536403,0.0030211480362536403,0,0,1
Ridge,2026-06-05,B,2,001896_2026-06-05,001896,-0.1289041994959102,1,0.08505284348263698,0.07,1,0,0
Ridge,2026-06-05,B,3,605162_2026-06-05,605162,-0.1736569956823442,0,-0.044991511035653575,-0.044991511035653575,0,0,1
Ridge,2026-06-08,C,1,600293_2026-06-08,600293,0.0955315444077762,0,-0.01728395061728394,-0.01728395061728394,1,1,1
Ridge,2026-06-08,C,2,000520_2026-06-08,000520,0.0686275382049875,0,-0.010940919037199293,-0.010940919037199293,1,1,1
Ridge,2026-06-08,C,3,003036_2026-06-08,003036,-0.1894296124376194,0,0.06819338422391863,0.06819338422391863,1,1,1
Ridge,2026-06-09,B,1,603500_2026-06-09,603500,0.1721156780023986,1,0.09362706530291098,0.07,1,0,0
Ridge,2026-06-09,B,2,002421_2026-06-09,002421,0.1084728673821679,0,-0.14210526315789485,-0.14210526315789485,0,0,1
Ridge,2026-06-09,B,3,603859_2026-06-09,603859,0.0701134834321728,0,0.06404129229592792,0.06404129229592792,1,1,1
Ridge,2026-06-10,A,1,603186_2026-06-10,603186,0.204279954709121,1,0.12896813444973199,0.07,1,0,0
Ridge,2026-06-10,A,2,603929_2026-06-10,603929,0.2022952876284205,1,0.08505403743080575,0.07,1,0,0
Ridge,2026-06-10,A,3,001696_2026-06-10,001696,0.0600052953793671,1,0.2021052631578948,0.07,1,0,0
Ridge,2026-06-11,B,1,002636_2026-06-11,002636,0.5457431040168947,1,0.08900988998777648,0.07,1,0,0
Ridge,2026-06-11,B,2,605318_2026-06-11,605318,0.2662707842689188,0,0.0456747404844291,0.0456747404844291,0,0,1
Ridge,2026-06-11,B,3,603065_2026-06-11,603065,0.2519240689140847,0,0.028676470588235414,0.028676470588235414,0,0,1
Ridge,2026-06-12,A,1,000048_2026-06-12,000048,0.0929816420255959,0,-0.021505376344086113,-0.021505376344086113,0,0,1
Ridge,2026-06-12,A,2,002119_2026-06-12,002119,0.0509878885315296,0,0.05435801312089983,0.05435801312089983,0,0,1
Ridge,2026-06-12,A,3,600665_2026-06-12,600665,-0.0638353331307952,0,0.01298701298701288,0.01298701298701288,0,0,1
Ridge,2026-06-15,B,1,002203_2026-06-15,002203,0.1660773781795527,0,0.036250000000000115,0.036250000000000115,1,1,1
Ridge,2026-06-15,B,2,600067_2026-06-15,600067,0.0032528903575372,0,0.028571428571428692,0.028571428571428692,1,1,1
Ridge,2026-06-15,B,3,603014_2026-06-15,603014,-0.1730779309358811,1,0.11185163720660674,0.07,1,0,0
Ridge,2026-06-16,A,1,000510_2026-06-16,000510,0.3567631388036577,0,-0.014531043593130843,-0.014531043593130843,0,0,1
Ridge,2026-06-16,A,2,601958_2026-06-16,601958,0.3081197994638951,0,0.04392857142857154,0.04392857142857154,0,0,1
Ridge,2026-06-16,A,3,001359_2026-06-16,001359,0.0722534403994221,1,0.12084136428391856,0.07,1,0,0
Ridge,2026-06-17,A,1,605198_2026-06-17,605198,0.4708910283717243,0,-0.02127659574468077,-0.02127659574468077,0,0,1
Ridge,2026-06-17,A,2,002824_2026-06-17,002824,0.1534117150851227,1,0.14494382022471908,0.07,1,0,0
Ridge,2026-06-17,A,3,600549_2026-06-17,600549,0.1079801612380807,1,0.20967741935483875,0.07,1,0,0
Ridge,2026-06-18,B,1,603186_2026-06-18,603186,0.3620767928701544,0,0.045483180042837246,0.045483180042837246,0,0,1
Ridge,2026-06-18,B,2,002741_2026-06-18,002741,0.3269052242720971,0,-0.020413122721749555,-0.020413122721749555,0,0,1
Ridge,2026-06-18,B,3,600110_2026-06-18,600110,0.218808520973129,0,-0.04445727482678985,-0.04445727482678985,0,0,1
Ridge,2026-06-22,A,1,603261_2026-06-22,603261,0.2233883916550534,1,0.19373732822707823,0.07,1,0,0
Ridge,2026-06-22,A,2,002989_2026-06-22,002989,0.2110748737433429,0,0.021419009370816422,0.021419009370816422,0,0,1
Ridge,2026-06-22,A,3,002491_2026-06-22,002491,0.2090630707873861,1,0.07111882046834328,0.07,1,0,0
Ridge,2026-06-23,A,1,000811_2026-06-23,000811,0.226258066003178,1,0.21996808753134278,0.07,1,0,0
Ridge,2026-06-23,A,2,002297_2026-06-23,002297,0.2151344240003796,1,0.13249211356466883,0.07,1,0,0
Ridge,2026-06-23,A,3,603663_2026-06-23,603663,0.1311778338241304,0,0.02941176470588225,0.02941176470588225,0,0,1
Ridge,2026-06-24,A,1,002068_2026-06-24,002068,0.2264960933554346,0,0.06471389645776582,0.06471389645776582,0,0,1
Ridge,2026-06-24,A,2,603757_2026-06-24,603757,0.2145419339771104,0,0.05169806132270027,0.05169806132270027,0,0,1
Ridge,2026-06-24,A,3,605580_2026-06-24,605580,0.1078305580438132,0,-0.006040268456375841,-0.006040268456375841,0,0,1
Ridge,2026-06-25,A,1,600909_2026-06-25,600909,0.2086542595661842,1,0.07000000000000006,0.07,1,0,0
Ridge,2026-06-25,A,2,000566_2026-06-25,000566,0.0612156495086421,0,-0.00219780219780219,-0.00219780219780219,0,0,1
Ridge,2026-06-25,A,3,605069_2026-06-25,605069,0.0299413032532328,1,0.10833333333333339,0.07,1,0,0
Ridge,2026-06-26,A,1,603989_2026-06-26,603989,0.1007626366078067,0,-0.04196428571428579,-0.04196428571428579,0,0,1
Ridge,2026-06-26,A,2,002990_2026-06-26,002990,0.0571423659271626,1,0.08638360175695481,0.07,1,0,0
Ridge,2026-06-26,A,3,600667_2026-06-26,600667,0.0536002668731388,0,0.06681034482758608,0.06681034482758608,0,0,1
Ridge,2026-06-29,A,1,600228_2026-06-29,600228,0.2740363763980548,0,-0.07931726907630532,-0.07931726907630532,0,0,1
Ridge,2026-06-29,A,2,000823_2026-06-29,000823,0.1063629870370866,1,0.09252806813782422,0.07,1,0,0
Ridge,2026-06-29,A,3,600962_2026-06-29,600962,-0.040581753676849,1,0.07510288065843618,0.07,1,0,0
Ridge,2026-06-30,B,1,603650_2026-06-30,603650,0.1204758493123159,0,0.0474406991260925,0.0474406991260925,1,1,1
Ridge,2026-06-30,B,2,601133_2026-06-30,601133,0.1015241170621612,0,-0.0627906976744187,-0.0627906976744187,0,0,1
Ridge,2026-06-30,B,3,603163_2026-06-30,603163,0.063771150385583,0,-0.028716216216216228,-0.028716216216216228,0,0,1
GBDT,2026-05-20,A,1,600850_2026-05-20,600850,0.5859804023320866,0,0.03833865814696491,0.03833865814696491,0,0,1
GBDT,2026-05-20,A,2,603206_2026-05-20,603206,0.5827640817748564,0,-0.00410888546481758,-0.00410888546481758,0,0,1
GBDT,2026-05-20,A,3,600758_2026-05-20,600758,0.5197854534199702,0,0.01680672268907557,0.01680672268907557,0,0,1
GBDT,2026-05-21,A,1,605288_2026-05-21,605288,0.5472166318997183,0,0.042279411764706065,0.042279411764706065,0,0,1
GBDT,2026-05-21,A,2,000417_2026-05-21,000417,0.4837926529626593,1,0.10102040816326507,0.07,1,0,0
GBDT,2026-05-21,A,3,603938_2026-05-21,603938,0.4220250878549448,0,-0.04166666666666674,-0.04166666666666674,0,0,1
GBDT,2026-05-22,B,1,003004_2026-05-22,003004,0.479513006865425,1,0.12680115273775217,0.07,1,0,0
GBDT,2026-05-25,B,1,002442_2026-05-25,002442,0.6563124340100286,0,0.002512562814070307,0.002512562814070307,0,0,1
GBDT,2026-05-25,B,2,600303_2026-05-25,600303,0.5118967402732943,0,0.005464480874316946,0.005464480874316946,0,0,1
GBDT,2026-05-25,B,3,600611_2026-05-25,600611,0.4661528945888235,0,-0.05942275042444811,-0.05942275042444811,0,0,1
GBDT,2026-05-26,A,1,605580_2026-05-26,605580,0.5239041185566906,1,0.12719999999999998,0.07,1,0,0
GBDT,2026-05-26,A,2,000636_2026-05-26,000636,0.5164472703967126,1,0.15809523809523807,0.07,1,0,0
GBDT,2026-05-26,A,3,603936_2026-05-26,603936,0.5140540715427027,0,0.0030864197530864335,0.0030864197530864335,0,0,1
GBDT,2026-05-27,A,1,003036_2026-05-27,003036,0.5087391535803464,1,0.24476190476190474,0.07,1,0,0
GBDT,2026-05-27,A,2,002957_2026-05-27,002957,0.4637812136002419,1,0.21284567350579842,0.07,1,0,0
GBDT,2026-05-27,A,3,002552_2026-05-27,002552,0.4519897256881557,1,0.22299651567944268,0.07,1,0,0
GBDT,2026-05-28,A,1,002771_2026-05-28,002771,0.2249772060933802,1,0.09433962264150941,0.07,1,0,0
GBDT,2026-05-28,A,2,001257_2026-05-28,001257,0.1660970067297392,0,-0.06767712372224188,-0.06767712372224188,0,0,1
GBDT,2026-05-28,A,3,000759_2026-05-28,000759,0.1632610696374233,1,0.07719298245614037,0.07,1,0,0
GBDT,2026-05-29,B,1,603989_2026-05-29,603989,0.6424241997956317,0,-0.032201914708442136,-0.032201914708442136,1,1,1
GBDT,2026-05-29,B,2,603032_2026-05-29,603032,0.3880010511234709,0,0.0023781212841853527,0.0023781212841853527,1,1,1
GBDT,2026-05-29,B,3,002579_2026-05-29,002579,0.2539744788191838,1,0.1958525345622122,0.07,1,0,0
GBDT,2026-06-01,B,1,000090_2026-06-01,000090,0.6177187767667598,0,-0.02638522427440637,-0.02638522427440637,0,0,1
GBDT,2026-06-01,B,2,600110_2026-06-01,600110,0.391485785657171,0,0.0451559934318555,0.0451559934318555,1,1,1
GBDT,2026-06-01,B,3,603324_2026-06-01,603324,0.2567400020637318,0,0.022403875264910722,0.022403875264910722,1,1,1
GBDT,2026-06-02,B,1,002608_2026-06-02,002608,0.7735186679068861,1,0.09899999999999998,0.07,1,0,0
GBDT,2026-06-02,B,2,600011_2026-06-02,600011,0.2283633720375159,0,0.02604756511891293,0.02604756511891293,1,1,1
GBDT,2026-06-03,B,1,002404_2026-06-03,002404,0.568308921477965,0,0.029931972789115635,0.029931972789115635,0,0,1
GBDT,2026-06-03,B,2,600280_2026-06-03,600280,0.3774067044695113,0,-0.01253132832080206,-0.01253132832080206,0,0,1
GBDT,2026-06-03,B,3,001210_2026-06-03,001210,0.3624443377666725,0,-0.24455753463387053,-0.24455753463387053,0,0,1
GBDT,2026-06-04,C,1,600121_2026-06-04,600121,0.6162306497055898,0,-0.007092198581560294,-0.007092198581560294,0,0,1
GBDT,2026-06-04,C,2,603311_2026-06-04,603311,0.4070221592932598,0,0.02779234399580499,0.02779234399580499,1,1,1
GBDT,2026-06-04,C,3,000700_2026-06-04,000700,0.3979458336842019,0,-0.06513409961685834,-0.06513409961685834,0,0,1
GBDT,2026-06-05,B,1,001896_2026-06-05,001896,0.5136341956742213,1,0.08505284348263698,0.07,1,0,0
GBDT,2026-06-05,B,2,600688_2026-06-05,600688,0.4380487267712795,0,0.0030211480362536403,0.0030211480362536403,0,0,1
GBDT,2026-06-05,B,3,605162_2026-06-05,605162,0.3754956807793251,0,-0.044991511035653575,-0.044991511035653575,0,0,1
GBDT,2026-06-08,C,1,000520_2026-06-08,000520,0.5389054208600511,0,-0.010940919037199293,-0.010940919037199293,1,1,1
GBDT,2026-06-08,C,2,003036_2026-06-08,003036,0.37161478220908,0,0.06819338422391863,0.06819338422391863,1,1,1
GBDT,2026-06-08,C,3,600293_2026-06-08,600293,0.3716072622203649,0,-0.01728395061728394,-0.01728395061728394,1,1,1
GBDT,2026-06-09,B,1,603500_2026-06-09,603500,0.6582283464134099,1,0.09362706530291098,0.07,1,0,0
GBDT,2026-06-09,B,2,003009_2026-06-09,003009,0.5837055325573535,0,-0.013100436681222738,-0.013100436681222738,0,0,1
GBDT,2026-06-09,B,3,000517_2026-06-09,000517,0.5437140955985447,0,0.014778325123152802,0.014778325123152802,0,0,1
GBDT,2026-06-10,A,1,603616_2026-06-10,603616,0.5259988089618252,0,0.016058394160584077,0.016058394160584077,0,0,1
GBDT,2026-06-10,A,2,603929_2026-06-10,603929,0.4865349085402322,1,0.08505403743080575,0.07,1,0,0
GBDT,2026-06-10,A,3,002254_2026-06-10,002254,0.3474319062071397,1,0.07541738629821526,0.07,1,0,0
GBDT,2026-06-11,B,1,002636_2026-06-11,002636,0.6749844910370185,1,0.08900988998777648,0.07,1,0,0
GBDT,2026-06-11,B,2,605318_2026-06-11,605318,0.6475556159854164,0,0.0456747404844291,0.0456747404844291,0,0,1
GBDT,2026-06-11,B,3,603065_2026-06-11,603065,0.5565157598332969,0,0.028676470588235414,0.028676470588235414,0,0,1
GBDT,2026-06-12,A,1,600378_2026-06-12,600378,0.4805746870849579,1,0.07845884413309978,0.07,1,0,0
GBDT,2026-06-12,A,2,000048_2026-06-12,000048,0.4264691879663747,0,-0.021505376344086113,-0.021505376344086113,0,0,1
GBDT,2026-06-12,A,3,603155_2026-06-12,603155,0.4214799998808091,1,0.0879629629629628,0.07,1,0,0
GBDT,2026-06-15,B,1,002203_2026-06-15,002203,0.3264469654175115,0,0.036250000000000115,0.036250000000000115,1,1,1
GBDT,2026-06-15,B,2,600067_2026-06-15,600067,0.2775235493389309,0,0.028571428571428692,0.028571428571428692,1,1,1
GBDT,2026-06-15,B,3,603014_2026-06-15,603014,0.2389443721403653,1,0.11185163720660674,0.07,1,0,0
GBDT,2026-06-16,A,1,601696_2026-06-16,601696,0.4307615598731493,0,-0.01872659176029967,-0.01872659176029967,0,0,1
GBDT,2026-06-16,A,2,603335_2026-06-16,603335,0.3624176785641455,1,0.1119221411192215,0.07,1,0,0
GBDT,2026-06-16,A,3,603738_2026-06-16,603738,0.349093816117978,1,0.12981559247763363,0.07,1,0,0
GBDT,2026-06-17,A,1,600549_2026-06-17,600549,0.5971974556919875,1,0.20967741935483875,0.07,1,0,0
GBDT,2026-06-17,A,2,002585_2026-06-17,002585,0.5838401321660047,0,0.0378634212305613,0.0378634212305613,0,0,1
GBDT,2026-06-17,A,3,605198_2026-06-17,605198,0.5578689663194132,0,-0.02127659574468077,-0.02127659574468077,0,0,1
GBDT,2026-06-18,B,1,603773_2026-06-18,603773,0.7225352432215292,0,0.06757382744643903,0.06757382744643903,1,1,1
GBDT,2026-06-18,B,2,603002_2026-06-18,603002,0.5473940469787388,1,0.11792054099746396,0.07,1,0,0
GBDT,2026-06-18,B,3,000777_2026-06-18,000777,0.5303769481590977,0,0.014346439957491963,0.014346439957491963,0,0,1
GBDT,2026-06-22,A,1,603261_2026-06-22,603261,0.6213838658376047,1,0.19373732822707823,0.07,1,0,0
GBDT,2026-06-22,A,2,002141_2026-06-22,002141,0.5380895359504393,1,0.07462686567164178,0.07,1,0,0
GBDT,2026-06-22,A,3,002491_2026-06-22,002491,0.5190220665353326,1,0.07111882046834328,0.07,1,0,0
GBDT,2026-06-23,A,1,000811_2026-06-23,000811,0.5875939537795963,1,0.21996808753134278,0.07,1,0,0
GBDT,2026-06-23,A,2,002842_2026-06-23,002842,0.4512026648653533,1,0.08873358746293936,0.07,1,0,0
GBDT,2026-06-23,A,3,000657_2026-06-23,000657,0.3974223895658,1,0.0773082315241338,0.07,1,0,0
GBDT,2026-06-24,A,1,600400_2026-06-24,600400,0.7347988708802476,1,0.10032362459546929,0.07,1,0,0
GBDT,2026-06-24,A,2,603757_2026-06-24,603757,0.5828285979117969,0,0.05169806132270027,0.05169806132270027,0,0,1
GBDT,2026-06-24,A,3,000571_2026-06-24,000571,0.45909502892034,1,0.0796747967479674,0.07,1,0,0
GBDT,2026-06-25,A,1,600909_2026-06-25,600909,0.6492962431705062,1,0.07000000000000006,0.07,1,0,0
GBDT,2026-06-25,A,2,002687_2026-06-25,002687,0.4983626427782747,1,0.13470319634703198,0.07,1,0,0
GBDT,2026-06-25,A,3,600379_2026-06-25,600379,0.4365162445595762,0,-0.011318242343541951,-0.011318242343541951,0,0,1
GBDT,2026-06-26,A,1,603989_2026-06-26,603989,0.6088584694350757,0,-0.04196428571428579,-0.04196428571428579,0,0,1
GBDT,2026-06-26,A,2,600667_2026-06-26,600667,0.4729874877266112,0,0.06681034482758608,0.06681034482758608,0,0,1
GBDT,2026-06-26,A,3,002025_2026-06-26,002025,0.4375970756452348,1,0.07013698630136989,0.07,1,0,0
GBDT,2026-06-29,A,1,600228_2026-06-29,600228,0.6179935958407481,0,-0.07931726907630532,-0.07931726907630532,0,0,1
GBDT,2026-06-29,A,2,002141_2026-06-29,002141,0.4309101832250949,0,0.019607843137255054,0.019607843137255054,0,0,1
GBDT,2026-06-29,A,3,000823_2026-06-29,000823,0.379172730271583,1,0.09252806813782422,0.07,1,0,0
GBDT,2026-06-30,B,1,603155_2026-06-30,603155,0.408262063419759,1,0.11202872531418295,0.07,1,0,0
GBDT,2026-06-30,B,2,601133_2026-06-30,601133,0.3710335172271095,0,-0.0627906976744187,-0.0627906976744187,0,0,1
GBDT,2026-06-30,B,3,603163_2026-06-30,603163,0.3575533870810002,0,-0.028716216216216228,-0.028716216216216228,0,0,1
