event_id,signal_date,code,board_streak_before_break,board_group,d2_date,d3_date,label_available_date,target7,loss,severe_loss_5,raw_repair_return,capped_return_7
000980_2026-05-06,2026-05-06,000980,2,BOARD2,2026-05-07,2026-05-08,2026-05-08,0,0,0,0.0666666666667,0.0666666666667
002192_2026-05-06,2026-05-06,002192,2,BOARD2,2026-05-07,2026-05-08,2026-05-08,0,1,0,-0.0226659471128,-0.0226659471128
002645_2026-05-06,2026-05-06,002645,2,BOARD2,2026-05-07,2026-05-08,2026-05-08,0,0,0,0.051467784979,0.051467784979
002842_2026-05-06,2026-05-06,002842,2,BOARD2,2026-05-07,2026-05-08,2026-05-08,0,1,0,-0.0149367088608,-0.0149367088608
600714_2026-05-06,2026-05-06,600714,2,BOARD2,2026-05-07,2026-05-08,2026-05-08,1,0,0,0.0974813432836,0.07
605099_2026-05-06,2026-05-06,605099,2,BOARD2,2026-05-07,2026-05-08,2026-05-08,0,0,0,0.065124771759,0.065124771759
000402_2026-05-07,2026-05-07,000402,3,BOARD3,2026-05-08,2026-05-11,2026-05-11,0,0,0,0.018018018018,0.018018018018
000553_2026-05-07,2026-05-07,000553,2,BOARD2,2026-05-08,2026-05-11,2026-05-11,0,0,0,0,0
000783_2026-05-07,2026-05-07,000783,2,BOARD2,2026-05-08,2026-05-11,2026-05-11,1,0,0,0.0852340936375,0.07
001316_2026-05-07,2026-05-07,001316,2,BOARD2,2026-05-08,2026-05-11,2026-05-11,1,0,0,0.0725493504302,0.07
002149_2026-05-07,2026-05-07,002149,2,BOARD2,2026-05-08,2026-05-11,2026-05-11,0,0,0,0.0508381423468,0.0508381423468
002158_2026-05-07,2026-05-07,002158,2,BOARD2,2026-05-08,2026-05-11,2026-05-11,1,0,0,0.0802274162982,0.07
002181_2026-05-07,2026-05-07,002181,2,BOARD2,2026-05-08,2026-05-11,2026-05-11,0,0,0,0.0322580645161,0.0322580645161
002453_2026-05-07,2026-05-07,002453,2,BOARD2,2026-05-08,2026-05-11,2026-05-11,1,0,0,0.0826446280992,0.07
002640_2026-05-07,2026-05-07,002640,2,BOARD2,2026-05-08,2026-05-11,2026-05-11,1,0,0,0.123762376238,0.07
002805_2026-05-07,2026-05-07,002805,3,BOARD3,2026-05-08,2026-05-11,2026-05-11,0,0,0,0.0415657788539,0.0415657788539
002989_2026-05-07,2026-05-07,002989,2,BOARD2,2026-05-08,2026-05-11,2026-05-11,0,0,0,0.0650887573964,0.0650887573964
603937_2026-05-07,2026-05-07,603937,3,BOARD3,2026-05-08,2026-05-11,2026-05-11,1,0,0,0.102715466352,0.07
000066_2026-05-08,2026-05-08,000066,3,BOARD3,2026-05-11,2026-05-12,2026-05-12,0,0,0,0.0497553017945,0.0497553017945
000818_2026-05-08,2026-05-08,000818,2,BOARD2,2026-05-11,2026-05-12,2026-05-12,0,1,0,-0.0189291508924,-0.0189291508924
000889_2026-05-08,2026-05-08,000889,2,BOARD2,2026-05-11,2026-05-12,2026-05-12,0,1,0,-0.0018315018315,-0.0018315018315
000967_2026-05-08,2026-05-08,000967,2,BOARD2,2026-05-11,2026-05-12,2026-05-12,0,1,0,-0.0251572327044,-0.0251572327044
002217_2026-05-08,2026-05-08,002217,2,BOARD2,2026-05-11,2026-05-12,2026-05-12,0,0,0,0.0224719101124,0.0224719101124
002903_2026-05-08,2026-05-08,002903,2,BOARD2,2026-05-11,2026-05-12,2026-05-12,1,0,0,0.097699890471,0.07
003041_2026-05-08,2026-05-08,003041,2,BOARD2,2026-05-11,2026-05-12,2026-05-12,1,0,0,0.105230386052,0.07
600396_2026-05-08,2026-05-08,600396,2,BOARD2,2026-05-11,2026-05-12,2026-05-12,1,0,0,0.187845303867,0.07
600673_2026-05-08,2026-05-08,600673,2,BOARD2,2026-05-11,2026-05-12,2026-05-12,0,1,0,-0.0276394422311,-0.0276394422311
600719_2026-05-08,2026-05-08,600719,2,BOARD2,2026-05-11,2026-05-12,2026-05-12,1,0,0,0.172185430464,0.07
603158_2026-05-08,2026-05-08,603158,2,BOARD2,2026-05-11,2026-05-12,2026-05-12,0,1,0,-0.00126502213789,-0.00126502213789
603256_2026-05-08,2026-05-08,603256,2,BOARD2,2026-05-11,2026-05-12,2026-05-12,0,0,0,0.0207530588792,0.0207530588792
603316_2026-05-08,2026-05-08,603316,2,BOARD2,2026-05-11,2026-05-12,2026-05-12,0,1,0,-0.0342396777442,-0.0342396777442
000720_2026-05-11,2026-05-11,000720,2,BOARD2,2026-05-12,2026-05-13,2026-05-13,1,0,0,0.115864527629,0.07
002031_2026-05-11,2026-05-11,002031,2,BOARD2,2026-05-12,2026-05-13,2026-05-13,0,0,0,0.0444444444444,0.0444444444444
002317_2026-05-11,2026-05-11,002317,2,BOARD2,2026-05-12,2026-05-13,2026-05-13,0,1,0,-0.00583482944345,-0.00583482944345
002655_2026-05-11,2026-05-11,002655,2,BOARD2,2026-05-12,2026-05-13,2026-05-13,0,0,0,0.00264200792602,0.00264200792602
002929_2026-05-11,2026-05-11,002929,2,BOARD2,2026-05-12,2026-05-13,2026-05-13,1,0,0,0.134108527132,0.07
002930_2026-05-11,2026-05-11,002930,2,BOARD2,2026-05-12,2026-05-13,2026-05-13,0,0,0,0.0387692307692,0.0387692307692
600130_2026-05-11,2026-05-11,600130,3,BOARD3,2026-05-12,2026-05-13,2026-05-13,0,0,0,0.0622009569378,0.0622009569378
600936_2026-05-11,2026-05-11,600936,2,BOARD2,2026-05-12,2026-05-13,2026-05-13,1,0,0,0.078431372549,0.07
603278_2026-05-11,2026-05-11,603278,3,BOARD3,2026-05-12,2026-05-13,2026-05-13,1,0,0,0.0812080536913,0.07
603618_2026-05-11,2026-05-11,603618,3,BOARD3,2026-05-12,2026-05-13,2026-05-13,1,0,0,0.0997333333333,0.07
603636_2026-05-11,2026-05-11,603636,2,BOARD2,2026-05-12,2026-05-13,2026-05-13,1,0,0,0.0736363636364,0.07
002030_2026-05-12,2026-05-12,002030,2,BOARD2,2026-05-13,2026-05-14,2026-05-14,0,0,0,0.00294985250737,0.00294985250737
002281_2026-05-12,2026-05-12,002281,2,BOARD2,2026-05-13,2026-05-14,2026-05-14,1,0,0,0.0856588949543,0.07
002865_2026-05-12,2026-05-12,002865,2,BOARD2,2026-05-13,2026-05-14,2026-05-14,1,0,0,0.0740776699029,0.07
600078_2026-05-12,2026-05-12,600078,2,BOARD2,2026-05-13,2026-05-14,2026-05-14,0,0,0,0.018954248366,0.018954248366
600234_2026-05-12,2026-05-12,600234,2,BOARD2,2026-05-13,2026-05-14,2026-05-14,0,0,0,0.00400935516204,0.00400935516204
600545_2026-05-12,2026-05-12,600545,2,BOARD2,2026-05-13,2026-05-14,2026-05-14,1,0,0,0.104575163399,0.07
600748_2026-05-12,2026-05-12,600748,2,BOARD2,2026-05-13,2026-05-14,2026-05-14,0,0,0,0.00683760683761,0.00683760683761
603459_2026-05-12,2026-05-12,603459,3,BOARD3,2026-05-13,2026-05-14,2026-05-14,0,0,0,0.0457010069713,0.0457010069713
603738_2026-05-12,2026-05-12,603738,3,BOARD3,2026-05-13,2026-05-14,2026-05-14,1,0,0,0.0746436609152,0.07
605006_2026-05-12,2026-05-12,605006,3,BOARD3,2026-05-13,2026-05-14,2026-05-14,0,0,0,0.00727713765919,0.00727713765919
605189_2026-05-12,2026-05-12,605189,2,BOARD2,2026-05-13,2026-05-14,2026-05-14,0,0,0,0.0310526315789,0.0310526315789
000029_2026-05-13,2026-05-13,000029,2,BOARD2,2026-05-14,2026-05-15,2026-05-15,1,0,0,0.126739375705,0.07
000672_2026-05-13,2026-05-13,000672,2,BOARD2,2026-05-14,2026-05-15,2026-05-15,0,0,0,0.0344626168224,0.0344626168224
001211_2026-05-13,2026-05-13,001211,2,BOARD2,2026-05-14,2026-05-15,2026-05-15,1,0,0,0.143516737207,0.07
600076_2026-05-13,2026-05-13,600076,3,BOARD3,2026-05-14,2026-05-15,2026-05-15,0,0,0,0.0564705882353,0.0564705882353
600488_2026-05-13,2026-05-13,600488,2,BOARD2,2026-05-14,2026-05-15,2026-05-15,0,0,0,0.0198300283286,0.0198300283286
600683_2026-05-13,2026-05-13,600683,3,BOARD3,2026-05-14,2026-05-15,2026-05-15,0,1,0,-0.047619047619,-0.047619047619
600869_2026-05-13,2026-05-13,600869,2,BOARD2,2026-05-14,2026-05-15,2026-05-15,0,1,0,-0.00606060606061,-0.00606060606061
603061_2026-05-13,2026-05-13,603061,2,BOARD2,2026-05-14,2026-05-15,2026-05-15,0,1,0,-0.0068588808541,-0.0068588808541
603269_2026-05-13,2026-05-13,603269,2,BOARD2,2026-05-14,2026-05-15,2026-05-15,0,0,0,0.0516252390057,0.0516252390057
000601_2026-05-14,2026-05-14,000601,2,BOARD2,2026-05-15,2026-05-18,2026-05-18,0,1,0,-0.0171358629131,-0.0171358629131
000767_2026-05-14,2026-05-14,000767,2,BOARD2,2026-05-15,2026-05-18,2026-05-18,1,0,0,0.0957446808511,0.07
000925_2026-05-14,2026-05-14,000925,2,BOARD2,2026-05-15,2026-05-18,2026-05-18,0,1,0,-0.0422680412371,-0.0422680412371
002498_2026-05-14,2026-05-14,002498,2,BOARD2,2026-05-15,2026-05-18,2026-05-18,0,1,0,-0.0415057915058,-0.0415057915058
600172_2026-05-14,2026-05-14,600172,3,BOARD3,2026-05-15,2026-05-18,2026-05-18,0,0,0,0.0336496980155,0.0336496980155
600396_2026-05-14,2026-05-14,600396,3,BOARD3,2026-05-15,2026-05-18,2026-05-18,1,0,0,0.0854430379747,0.07
603070_2026-05-14,2026-05-14,603070,2,BOARD2,2026-05-15,2026-05-18,2026-05-18,0,0,0,0.0683229813665,0.0683229813665
603203_2026-05-14,2026-05-14,603203,2,BOARD2,2026-05-15,2026-05-18,2026-05-18,0,1,0,-0.00526071483831,-0.00526071483831
001210_2026-05-15,2026-05-15,001210,2,BOARD2,2026-05-18,2026-05-19,2026-05-19,0,0,0,0.0627177700348,0.0627177700348
001223_2026-05-15,2026-05-15,001223,2,BOARD2,2026-05-18,2026-05-19,2026-05-19,0,1,0,-0.0146305779078,-0.0146305779078
002208_2026-05-15,2026-05-15,002208,3,BOARD3,2026-05-18,2026-05-19,2026-05-19,1,0,0,0.0998248686515,0.07
002782_2026-05-15,2026-05-15,002782,2,BOARD2,2026-05-18,2026-05-19,2026-05-19,1,0,0,0.0849390483681,0.07
002940_2026-05-15,2026-05-15,002940,2,BOARD2,2026-05-18,2026-05-19,2026-05-19,0,0,0,0.0470054879504,0.0470054879504
600156_2026-05-15,2026-05-15,600156,2,BOARD2,2026-05-18,2026-05-19,2026-05-19,1,0,0,0.0793650793651,0.07
600857_2026-05-15,2026-05-15,600857,2,BOARD2,2026-05-18,2026-05-19,2026-05-19,1,0,0,0.125475285171,0.07
600903_2026-05-15,2026-05-15,600903,2,BOARD2,2026-05-18,2026-05-19,2026-05-19,1,0,0,0.271653543307,0.07
603007_2026-05-15,2026-05-15,603007,3,BOARD3,2026-05-18,2026-05-19,2026-05-19,0,0,0,0.0202140309156,0.0202140309156
603052_2026-05-15,2026-05-15,603052,3,BOARD3,2026-05-18,2026-05-19,2026-05-19,0,1,0,-0.0315454545455,-0.0315454545455
603093_2026-05-15,2026-05-15,603093,2,BOARD2,2026-05-18,2026-05-19,2026-05-19,1,0,0,0.0962138084633,0.07
002971_2026-05-18,2026-05-18,002971,2,BOARD2,2026-05-19,2026-05-20,2026-05-20,0,0,0,0.046664909043,0.046664909043
002374_2026-05-19,2026-05-19,002374,2,BOARD2,2026-05-20,2026-05-21,2026-05-21,0,0,0,0.0236842105263,0.0236842105263
003018_2026-05-19,2026-05-19,003018,3,BOARD3,2026-05-20,2026-05-21,2026-05-21,1,0,0,0.0713531452708,0.07
601133_2026-05-19,2026-05-19,601133,2,BOARD2,2026-05-20,2026-05-21,2026-05-21,1,0,0,0.190651085142,0.07
601678_2026-05-19,2026-05-19,601678,2,BOARD2,2026-05-20,2026-05-21,2026-05-21,0,0,0,0.0402576489533,0.0402576489533
002208_2026-05-20,2026-05-20,002208,2,BOARD2,2026-05-21,2026-05-22,2026-05-22,0,1,1,-0.0725490196078,-0.0725490196078
002552_2026-05-20,2026-05-20,002552,2,BOARD2,2026-05-21,2026-05-22,2026-05-22,1,0,0,0.0844226579521,0.07
600758_2026-05-20,2026-05-20,600758,2,BOARD2,2026-05-21,2026-05-22,2026-05-22,0,0,0,0.0168067226891,0.0168067226891
600850_2026-05-20,2026-05-20,600850,2,BOARD2,2026-05-21,2026-05-22,2026-05-22,0,0,0,0.038338658147,0.038338658147
600903_2026-05-20,2026-05-20,600903,2,BOARD2,2026-05-21,2026-05-22,2026-05-22,1,0,0,0.145317545748,0.07
603115_2026-05-20,2026-05-20,603115,2,BOARD2,2026-05-21,2026-05-22,2026-05-22,1,0,0,0.205409887035,0.07
603206_2026-05-20,2026-05-20,603206,2,BOARD2,2026-05-21,2026-05-22,2026-05-22,0,1,0,-0.00410888546482,-0.00410888546482
603311_2026-05-20,2026-05-20,603311,3,BOARD3,2026-05-21,2026-05-22,2026-05-22,1,0,0,0.172352523099,0.07
603989_2026-05-20,2026-05-20,603989,2,BOARD2,2026-05-21,2026-05-22,2026-05-22,1,0,0,0.11015625,0.07
605218_2026-05-20,2026-05-20,605218,2,BOARD2,2026-05-21,2026-05-22,2026-05-22,0,1,0,-0.0201499531396,-0.0201499531396
000417_2026-05-21,2026-05-21,000417,3,BOARD3,2026-05-22,2026-05-25,2026-05-25,1,0,0,0.101020408163,0.07
002272_2026-05-21,2026-05-21,002272,3,BOARD3,2026-05-22,2026-05-25,2026-05-25,1,0,0,0.0904325032765,0.07
002782_2026-05-21,2026-05-21,002782,2,BOARD2,2026-05-22,2026-05-25,2026-05-25,0,0,0,0.039652173913,0.039652173913
600563_2026-05-21,2026-05-21,600563,2,BOARD2,2026-05-22,2026-05-25,2026-05-25,1,0,0,0.103625,0.07
603938_2026-05-21,2026-05-21,603938,3,BOARD3,2026-05-22,2026-05-25,2026-05-25,0,1,0,-0.0416666666667,-0.0416666666667
605288_2026-05-21,2026-05-21,605288,2,BOARD2,2026-05-22,2026-05-25,2026-05-25,0,0,0,0.0422794117647,0.0422794117647
003004_2026-05-22,2026-05-22,003004,2,BOARD2,2026-05-25,2026-05-26,2026-05-26,1,0,0,0.126801152738,0.07
000012_2026-05-25,2026-05-25,000012,2,BOARD2,2026-05-26,2026-05-27,2026-05-27,0,0,0,0.0617848970252,0.0617848970252
000725_2026-05-25,2026-05-25,000725,2,BOARD2,2026-05-26,2026-05-27,2026-05-27,1,0,0,0.166666666667,0.07
001225_2026-05-25,2026-05-25,001225,2,BOARD2,2026-05-26,2026-05-27,2026-05-27,0,0,0,0.0492430833478,0.0492430833478
002036_2026-05-25,2026-05-25,002036,2,BOARD2,2026-05-26,2026-05-27,2026-05-27,0,0,0,0.0373563218391,0.0373563218391
002442_2026-05-25,2026-05-25,002442,3,BOARD3,2026-05-26,2026-05-27,2026-05-27,0,0,0,0.00251256281407,0.00251256281407
002931_2026-05-25,2026-05-25,002931,2,BOARD2,2026-05-26,2026-05-27,2026-05-27,0,0,0,0.0478995504573,0.0478995504573
600303_2026-05-25,2026-05-25,600303,2,BOARD2,2026-05-26,2026-05-27,2026-05-27,0,0,0,0.00546448087432,0.00546448087432
600611_2026-05-25,2026-05-25,600611,3,BOARD3,2026-05-26,2026-05-27,2026-05-27,0,1,1,-0.0594227504244,-0.0594227504244
000636_2026-05-26,2026-05-26,000636,2,BOARD2,2026-05-27,2026-05-28,2026-05-28,1,0,0,0.158095238095,0.07
002421_2026-05-26,2026-05-26,002421,2,BOARD2,2026-05-27,2026-05-28,2026-05-28,0,0,0,0.0553191489362,0.0553191489362
002432_2026-05-26,2026-05-26,002432,2,BOARD2,2026-05-27,2026-05-28,2026-05-28,0,1,1,-0.0606593406593,-0.0606593406593
002741_2026-05-26,2026-05-26,002741,2,BOARD2,2026-05-27,2026-05-28,2026-05-28,1,0,0,0.120460266091,0.07
002897_2026-05-26,2026-05-26,002897,2,BOARD2,2026-05-27,2026-05-28,2026-05-28,0,0,0,0.0274577102231,0.0274577102231
002938_2026-05-26,2026-05-26,002938,2,BOARD2,2026-05-27,2026-05-28,2026-05-28,0,1,0,-0.0224137931034,-0.0224137931034
002975_2026-05-26,2026-05-26,002975,2,BOARD2,2026-05-27,2026-05-28,2026-05-28,0,0,0,0.0652070442646,0.0652070442646
002980_2026-05-26,2026-05-26,002980,2,BOARD2,2026-05-27,2026-05-28,2026-05-28,0,0,0,0.0574722997928,0.0574722997928
600186_2026-05-26,2026-05-26,600186,2,BOARD2,2026-05-27,2026-05-28,2026-05-28,0,1,1,-0.12433661865,-0.12433661865
600234_2026-05-26,2026-05-26,600234,2,BOARD2,2026-05-27,2026-05-28,2026-05-28,0,1,1,-0.0880968392737,-0.0880968392737
600503_2026-05-26,2026-05-26,600503,2,BOARD2,2026-05-27,2026-05-28,2026-05-28,0,0,0,0.0321428571429,0.0321428571429
600539_2026-05-26,2026-05-26,600539,2,BOARD2,2026-05-27,2026-05-28,2026-05-28,0,0,0,0.0260869565217,0.0260869565217
603001_2026-05-26,2026-05-26,603001,2,BOARD2,2026-05-27,2026-05-28,2026-05-28,0,0,0,0.000943396226415,0.000943396226415
603256_2026-05-26,2026-05-26,603256,2,BOARD2,2026-05-27,2026-05-28,2026-05-28,1,0,0,0.0785286103542,0.07
603661_2026-05-26,2026-05-26,603661,3,BOARD3,2026-05-27,2026-05-28,2026-05-28,0,1,0,-0.00778097982709,-0.00778097982709
603663_2026-05-26,2026-05-26,603663,2,BOARD2,2026-05-27,2026-05-28,2026-05-28,1,0,0,0.123469387755,0.07
603936_2026-05-26,2026-05-26,603936,2,BOARD2,2026-05-27,2026-05-28,2026-05-28,0,0,0,0.00308641975309,0.00308641975309
605580_2026-05-26,2026-05-26,605580,2,BOARD2,2026-05-27,2026-05-28,2026-05-28,1,0,0,0.1272,0.07
000510_2026-05-27,2026-05-27,000510,3,BOARD3,2026-05-28,2026-05-29,2026-05-29,0,0,0,0.00334821428571,0.00334821428571
002185_2026-05-27,2026-05-27,002185,2,BOARD2,2026-05-28,2026-05-29,2026-05-29,0,0,0,0.0669975186104,0.0669975186104
002388_2026-05-27,2026-05-27,002388,2,BOARD2,2026-05-28,2026-05-29,2026-05-29,0,0,0,0.0187074829932,0.0187074829932
002552_2026-05-27,2026-05-27,002552,3,BOARD3,2026-05-28,2026-05-29,2026-05-29,1,0,0,0.222996515679,0.07
002585_2026-05-27,2026-05-27,002585,3,BOARD3,2026-05-28,2026-05-29,2026-05-29,1,0,0,0.0986590038314,0.07
002957_2026-05-27,2026-05-27,002957,2,BOARD2,2026-05-28,2026-05-29,2026-05-29,1,0,0,0.212845673506,0.07
003036_2026-05-27,2026-05-27,003036,2,BOARD2,2026-05-28,2026-05-29,2026-05-29,1,0,0,0.244761904762,0.07
600172_2026-05-27,2026-05-27,600172,3,BOARD3,2026-05-28,2026-05-29,2026-05-29,1,0,0,0.21482602118,0.07
600520_2026-05-27,2026-05-27,600520,2,BOARD2,2026-05-28,2026-05-29,2026-05-29,0,0,0,0.0330961954841,0.0330961954841
600584_2026-05-27,2026-05-27,600584,2,BOARD2,2026-05-28,2026-05-29,2026-05-29,1,0,0,0.0814359715697,0.07
000759_2026-05-28,2026-05-28,000759,2,BOARD2,2026-05-29,2026-06-01,2026-06-01,1,0,0,0.0771929824561,0.07
001257_2026-05-28,2026-05-28,001257,2,BOARD2,2026-05-29,2026-06-01,2026-06-01,0,1,1,-0.0676771237222,-0.0676771237222
002251_2026-05-28,2026-05-28,002251,2,BOARD2,2026-05-29,2026-06-01,2026-06-01,1,0,0,0.168539325843,0.07
002771_2026-05-28,2026-05-28,002771,2,BOARD2,2026-05-29,2026-06-01,2026-06-01,1,0,0,0.0943396226415,0.07
002579_2026-05-29,2026-05-29,002579,3,BOARD3,2026-06-01,2026-06-02,2026-06-02,1,0,0,0.195852534562,0.07
603032_2026-05-29,2026-05-29,603032,2,BOARD2,2026-06-01,2026-06-02,2026-06-02,0,0,0,0.00237812128419,0.00237812128419
603989_2026-05-29,2026-05-29,603989,2,BOARD2,2026-06-01,2026-06-02,2026-06-02,0,1,0,-0.0322019147084,-0.0322019147084
000090_2026-06-01,2026-06-01,000090,2,BOARD2,2026-06-02,2026-06-03,2026-06-03,0,1,0,-0.0263852242744,-0.0263852242744
002806_2026-06-01,2026-06-01,002806,2,BOARD2,2026-06-02,2026-06-03,2026-06-03,1,0,0,0.149321266968,0.07
600110_2026-06-01,2026-06-01,600110,2,BOARD2,2026-06-02,2026-06-03,2026-06-03,0,0,0,0.0451559934319,0.0451559934319
603324_2026-06-01,2026-06-01,603324,2,BOARD2,2026-06-02,2026-06-03,2026-06-03,0,0,0,0.0224038752649,0.0224038752649
002608_2026-06-02,2026-06-02,002608,2,BOARD2,2026-06-03,2026-06-04,2026-06-04,1,0,0,0.099,0.07
600011_2026-06-02,2026-06-02,600011,2,BOARD2,2026-06-03,2026-06-04,2026-06-04,0,0,0,0.0260475651189,0.0260475651189
000055_2026-06-03,2026-06-03,000055,2,BOARD2,2026-06-04,2026-06-05,2026-06-05,0,0,0,0,0
001210_2026-06-03,2026-06-03,001210,2,BOARD2,2026-06-04,2026-06-05,2026-06-05,0,1,1,-0.244557534634,-0.244557534634
002404_2026-06-03,2026-06-03,002404,2,BOARD2,2026-06-04,2026-06-05,2026-06-05,0,0,0,0.0299319727891,0.0299319727891
002421_2026-06-03,2026-06-03,002421,2,BOARD2,2026-06-04,2026-06-05,2026-06-05,0,0,0,0.0698151950719,0.0698151950719
002579_2026-06-03,2026-06-03,002579,2,BOARD2,2026-06-04,2026-06-05,2026-06-05,0,0,0,0.0540254237288,0.0540254237288
600280_2026-06-03,2026-06-03,600280,3,BOARD3,2026-06-04,2026-06-05,2026-06-05,0,1,0,-0.0125313283208,-0.0125313283208
603045_2026-06-03,2026-06-03,603045,2,BOARD2,2026-06-04,2026-06-05,2026-06-05,1,0,0,0.154815115807,0.07
000700_2026-06-04,2026-06-04,000700,2,BOARD2,2026-06-05,2026-06-08,2026-06-08,0,1,1,-0.0651340996169,-0.0651340996169
002137_2026-06-04,2026-06-04,002137,2,BOARD2,2026-06-05,2026-06-08,2026-06-08,0,0,0,0.0068359375,0.0068359375
600121_2026-06-04,2026-06-04,600121,3,BOARD3,2026-06-05,2026-06-08,2026-06-08,0,1,0,-0.00709219858156,-0.00709219858156
600487_2026-06-04,2026-06-04,600487,2,BOARD2,2026-06-05,2026-06-08,2026-06-08,0,0,0,0.0659375,0.0659375
600936_2026-06-04,2026-06-04,600936,2,BOARD2,2026-06-05,2026-06-08,2026-06-08,0,1,0,-0.0455284552846,-0.0455284552846
603311_2026-06-04,2026-06-04,603311,2,BOARD2,2026-06-05,2026-06-08,2026-06-08,0,0,0,0.0277923439958,0.0277923439958
001896_2026-06-05,2026-06-05,001896,2,BOARD2,2026-06-08,2026-06-09,2026-06-09,1,0,0,0.0850528434826,0.07
002787_2026-06-05,2026-06-05,002787,2,BOARD2,2026-06-08,2026-06-09,2026-06-09,0,0,0,0.0670498084291,0.0670498084291
600255_2026-06-05,2026-06-05,600255,3,BOARD3,2026-06-08,2026-06-09,2026-06-09,1,0,0,0.0896551724138,0.07
600439_2026-06-05,2026-06-05,600439,2,BOARD2,2026-06-08,2026-06-09,2026-06-09,0,1,0,-0.0113636363636,-0.0113636363636
600688_2026-06-05,2026-06-05,600688,2,BOARD2,2026-06-08,2026-06-09,2026-06-09,0,0,0,0.00302114803625,0.00302114803625
605162_2026-06-05,2026-06-05,605162,2,BOARD2,2026-06-08,2026-06-09,2026-06-09,0,1,0,-0.0449915110357,-0.0449915110357
000520_2026-06-08,2026-06-08,000520,2,BOARD2,2026-06-09,2026-06-10,2026-06-10,0,1,0,-0.0109409190372,-0.0109409190372
003036_2026-06-08,2026-06-08,003036,2,BOARD2,2026-06-09,2026-06-10,2026-06-10,0,0,0,0.0681933842239,0.0681933842239
600293_2026-06-08,2026-06-08,600293,2,BOARD2,2026-06-09,2026-06-10,2026-06-10,0,1,0,-0.0172839506173,-0.0172839506173
000068_2026-06-09,2026-06-09,000068,2,BOARD2,2026-06-10,2026-06-11,2026-06-11,0,1,1,-0.0503978779841,-0.0503978779841
000517_2026-06-09,2026-06-09,000517,2,BOARD2,2026-06-10,2026-06-11,2026-06-11,0,0,0,0.0147783251232,0.0147783251232
000759_2026-06-09,2026-06-09,000759,2,BOARD2,2026-06-10,2026-06-11,2026-06-11,0,0,0,0.00649350649351,0.00649350649351
002361_2026-06-09,2026-06-09,002361,2,BOARD2,2026-06-10,2026-06-11,2026-06-11,0,0,0,0.047323943662,0.047323943662
002421_2026-06-09,2026-06-09,002421,2,BOARD2,2026-06-10,2026-06-11,2026-06-11,0,1,1,-0.142105263158,-0.142105263158
002613_2026-06-09,2026-06-09,002613,2,BOARD2,2026-06-10,2026-06-11,2026-06-11,0,1,0,-0.013698630137,-0.013698630137
003009_2026-06-09,2026-06-09,003009,2,BOARD2,2026-06-10,2026-06-11,2026-06-11,0,1,0,-0.0131004366812,-0.0131004366812
603500_2026-06-09,2026-06-09,603500,3,BOARD3,2026-06-10,2026-06-11,2026-06-11,1,0,0,0.0936270653029,0.07
603859_2026-06-09,2026-06-09,603859,2,BOARD2,2026-06-10,2026-06-11,2026-06-11,0,0,0,0.0640412922959,0.0640412922959
001696_2026-06-10,2026-06-10,001696,2,BOARD2,2026-06-11,2026-06-12,2026-06-12,1,0,0,0.202105263158,0.07
002254_2026-06-10,2026-06-10,002254,3,BOARD3,2026-06-11,2026-06-12,2026-06-12,1,0,0,0.0754173862982,0.07
002362_2026-06-10,2026-06-10,002362,2,BOARD2,2026-06-11,2026-06-12,2026-06-12,0,1,0,-0.0082219938335,-0.0082219938335
002747_2026-06-10,2026-06-10,002747,2,BOARD2,2026-06-11,2026-06-12,2026-06-12,0,0,0,0.0194285714286,0.0194285714286
603186_2026-06-10,2026-06-10,603186,2,BOARD2,2026-06-11,2026-06-12,2026-06-12,1,0,0,0.12896813445,0.07
603616_2026-06-10,2026-06-10,603616,2,BOARD2,2026-06-11,2026-06-12,2026-06-12,0,0,0,0.0160583941606,0.0160583941606
603929_2026-06-10,2026-06-10,603929,2,BOARD2,2026-06-11,2026-06-12,2026-06-12,1,0,0,0.0850540374308,0.07
000029_2026-06-11,2026-06-11,000029,2,BOARD2,2026-06-12,2026-06-15,2026-06-15,0,0,0,0.0117970900511,0.0117970900511
002585_2026-06-11,2026-06-11,002585,2,BOARD2,2026-06-12,2026-06-15,2026-06-15,0,0,0,0.0257648953301,0.0257648953301
002636_2026-06-11,2026-06-11,002636,3,BOARD3,2026-06-12,2026-06-15,2026-06-15,1,0,0,0.0890098899878,0.07
002669_2026-06-11,2026-06-11,002669,2,BOARD2,2026-06-12,2026-06-15,2026-06-15,0,1,0,-0.00120481927711,-0.00120481927711
003026_2026-06-11,2026-06-11,003026,2,BOARD2,2026-06-12,2026-06-15,2026-06-15,0,1,0,-0.0459548706659,-0.0459548706659
603002_2026-06-11,2026-06-11,603002,2,BOARD2,2026-06-12,2026-06-15,2026-06-15,0,0,0,0.0673719376392,0.0673719376392
603065_2026-06-11,2026-06-11,603065,2,BOARD2,2026-06-12,2026-06-15,2026-06-15,0,0,0,0.0286764705882,0.0286764705882
605006_2026-06-11,2026-06-11,605006,2,BOARD2,2026-06-12,2026-06-15,2026-06-15,0,0,0,0.012037037037,0.012037037037
605318_2026-06-11,2026-06-11,605318,2,BOARD2,2026-06-12,2026-06-15,2026-06-15,0,0,0,0.0456747404844,0.0456747404844
605589_2026-06-11,2026-06-11,605589,2,BOARD2,2026-06-12,2026-06-15,2026-06-15,1,0,0,0.0872881355932,0.07
000048_2026-06-12,2026-06-12,000048,3,BOARD3,2026-06-15,2026-06-16,2026-06-16,0,1,0,-0.0215053763441,-0.0215053763441
002119_2026-06-12,2026-06-12,002119,2,BOARD2,2026-06-15,2026-06-16,2026-06-16,0,0,0,0.0543580131209,0.0543580131209
002165_2026-06-12,2026-06-12,002165,2,BOARD2,2026-06-15,2026-06-16,2026-06-16,1,0,0,0.0732356857523,0.07
002409_2026-06-12,2026-06-12,002409,2,BOARD2,2026-06-15,2026-06-16,2026-06-16,1,0,0,0.0771077107711,0.07
600178_2026-06-12,2026-06-12,600178,2,BOARD2,2026-06-15,2026-06-16,2026-06-16,0,1,0,-0.00398803589232,-0.00398803589232
600378_2026-06-12,2026-06-12,600378,2,BOARD2,2026-06-15,2026-06-16,2026-06-16,1,0,0,0.0784588441331,0.07
600665_2026-06-12,2026-06-12,600665,2,BOARD2,2026-06-15,2026-06-16,2026-06-16,0,0,0,0.012987012987,0.012987012987
603155_2026-06-12,2026-06-12,603155,2,BOARD2,2026-06-15,2026-06-16,2026-06-16,1,0,0,0.087962962963,0.07
002203_2026-06-15,2026-06-15,002203,2,BOARD2,2026-06-16,2026-06-17,2026-06-17,0,0,0,0.03625,0.03625
600067_2026-06-15,2026-06-15,600067,2,BOARD2,2026-06-16,2026-06-17,2026-06-17,0,0,0,0.0285714285714,0.0285714285714
603014_2026-06-15,2026-06-15,603014,2,BOARD2,2026-06-16,2026-06-17,2026-06-17,1,0,0,0.111851637207,0.07
000506_2026-06-16,2026-06-16,000506,2,BOARD2,2026-06-17,2026-06-18,2026-06-18,0,1,0,-0.00130975769483,-0.00130975769483
000510_2026-06-16,2026-06-16,000510,3,BOARD3,2026-06-17,2026-06-18,2026-06-18,0,1,0,-0.0145310435931,-0.0145310435931
001359_2026-06-16,2026-06-16,001359,2,BOARD2,2026-06-17,2026-06-18,2026-06-18,1,0,0,0.120841364284,0.07
601696_2026-06-16,2026-06-16,601696,2,BOARD2,2026-06-17,2026-06-18,2026-06-18,0,1,0,-0.0187265917603,-0.0187265917603
601958_2026-06-16,2026-06-16,601958,3,BOARD3,2026-06-17,2026-06-18,2026-06-18,0,0,0,0.0439285714286,0.0439285714286
603335_2026-06-16,2026-06-16,603335,2,BOARD2,2026-06-17,2026-06-18,2026-06-18,1,0,0,0.111922141119,0.07
603738_2026-06-16,2026-06-16,603738,2,BOARD2,2026-06-17,2026-06-18,2026-06-18,1,0,0,0.129815592478,0.07
002051_2026-06-17,2026-06-17,002051,2,BOARD2,2026-06-18,2026-06-22,2026-06-22,1,0,0,0.0827974276527,0.07
002515_2026-06-17,2026-06-17,002515,2,BOARD2,2026-06-18,2026-06-22,2026-06-22,1,0,0,0.165371809101,0.07
002552_2026-06-17,2026-06-17,002552,2,BOARD2,2026-06-18,2026-06-22,2026-06-22,1,0,0,0.136402877698,0.07
002585_2026-06-17,2026-06-17,002585,2,BOARD2,2026-06-18,2026-06-22,2026-06-22,0,0,0,0.0378634212306,0.0378634212306
002806_2026-06-17,2026-06-17,002806,2,BOARD2,2026-06-18,2026-06-22,2026-06-22,0,0,0,0.0405727923628,0.0405727923628
002824_2026-06-17,2026-06-17,002824,2,BOARD2,2026-06-18,2026-06-22,2026-06-22,1,0,0,0.144943820225,0.07
002851_2026-06-17,2026-06-17,002851,2,BOARD2,2026-06-18,2026-06-22,2026-06-22,1,0,0,0.0721357850071,0.07
002990_2026-06-17,2026-06-17,002990,2,BOARD2,2026-06-18,2026-06-22,2026-06-22,1,0,0,0.0859687386405,0.07
600545_2026-06-17,2026-06-17,600545,2,BOARD2,2026-06-18,2026-06-22,2026-06-22,1,0,0,0.142857142857,0.07
600549_2026-06-17,2026-06-17,600549,2,BOARD2,2026-06-18,2026-06-22,2026-06-22,1,0,0,0.209677419355,0.07
600703_2026-06-17,2026-06-17,600703,2,BOARD2,2026-06-18,2026-06-22,2026-06-22,1,0,0,0.0892151326934,0.07
601179_2026-06-17,2026-06-17,601179,2,BOARD2,2026-06-18,2026-06-22,2026-06-22,1,0,0,0.0707908163265,0.07
603045_2026-06-17,2026-06-17,603045,2,BOARD2,2026-06-18,2026-06-22,2026-06-22,0,0,0,0.0585868150077,0.0585868150077
603256_2026-06-17,2026-06-17,603256,2,BOARD2,2026-06-18,2026-06-22,2026-06-22,1,0,0,0.12002451982,0.07
603516_2026-06-17,2026-06-17,603516,2,BOARD2,2026-06-18,2026-06-22,2026-06-22,1,0,0,0.0701068927387,0.07
605198_2026-06-17,2026-06-17,605198,3,BOARD3,2026-06-18,2026-06-22,2026-06-22,0,1,0,-0.0212765957447,-0.0212765957447
605289_2026-06-17,2026-06-17,605289,2,BOARD2,2026-06-18,2026-06-22,2026-06-22,0,0,0,0.065543071161,0.065543071161
000679_2026-06-18,2026-06-18,000679,2,BOARD2,2026-06-22,2026-06-23,2026-06-23,0,0,0,0.0197889182058,0.0197889182058
000777_2026-06-18,2026-06-18,000777,3,BOARD3,2026-06-22,2026-06-23,2026-06-23,0,0,0,0.0143464399575,0.0143464399575
002080_2026-06-18,2026-06-18,002080,3,BOARD3,2026-06-22,2026-06-23,2026-06-23,0,0,0,0.0197681513118,0.0197681513118
002484_2026-06-18,2026-06-18,002484,2,BOARD2,2026-06-22,2026-06-23,2026-06-23,0,1,1,-0.0501659904094,-0.0501659904094
002741_2026-06-18,2026-06-18,002741,3,BOARD3,2026-06-22,2026-06-23,2026-06-23,0,1,0,-0.0204131227217,-0.0204131227217
600110_2026-06-18,2026-06-18,600110,3,BOARD3,2026-06-22,2026-06-23,2026-06-23,0,1,0,-0.0444572748268,-0.0444572748268
600186_2026-06-18,2026-06-18,600186,2,BOARD2,2026-06-22,2026-06-23,2026-06-23,0,0,0,0.0350515463918,0.0350515463918
600192_2026-06-18,2026-06-18,600192,2,BOARD2,2026-06-22,2026-06-23,2026-06-23,0,0,0,0.00126742712294,0.00126742712294
600615_2026-06-18,2026-06-18,600615,2,BOARD2,2026-06-22,2026-06-23,2026-06-23,0,1,0,-0.00570342205323,-0.00570342205323
600707_2026-06-18,2026-06-18,600707,2,BOARD2,2026-06-22,2026-06-23,2026-06-23,1,0,0,0.109845402766,0.07
601636_2026-06-18,2026-06-18,601636,3,BOARD3,2026-06-22,2026-06-23,2026-06-23,0,0,0,0.0048309178744,0.0048309178744
603002_2026-06-18,2026-06-18,603002,3,BOARD3,2026-06-22,2026-06-23,2026-06-23,1,0,0,0.117920540997,0.07
603115_2026-06-18,2026-06-18,603115,3,BOARD3,2026-06-22,2026-06-23,2026-06-23,0,0,0,0.0322945682451,0.0322945682451
603186_2026-06-18,2026-06-18,603186,3,BOARD3,2026-06-22,2026-06-23,2026-06-23,0,0,0,0.0454831800428,0.0454831800428
603773_2026-06-18,2026-06-18,603773,2,BOARD2,2026-06-22,2026-06-23,2026-06-23,0,0,0,0.0675738274464,0.0675738274464
001339_2026-06-22,2026-06-22,001339,2,BOARD2,2026-06-23,2026-06-24,2026-06-24,0,0,0,0.0626988437961,0.0626988437961
002141_2026-06-22,2026-06-22,002141,3,BOARD3,2026-06-23,2026-06-24,2026-06-24,1,0,0,0.0746268656716,0.07
002491_2026-06-22,2026-06-22,002491,2,BOARD2,2026-06-23,2026-06-24,2026-06-24,1,0,0,0.0711188204683,0.07
002579_2026-06-22,2026-06-22,002579,2,BOARD2,2026-06-23,2026-06-24,2026-06-24,0,1,0,-0.0383309073265,-0.0383309073265
002989_2026-06-22,2026-06-22,002989,3,BOARD3,2026-06-23,2026-06-24,2026-06-24,0,0,0,0.0214190093708,0.0214190093708
603261_2026-06-22,2026-06-22,603261,2,BOARD2,2026-06-23,2026-06-24,2026-06-24,1,0,0,0.193737328227,0.07
603324_2026-06-22,2026-06-22,603324,2,BOARD2,2026-06-23,2026-06-24,2026-06-24,1,0,0,0.106767652089,0.07
000657_2026-06-23,2026-06-23,000657,2,BOARD2,2026-06-24,2026-06-25,2026-06-25,1,0,0,0.0773082315241,0.07
000811_2026-06-23,2026-06-23,000811,3,BOARD3,2026-06-24,2026-06-25,2026-06-25,1,0,0,0.219968087531,0.07
001296_2026-06-23,2026-06-23,001296,2,BOARD2,2026-06-24,2026-06-25,2026-06-25,0,0,0,0.0229293401965,0.0229293401965
002297_2026-06-23,2026-06-23,002297,2,BOARD2,2026-06-24,2026-06-25,2026-06-25,1,0,0,0.132492113565,0.07
002354_2026-06-23,2026-06-23,002354,2,BOARD2,2026-06-24,2026-06-25,2026-06-25,0,0,0,0.0438489646772,0.0438489646772
002655_2026-06-23,2026-06-23,002655,2,BOARD2,2026-06-24,2026-06-25,2026-06-25,1,0,0,0.112807463953,0.07
002805_2026-06-23,2026-06-23,002805,2,BOARD2,2026-06-24,2026-06-25,2026-06-25,0,0,0,0.0302405498282,0.0302405498282
002842_2026-06-23,2026-06-23,002842,2,BOARD2,2026-06-24,2026-06-25,2026-06-25,1,0,0,0.0887335874629,0.07
003031_2026-06-23,2026-06-23,003031,2,BOARD2,2026-06-24,2026-06-25,2026-06-25,0,0,0,0.0645161290323,0.0645161290323
600162_2026-06-23,2026-06-23,600162,2,BOARD2,2026-06-24,2026-06-25,2026-06-25,1,0,0,0.0704960835509,0.07
600769_2026-06-23,2026-06-23,600769,2,BOARD2,2026-06-24,2026-06-25,2026-06-25,0,0,0,0.00775547445255,0.00775547445255
603082_2026-06-23,2026-06-23,603082,2,BOARD2,2026-06-24,2026-06-25,2026-06-25,0,0,0,0.0208955223881,0.0208955223881
603380_2026-06-23,2026-06-23,603380,2,BOARD2,2026-06-24,2026-06-25,2026-06-25,1,0,0,0.108924806746,0.07
603663_2026-06-23,2026-06-23,603663,2,BOARD2,2026-06-24,2026-06-25,2026-06-25,0,0,0,0.0294117647059,0.0294117647059
000070_2026-06-24,2026-06-24,000070,2,BOARD2,2026-06-25,2026-06-26,2026-06-26,0,1,0,-0.0225029609159,-0.0225029609159
000571_2026-06-24,2026-06-24,000571,2,BOARD2,2026-06-25,2026-06-26,2026-06-26,1,0,0,0.079674796748,0.07
000783_2026-06-24,2026-06-24,000783,2,BOARD2,2026-06-25,2026-06-26,2026-06-26,1,0,0,0.091103965702,0.07
002068_2026-06-24,2026-06-24,002068,3,BOARD3,2026-06-25,2026-06-26,2026-06-26,0,0,0,0.0647138964578,0.0647138964578
002672_2026-06-24,2026-06-24,002672,2,BOARD2,2026-06-25,2026-06-26,2026-06-26,0,0,0,0.0512129380054,0.0512129380054
002830_2026-06-24,2026-06-24,002830,2,BOARD2,2026-06-25,2026-06-26,2026-06-26,0,1,0,-0.0324971493729,-0.0324971493729
600172_2026-06-24,2026-06-24,600172,2,BOARD2,2026-06-25,2026-06-26,2026-06-26,0,0,0,0.0564468211527,0.0564468211527
600322_2026-06-24,2026-06-24,600322,2,BOARD2,2026-06-25,2026-06-26,2026-06-26,0,0,0,0.0181818181818,0.0181818181818
600400_2026-06-24,2026-06-24,600400,2,BOARD2,2026-06-25,2026-06-26,2026-06-26,1,0,0,0.100323624595,0.07
600470_2026-06-24,2026-06-24,600470,2,BOARD2,2026-06-25,2026-06-26,2026-06-26,0,0,0,0.0189873417722,0.0189873417722
600851_2026-06-24,2026-06-24,600851,3,BOARD3,2026-06-25,2026-06-26,2026-06-26,0,1,0,-0.036815920398,-0.036815920398
601869_2026-06-24,2026-06-24,601869,2,BOARD2,2026-06-25,2026-06-26,2026-06-26,0,1,0,-0.0267558528428,-0.0267558528428
603757_2026-06-24,2026-06-24,603757,2,BOARD2,2026-06-25,2026-06-26,2026-06-26,0,0,0,0.0516980613227,0.0516980613227
605377_2026-06-24,2026-06-24,605377,2,BOARD2,2026-06-25,2026-06-26,2026-06-26,0,1,0,-0.0173913043478,-0.0173913043478
605580_2026-06-24,2026-06-24,605580,2,BOARD2,2026-06-25,2026-06-26,2026-06-26,0,1,0,-0.00604026845638,-0.00604026845638
000566_2026-06-25,2026-06-25,000566,2,BOARD2,2026-06-26,2026-06-29,2026-06-29,0,1,0,-0.0021978021978,-0.0021978021978
002580_2026-06-25,2026-06-25,002580,2,BOARD2,2026-06-26,2026-06-29,2026-06-29,0,1,1,-0.12269446672,-0.12269446672
002584_2026-06-25,2026-06-25,002584,2,BOARD2,2026-06-26,2026-06-29,2026-06-29,0,0,0,0.0383064516129,0.0383064516129
002631_2026-06-25,2026-06-25,002631,2,BOARD2,2026-06-26,2026-06-29,2026-06-29,0,0,0,0.0383838383838,0.0383838383838
002687_2026-06-25,2026-06-25,002687,2,BOARD2,2026-06-26,2026-06-29,2026-06-29,1,0,0,0.134703196347,0.07
600379_2026-06-25,2026-06-25,600379,2,BOARD2,2026-06-26,2026-06-29,2026-06-29,0,1,0,-0.0113182423435,-0.0113182423435
600909_2026-06-25,2026-06-25,600909,2,BOARD2,2026-06-26,2026-06-29,2026-06-29,1,0,0,0.07,0.07
603938_2026-06-25,2026-06-25,603938,3,BOARD3,2026-06-26,2026-06-29,2026-06-29,1,0,0,0.174225028703,0.07
605069_2026-06-25,2026-06-25,605069,3,BOARD3,2026-06-26,2026-06-29,2026-06-29,1,0,0,0.108333333333,0.07
000818_2026-06-26,2026-06-26,000818,2,BOARD2,2026-06-29,2026-06-30,2026-06-30,1,0,0,0.0779510022272,0.07
002025_2026-06-26,2026-06-26,002025,2,BOARD2,2026-06-29,2026-06-30,2026-06-30,1,0,0,0.0701369863014,0.07
002080_2026-06-26,2026-06-26,002080,2,BOARD2,2026-06-29,2026-06-30,2026-06-30,0,1,1,-0.0525252525253,-0.0525252525253
002254_2026-06-26,2026-06-26,002254,2,BOARD2,2026-06-29,2026-06-30,2026-06-30,0,1,0,-0.025974025974,-0.025974025974
002990_2026-06-26,2026-06-26,002990,2,BOARD2,2026-06-29,2026-06-30,2026-06-30,1,0,0,0.086383601757,0.07
600141_2026-06-26,2026-06-26,600141,2,BOARD2,2026-06-29,2026-06-30,2026-06-30,0,1,0,-0.0441767068273,-0.0441767068273
600584_2026-06-26,2026-06-26,600584,2,BOARD2,2026-06-29,2026-06-30,2026-06-30,0,0,0,0.0200970873786,0.0200970873786
600667_2026-06-26,2026-06-26,600667,2,BOARD2,2026-06-29,2026-06-30,2026-06-30,0,0,0,0.0668103448276,0.0668103448276
603678_2026-06-26,2026-06-26,603678,2,BOARD2,2026-06-29,2026-06-30,2026-06-30,0,0,0,0.0416001963431,0.0416001963431
603713_2026-06-26,2026-06-26,603713,2,BOARD2,2026-06-29,2026-06-30,2026-06-30,0,1,0,-0.0293809024134,-0.0293809024134
603929_2026-06-26,2026-06-26,603929,2,BOARD2,2026-06-29,2026-06-30,2026-06-30,0,0,0,0.0476785648642,0.0476785648642
603989_2026-06-26,2026-06-26,603989,2,BOARD2,2026-06-29,2026-06-30,2026-06-30,0,1,0,-0.0419642857143,-0.0419642857143
