source_column,admission_status,reason_codes,mechanism_group,target_blind,notes
event_id,AUDIT_ONLY,NOT_STAGE1_ALLOWED|IDENTIFIER,FORBIDDEN_AUDIT,True,
code,AUDIT_ONLY,NOT_STAGE1_ALLOWED|IDENTIFIER,FORBIDDEN_AUDIT,True,
name,AUDIT_ONLY,NOT_STAGE1_ALLOWED|IDENTIFIER,FORBIDDEN_AUDIT,True,
signal_date,AUDIT_ONLY,NOT_STAGE1_ALLOWED|IDENTIFIER,FORBIDDEN_AUDIT,True,
break_date,AUDIT_ONLY,NOT_STAGE1_ALLOWED|IDENTIFIER,FORBIDDEN_AUDIT,True,
board_streak_before_break,DERIVE_ONLY,ABSOLUTE_SCALE|只允许派生为明确比例/收益/距离/rank 后使用,BOARD_HISTORY,True,"绝对尺度, 只允许派生为明确比例/收益/距离/rank 后使用"
days_since_break,AUDIT_ONLY,NOT_STAGE1_ALLOWED|PROVENANCE,FORBIDDEN_AUDIT,True,
days_since_last_limit_up,AUDIT_ONLY,NOT_STAGE1_ALLOWED|PROVENANCE,FORBIDDEN_AUDIT,True,
repair_attempt_count,AUDIT_ONLY,NOT_STAGE1_ALLOWED|PROVENANCE,FORBIDDEN_AUDIT,True,
recognition_score,EXCLUDE_FORBIDDEN,FORBIDDEN_MODEL_FIELD|recognition_score/v004a/v002/v005 禁止作为输入,FORBIDDEN_AUDIT,True,
break_open,EXCLUDE_EXACT_DUPLICATE_ALIAS,EXACT_DUP_ALIAS,RAW_SCALE_SOURCE,True,精确重复别名: canonical=d1_open (ED01)
break_high,EXCLUDE_EXACT_DUPLICATE_ALIAS,EXACT_DUP_ALIAS,RAW_SCALE_SOURCE,True,精确重复别名: canonical=d1_high (ED02)
break_low,EXCLUDE_EXACT_DUPLICATE_ALIAS,EXACT_DUP_ALIAS,RAW_SCALE_SOURCE,True,精确重复别名: canonical=d1_low (ED03)
break_close,EXCLUDE_EXACT_DUPLICATE_ALIAS,EXACT_DUP_ALIAS,RAW_SCALE_SOURCE,True,精确重复别名: canonical=d1_close (ED04)
break_prev_close,DERIVE_ONLY,ABSOLUTE_SCALE|只允许派生为明确比例/收益/距离/rank 后使用,RAW_SCALE_SOURCE,True,"绝对尺度, 只允许派生为明确比例/收益/距离/rank 后使用"
break_intraday_range,EXCLUDE_EXACT_DUPLICATE_ALIAS,EXACT_DUP_ALIAS,D1_PRICE_ACTION,True,精确重复别名: canonical=d1_intraday_range (ED05)
break_high_to_close_drawdown,EXCLUDE_EXACT_DUPLICATE_ALIAS,EXACT_DUP_ALIAS,D1_PRICE_ACTION,True,精确重复别名: canonical=d1_high_to_close_drawdown_raw (ED06)
break_close_location,EXCLUDE_EXACT_DUPLICATE_ALIAS,EXACT_DUP_ALIAS,D1_PRICE_ACTION,True,精确重复别名: canonical=d1_close_location (ED07)
break_volume,EXCLUDE_EXACT_DUPLICATE_ALIAS,EXACT_DUP_ALIAS,RAW_SCALE_SOURCE,True,精确重复别名: canonical=d1_volume (ED08)
break_amount,EXCLUDE_EXACT_DUPLICATE_ALIAS,EXACT_DUP_ALIAS,RAW_SCALE_SOURCE,True,精确重复别名: canonical=d1_amount (ED09)
break_turnover_ratio,EXCLUDE_ALL_MISSING,ALL_MISSING,D1_VOLUME_ACTIVITY,True,
d1_open,DERIVE_ONLY,ABSOLUTE_SCALE|只允许派生为明确比例/收益/距离/rank 后使用,RAW_SCALE_SOURCE,True,"绝对尺度, 只允许派生为明确比例/收益/距离/rank 后使用"
d1_high,DERIVE_ONLY,ABSOLUTE_SCALE|只允许派生为明确比例/收益/距离/rank 后使用,RAW_SCALE_SOURCE,True,"绝对尺度, 只允许派生为明确比例/收益/距离/rank 后使用"
d1_low,DERIVE_ONLY,ABSOLUTE_SCALE|只允许派生为明确比例/收益/距离/rank 后使用,RAW_SCALE_SOURCE,True,"绝对尺度, 只允许派生为明确比例/收益/距离/rank 后使用"
d1_close,DERIVE_ONLY,ABSOLUTE_SCALE|只允许派生为明确比例/收益/距离/rank 后使用,RAW_SCALE_SOURCE,True,"绝对尺度, 只允许派生为明确比例/收益/距离/rank 后使用"
d1_volume,DERIVE_ONLY,ABSOLUTE_SCALE|只允许派生为明确比例/收益/距离/rank 后使用,RAW_SCALE_SOURCE,True,"绝对尺度, 只允许派生为明确比例/收益/距离/rank 后使用"
d1_amount,DERIVE_ONLY,ABSOLUTE_SCALE|只允许派生为明确比例/收益/距离/rank 后使用,RAW_SCALE_SOURCE,True,"绝对尺度, 只允许派生为明确比例/收益/距离/rank 后使用"
d1_ma5,DERIVE_ONLY,ABSOLUTE_SCALE|只允许派生为明确比例/收益/距离/rank 后使用,RAW_SCALE_SOURCE,True,"绝对尺度, 只允许派生为明确比例/收益/距离/rank 后使用"
d1_ma10,DERIVE_ONLY,ABSOLUTE_SCALE|只允许派生为明确比例/收益/距离/rank 后使用,RAW_SCALE_SOURCE,True,"绝对尺度, 只允许派生为明确比例/收益/距离/rank 后使用"
d1_ma20,DERIVE_ONLY,ABSOLUTE_SCALE|只允许派生为明确比例/收益/距离/rank 后使用,RAW_SCALE_SOURCE,True,"绝对尺度, 只允许派生为明确比例/收益/距离/rank 后使用"
deprecated_d1_reclaimed_ma5_v01,EXCLUDE_DEPRECATED,DEPRECATED,D1_MA_POSITION,True,精确重复别名: canonical=d1_close_above_ma5 (ED10)
deprecated_d1_reclaimed_ma10_v01,EXCLUDE_DEPRECATED,DEPRECATED,D1_MA_POSITION,True,精确重复别名: canonical=d1_close_above_ma10 (ED11)
d1_vwap,DERIVE_ONLY,ABSOLUTE_SCALE|只允许派生为明确比例/收益/距离/rank 后使用,RAW_SCALE_SOURCE,True,"绝对尺度, 只允许派生为明确比例/收益/距离/rank 后使用"
d1_down_bar_volume_ratio,EXCLUDE_EXACT_DUPLICATE_ALIAS,EXACT_DUP_ALIAS,D1_VOLUME_ACTIVITY,True,精确重复别名: canonical=down_bar_volume_ratio (ED12)
volume_above_break_close_ratio,EXCLUDE_EXACT_DUPLICATE_ALIAS,EXACT_DUP_ALIAS,D1_CHIP_DISTRIBUTION,True,精确重复别名: canonical=volume_above_d1_close_ratio (ED13)
is_v004a_scorable,EXCLUDE_FORBIDDEN,FORBIDDEN_MODEL_FIELD|recognition_score/v004a/v002/v005 禁止作为输入,FORBIDDEN_AUDIT,True,
v004a_probability,EXCLUDE_FORBIDDEN,FORBIDDEN_MODEL_FIELD|recognition_score/v004a/v002/v005 禁止作为输入,FORBIDDEN_AUDIT,True,
v004a_rank,EXCLUDE_FORBIDDEN,FORBIDDEN_MODEL_FIELD|recognition_score/v004a/v002/v005 禁止作为输入,FORBIDDEN_AUDIT,True,
is_v004a_top3,EXCLUDE_FORBIDDEN,FORBIDDEN_MODEL_FIELD|recognition_score/v004a/v002/v005 禁止作为输入,FORBIDDEN_AUDIT,True,
is_v004a_top10,EXCLUDE_FORBIDDEN,FORBIDDEN_MODEL_FIELD|recognition_score/v004a/v002/v005 禁止作为输入,FORBIDDEN_AUDIT,True,
is_v004a_top15,EXCLUDE_FORBIDDEN,FORBIDDEN_MODEL_FIELD|recognition_score/v004a/v002/v005 禁止作为输入,FORBIDDEN_AUDIT,True,
is_v002_scorable,EXCLUDE_FORBIDDEN,FORBIDDEN_MODEL_FIELD|recognition_score/v004a/v002/v005 禁止作为输入,FORBIDDEN_AUDIT,True,
v002_rank,EXCLUDE_FORBIDDEN,FORBIDDEN_MODEL_FIELD|recognition_score/v004a/v002/v005 禁止作为输入,FORBIDDEN_AUDIT,True,
is_v002_top3,EXCLUDE_FORBIDDEN,FORBIDDEN_MODEL_FIELD|recognition_score/v004a/v002/v005 禁止作为输入,FORBIDDEN_AUDIT,True,
is_v002_top10,EXCLUDE_FORBIDDEN,FORBIDDEN_MODEL_FIELD|recognition_score/v004a/v002/v005 禁止作为输入,FORBIDDEN_AUDIT,True,
is_v002_top15,EXCLUDE_FORBIDDEN,FORBIDDEN_MODEL_FIELD|recognition_score/v004a/v002/v005 禁止作为输入,FORBIDDEN_AUDIT,True,
d2_trade_date,AUDIT_ONLY,NOT_STAGE1_ALLOWED|OUTCOME_AUDIT,FORBIDDEN_AUDIT,True,
d3_trade_date,AUDIT_ONLY,NOT_STAGE1_ALLOWED|OUTCOME_AUDIT,FORBIDDEN_AUDIT,True,
d2_open,AUDIT_ONLY,NOT_STAGE1_ALLOWED|OUTCOME_AUDIT,FORBIDDEN_AUDIT,True,
d2_high,AUDIT_ONLY,NOT_STAGE1_ALLOWED|OUTCOME_AUDIT,FORBIDDEN_AUDIT,True,
d2_low,AUDIT_ONLY,NOT_STAGE1_ALLOWED|OUTCOME_AUDIT,FORBIDDEN_AUDIT,True,
d2_close,AUDIT_ONLY,NOT_STAGE1_ALLOWED|OUTCOME_AUDIT,FORBIDDEN_AUDIT,True,
d3_high,AUDIT_ONLY,NOT_STAGE1_ALLOWED|OUTCOME_AUDIT,FORBIDDEN_AUDIT,True,
d3_low,AUDIT_ONLY,NOT_STAGE1_ALLOWED|OUTCOME_AUDIT,FORBIDDEN_AUDIT,True,
d3_close,AUDIT_ONLY,NOT_STAGE1_ALLOWED|OUTCOME_AUDIT,FORBIDDEN_AUDIT,True,
d2open_to_d3high_return,AUDIT_ONLY,NOT_STAGE1_ALLOWED|OUTCOME_AUDIT,FORBIDDEN_AUDIT,True,
d2open_to_d3close_return,AUDIT_ONLY,NOT_STAGE1_ALLOWED|OUTCOME_AUDIT,FORBIDDEN_AUDIT,True,
target7_d2open_d3high,AUDIT_ONLY,NOT_STAGE1_ALLOWED|OUTCOME_AUDIT,FORBIDDEN_AUDIT,True,
tail_loss_5pct,AUDIT_ONLY,NOT_STAGE1_ALLOWED|OUTCOME_AUDIT,FORBIDDEN_AUDIT,True,
future_data_status,AUDIT_ONLY,NOT_STAGE1_ALLOWED|DATA_QUALITY,FORBIDDEN_AUDIT,True,
last_board_date,AUDIT_ONLY,NOT_STAGE1_ALLOWED|IDENTIFIER,FORBIDDEN_AUDIT,True,
v004a_score_source,EXCLUDE_FORBIDDEN,FORBIDDEN_MODEL_FIELD|recognition_score/v004a/v002/v005 禁止作为输入,FORBIDDEN_AUDIT,True,
stage_group,AUDIT_ONLY,NOT_STAGE1_ALLOWED|PROVENANCE,FORBIDDEN_AUDIT,True,
post_day,AUDIT_ONLY,NOT_STAGE1_ALLOWED|PROVENANCE,FORBIDDEN_AUDIT,True,
training_stage_feature,AUDIT_ONLY,NOT_STAGE1_ALLOWED|PROVENANCE,FORBIDDEN_AUDIT,True,
d1_bar_count,AUDIT_ONLY,NOT_STAGE1_ALLOWED|DATA_QUALITY,FORBIDDEN_AUDIT,True,
d2_bar_count,AUDIT_ONLY,NOT_STAGE1_ALLOWED|DATA_QUALITY,FORBIDDEN_AUDIT,True,
d3_bar_count,AUDIT_ONLY,NOT_STAGE1_ALLOWED|DATA_QUALITY,FORBIDDEN_AUDIT,True,
d1_first_bar_time,AUDIT_ONLY,NOT_STAGE1_ALLOWED|DATA_QUALITY,FORBIDDEN_AUDIT,True,
d2_first_bar_time,AUDIT_ONLY,NOT_STAGE1_ALLOWED|DATA_QUALITY,FORBIDDEN_AUDIT,True,
d3_first_bar_time,AUDIT_ONLY,NOT_STAGE1_ALLOWED|DATA_QUALITY,FORBIDDEN_AUDIT,True,
d1_last_bar_time,AUDIT_ONLY,NOT_STAGE1_ALLOWED|DATA_QUALITY,FORBIDDEN_AUDIT,True,
d2_last_bar_time,AUDIT_ONLY,NOT_STAGE1_ALLOWED|DATA_QUALITY,FORBIDDEN_AUDIT,True,
d3_last_bar_time,AUDIT_ONLY,NOT_STAGE1_ALLOWED|DATA_QUALITY,FORBIDDEN_AUDIT,True,
d1_expected_bar_count,AUDIT_ONLY,NOT_STAGE1_ALLOWED|DATA_QUALITY,FORBIDDEN_AUDIT,True,
d2_expected_bar_count,AUDIT_ONLY,NOT_STAGE1_ALLOWED|DATA_QUALITY,FORBIDDEN_AUDIT,True,
d3_expected_bar_count,AUDIT_ONLY,NOT_STAGE1_ALLOWED|DATA_QUALITY,FORBIDDEN_AUDIT,True,
d1_minute_complete,AUDIT_ONLY,NOT_STAGE1_ALLOWED|DATA_QUALITY,FORBIDDEN_AUDIT,True,
d2_minute_complete,AUDIT_ONLY,NOT_STAGE1_ALLOWED|DATA_QUALITY,FORBIDDEN_AUDIT,True,
d3_minute_complete,AUDIT_ONLY,NOT_STAGE1_ALLOWED|DATA_QUALITY,FORBIDDEN_AUDIT,True,
d2_daily_minute_open_diff,AUDIT_ONLY,NOT_STAGE1_ALLOWED|DATA_QUALITY,FORBIDDEN_AUDIT,True,
d3_daily_minute_high_diff,AUDIT_ONLY,NOT_STAGE1_ALLOWED|DATA_QUALITY,FORBIDDEN_AUDIT,True,
d3_daily_minute_close_diff,AUDIT_ONLY,NOT_STAGE1_ALLOWED|DATA_QUALITY,FORBIDDEN_AUDIT,True,
expected_d2_date,AUDIT_ONLY,NOT_STAGE1_ALLOWED|OUTCOME_AUDIT,FORBIDDEN_AUDIT,True,
actual_d2_date,AUDIT_ONLY,NOT_STAGE1_ALLOWED|OUTCOME_AUDIT,FORBIDDEN_AUDIT,True,
expected_d3_date,AUDIT_ONLY,NOT_STAGE1_ALLOWED|OUTCOME_AUDIT,FORBIDDEN_AUDIT,True,
actual_d3_date,AUDIT_ONLY,NOT_STAGE1_ALLOWED|OUTCOME_AUDIT,FORBIDDEN_AUDIT,True,
d2_date_shift_reason,AUDIT_ONLY,NOT_STAGE1_ALLOWED|DATA_QUALITY,FORBIDDEN_AUDIT,True,
d3_date_shift_reason,AUDIT_ONLY,NOT_STAGE1_ALLOWED|DATA_QUALITY,FORBIDDEN_AUDIT,True,
suspension_proof_status,AUDIT_ONLY,NOT_STAGE1_ALLOWED|DATA_QUALITY,FORBIDDEN_AUDIT,True,
label_quality_ok,AUDIT_ONLY,NOT_STAGE1_ALLOWED|DATA_QUALITY,FORBIDDEN_AUDIT,True,
label_quality_reason,AUDIT_ONLY,NOT_STAGE1_ALLOWED|DATA_QUALITY,FORBIDDEN_AUDIT,True,
target_quality_ok,AUDIT_ONLY,NOT_STAGE1_ALLOWED|DATA_QUALITY,FORBIDDEN_AUDIT,True,
tail_label_quality_ok,AUDIT_ONLY,NOT_STAGE1_ALLOWED|DATA_QUALITY,FORBIDDEN_AUDIT,True,
sample_role,AUDIT_ONLY,NOT_STAGE1_ALLOWED|PROVENANCE,FORBIDDEN_AUDIT,True,
sample_role_reason,AUDIT_ONLY,NOT_STAGE1_ALLOWED|PROVENANCE,FORBIDDEN_AUDIT,True,
event_observation_count,AUDIT_ONLY,NOT_STAGE1_ALLOWED|PROVENANCE,FORBIDDEN_AUDIT,True,
signal_date_candidate_count,AUDIT_ONLY,NOT_STAGE1_ALLOWED|PROVENANCE,FORBIDDEN_AUDIT,True,
proposed_training_weight,AUDIT_ONLY,NOT_STAGE1_ALLOWED|PROVENANCE,FORBIDDEN_AUDIT,True,
d2_open_daily,AUDIT_ONLY,NOT_STAGE1_ALLOWED|LABEL,FORBIDDEN_AUDIT,True,
d3_high_daily,AUDIT_ONLY,NOT_STAGE1_ALLOWED|LABEL,FORBIDDEN_AUDIT,True,
d3_close_daily,AUDIT_ONLY,NOT_STAGE1_ALLOWED|LABEL,FORBIDDEN_AUDIT,True,
daily_d2open_to_d3high_return,AUDIT_ONLY,NOT_STAGE1_ALLOWED|LABEL,FORBIDDEN_AUDIT,True,
daily_d2open_to_d3close_return,AUDIT_ONLY,NOT_STAGE1_ALLOWED|LABEL,FORBIDDEN_AUDIT,True,
target7_daily_d2open_d3high,AUDIT_ONLY,NOT_STAGE1_ALLOWED|LABEL,FORBIDDEN_AUDIT,True,
tail_loss_daily_5pct,AUDIT_ONLY,NOT_STAGE1_ALLOWED|LABEL,FORBIDDEN_AUDIT,True,
actual_daily_d2_date,AUDIT_ONLY,NOT_STAGE1_ALLOWED|OUTCOME_AUDIT,FORBIDDEN_AUDIT,True,
actual_daily_d3_date,AUDIT_ONLY,NOT_STAGE1_ALLOWED|OUTCOME_AUDIT,FORBIDDEN_AUDIT,True,
d2_daily_date_shift_reason,AUDIT_ONLY,NOT_STAGE1_ALLOWED|DATA_QUALITY,FORBIDDEN_AUDIT,True,
d3_daily_date_shift_reason,AUDIT_ONLY,NOT_STAGE1_ALLOWED|DATA_QUALITY,FORBIDDEN_AUDIT,True,
suspension_proof_status_daily,AUDIT_ONLY,NOT_STAGE1_ALLOWED|DATA_QUALITY,FORBIDDEN_AUDIT,True,
daily_label_quality_ok,AUDIT_ONLY,NOT_STAGE1_ALLOWED|DATA_QUALITY,FORBIDDEN_AUDIT,True,
daily_label_quality_reason,AUDIT_ONLY,NOT_STAGE1_ALLOWED|DATA_QUALITY,FORBIDDEN_AUDIT,True,
audit_minute_d2_open,AUDIT_ONLY,NOT_STAGE1_ALLOWED|OUTCOME_AUDIT,FORBIDDEN_AUDIT,True,
audit_minute_d3_high,AUDIT_ONLY,NOT_STAGE1_ALLOWED|OUTCOME_AUDIT,FORBIDDEN_AUDIT,True,
audit_minute_d3_close,AUDIT_ONLY,NOT_STAGE1_ALLOWED|OUTCOME_AUDIT,FORBIDDEN_AUDIT,True,
audit_minute_target7,AUDIT_ONLY,NOT_STAGE1_ALLOWED|OUTCOME_AUDIT,FORBIDDEN_AUDIT,True,
audit_minute_tail_loss,AUDIT_ONLY,NOT_STAGE1_ALLOWED|OUTCOME_AUDIT,FORBIDDEN_AUDIT,True,
audit_minute_d2open_to_d3high_return,AUDIT_ONLY,NOT_STAGE1_ALLOWED|OUTCOME_AUDIT,FORBIDDEN_AUDIT,True,
audit_minute_d2open_to_d3close_return,AUDIT_ONLY,NOT_STAGE1_ALLOWED|OUTCOME_AUDIT,FORBIDDEN_AUDIT,True,
target_label_daily_vs_minute_same,AUDIT_ONLY,NOT_STAGE1_ALLOWED|OUTCOME_AUDIT,FORBIDDEN_AUDIT,True,
tail_label_daily_vs_minute_same,AUDIT_ONLY,NOT_STAGE1_ALLOWED|OUTCOME_AUDIT,FORBIDDEN_AUDIT,True,
d2_open_daily_minus_minute,AUDIT_ONLY,NOT_STAGE1_ALLOWED|OUTCOME_AUDIT,FORBIDDEN_AUDIT,True,
d3_high_daily_minus_minute,AUDIT_ONLY,NOT_STAGE1_ALLOWED|OUTCOME_AUDIT,FORBIDDEN_AUDIT,True,
d3_close_daily_minus_minute,AUDIT_ONLY,NOT_STAGE1_ALLOWED|OUTCOME_AUDIT,FORBIDDEN_AUDIT,True,
target_return_daily_minus_minute,AUDIT_ONLY,NOT_STAGE1_ALLOWED|OUTCOME_AUDIT,FORBIDDEN_AUDIT,True,
close_return_daily_minus_minute,AUDIT_ONLY,NOT_STAGE1_ALLOWED|OUTCOME_AUDIT,FORBIDDEN_AUDIT,True,
d1_factor_quality_ok,AUDIT_ONLY,NOT_STAGE1_ALLOWED|DATA_QUALITY,FORBIDDEN_AUDIT,True,
target_training_eligible,AUDIT_ONLY,NOT_STAGE1_ALLOWED|DATA_QUALITY,FORBIDDEN_AUDIT,True,
tail_training_eligible,AUDIT_ONLY,NOT_STAGE1_ALLOWED|DATA_QUALITY,FORBIDDEN_AUDIT,True,
sample_role_v021,AUDIT_ONLY,NOT_STAGE1_ALLOWED|PROVENANCE,FORBIDDEN_AUDIT,True,
label_d2_date,AUDIT_ONLY,NOT_STAGE1_ALLOWED|OUTCOME_AUDIT,FORBIDDEN_AUDIT,True,
label_d3_date,AUDIT_ONLY,NOT_STAGE1_ALLOWED|OUTCOME_AUDIT,FORBIDDEN_AUDIT,True,
daily_label_source_d2,AUDIT_ONLY,NOT_STAGE1_ALLOWED|DATA_QUALITY,FORBIDDEN_AUDIT,True,
daily_label_source_d3,AUDIT_ONLY,NOT_STAGE1_ALLOWED|DATA_QUALITY,FORBIDDEN_AUDIT,True,
daily_label_cache_path,AUDIT_ONLY,NOT_STAGE1_ALLOWED|DATA_QUALITY,FORBIDDEN_AUDIT,True,
daily_label_cache_mtime,AUDIT_ONLY,NOT_STAGE1_ALLOWED|DATA_QUALITY,FORBIDDEN_AUDIT,True,
daily_label_cache_sha256,AUDIT_ONLY,NOT_STAGE1_ALLOWED|DATA_QUALITY,FORBIDDEN_AUDIT,True,
sample_role_v022,AUDIT_ONLY,NOT_STAGE1_ALLOWED|PROVENANCE,FORBIDDEN_AUDIT,True,
d1_break_date,AUDIT_ONLY,NOT_STAGE1_ALLOWED|IDENTIFIER,FORBIDDEN_AUDIT,True,
d1_signal_date,AUDIT_ONLY,NOT_STAGE1_ALLOWED|IDENTIFIER,FORBIDDEN_AUDIT,True,
d0_last_board_date,AUDIT_ONLY,NOT_STAGE1_ALLOWED|IDENTIFIER,FORBIDDEN_AUDIT,True,
d2_entry_date,AUDIT_ONLY,NOT_STAGE1_ALLOWED|OUTCOME_AUDIT,FORBIDDEN_AUDIT,True,
d3_outcome_date,AUDIT_ONLY,NOT_STAGE1_ALLOWED|OUTCOME_AUDIT,FORBIDDEN_AUDIT,True,
