feature,group,coverage,nonmissing_rows,missing_rows,unique_values,raw_median_diff,raw_cliff_delta,raw_auc_loss_nonloss,risk_sign,oriented_auc_loss_nonloss,oriented_auc_loss_target7,oriented_auc_loss_positive_non_target,oriented_loss_minus_target7_median,mixed_dates,positive_direction_dates,negative_direction_dates,zero_direction_dates,date_direction_consistency,median_daily_oriented_diff,bootstrap_cliff_p2_5,bootstrap_cliff_p50,bootstrap_cliff_p97_5,bootstrap_cliff_positive_probability,bootstrap_auc_p2_5,bootstrap_auc_p50,bootstrap_auc_p97_5,bootstrap_auc_gt_half_probability,permutation_p,BH_q,is_low_level_53,is_control_representation,post_hoc_development_orientation,loss_n,loss_mean,loss_median,loss_p25,loss_p75,loss_std,loss_min,loss_max,nonloss_n,nonloss_mean,nonloss_median,nonloss_p25,nonloss_p75,nonloss_std,nonloss_min,nonloss_max,target7_n,target7_mean,target7_median,target7_p25,target7_p75,target7_std,target7_min,target7_max,positive_non_target_n,positive_non_target_mean,positive_non_target_median,positive_non_target_p25,positive_non_target_p75,positive_non_target_std,positive_non_target_min,positive_non_target_max,lodo_auc_gt_half_pct,lodo_auc_min,lodo_auc_median,lodo_auc_max,lodo_cliff_positive_pct,lodo_cliff_min,lodo_cliff_median,lodo_cliff_max,coverage_fail,date_support_weak,foundation_pass,foundation_exceptional,evidence_status,failed_gates
board_streak_is_3,BOARD_HISTORY,1,51,0,2,0.5,0.3,0.65,1,0.65,0.625,0.671052631579,0.5,12,6,3,3,0.5,0.25,0.0252525252525,0.297697368421,0.569523438273,0.98245,0.512626262626,0.648848684211,0.784761719137,0.98245,0.147885211479,1,True,False,True,16,0.5,0.5,0,1,0.516397779494,0,1,35,0.2,0,0,0,0.405839724957,0,1,16,0.25,0,0,0.25,0.4472135955,0,1,19,0.157894736842,0,0,0,0.374634324633,0,1,1,0.626050420168,0.647058823529,0.682773109244,1,0.252100840336,0.294117647059,0.365546218487,False,False,False,False,NO_PASS,DATE_CONSISTENCY|BH_FDR
max_board_streak_20d,BOARD_HISTORY,1,51,0,3,1,0.425,0.7125,1,0.7125,0.703125,0.720394736842,1,12,7,3,2,0.583333333333,0.5,0.148145102339,0.425605536332,0.717948717949,0.9986,0.57407255117,0.712802768166,0.858974358974,0.9986,0.031696830317,1,True,False,True,16,2.75,3,2,3,0.683130051064,2,4,35,2.22857142857,2,2,2,0.426042961498,2,3,16,2.25,2,2,2.25,0.4472135955,2,3,19,2.21052631579,2,2,2,0.418853908292,2,3,1,0.686868686869,0.703125,0.756302521008,1,0.373737373737,0.40625,0.512605042017,False,False,False,False,NO_PASS,DATE_CONSISTENCY|BH_FDR
recent_limit_up_count_10d,BOARD_HISTORY,1,51,0,5,1,0.251785714286,0.625892857143,1,0.625892857143,0.654296875,0.601973684211,1,12,7,5,0,0.583333333333,0.5,-0.0785714285714,0.253703703704,0.603247180451,0.92655,0.460714285714,0.626851851852,0.801623590226,0.92655,0.32796720328,1,True,False,True,16,3.125,3,2,4,1.08781125814,2,6,35,2.68571428571,2,2,3,0.90004668413,2,5,16,2.5625,2,2,3,0.727438428093,2,4,19,2.78947368421,2,2,3,1.03166248617,2,5,1,0.603991596639,0.619191919192,0.69012605042,1,0.207983193277,0.238383838384,0.38025210084,False,False,False,False,NO_PASS,CLIFF|DATE_CONSISTENCY|BH_FDR
recent_limit_up_count_20d,BOARD_HISTORY,1,51,0,7,0.5,0.198214285714,0.599107142857,1,0.599107142857,0.623046875,0.578947368421,0.5,12,5,5,2,0.416666666667,0,-0.171428571429,0.2,0.578947368421,0.84945,0.414285714286,0.6,0.789473684211,0.84945,0.407259274073,1,True,False,True,16,4.25,3.5,2.75,6,2.32379000772,2,10,35,3.37142857143,3,2,4,1.33031872089,2,6,16,3.125,3,2,4,1.0246950766,2,5,19,3.57894736842,3,2.5,5,1.53896752813,2,6,1,0.55987394958,0.595703125,0.675420168067,1,0.11974789916,0.19140625,0.350840336134,False,False,False,False,NO_PASS,PRIMARY_AUC|CLIFF|DATE_CONSISTENCY|BOOTSTRAP|BH_FDR
recent_pool_appearance_count_10d,BOARD_HISTORY,1,51,0,5,1,0.251785714286,0.625892857143,1,0.625892857143,0.654296875,0.601973684211,1,12,7,5,0,0.583333333333,0.5,-0.0785714285714,0.253703703704,0.603247180451,0.92655,0.460714285714,0.626851851852,0.801623590226,0.92655,0.32796720328,1,True,False,True,16,3.125,3,2,4,1.08781125814,2,6,35,2.68571428571,2,2,3,0.90004668413,2,5,16,2.5625,2,2,3,0.727438428093,2,4,19,2.78947368421,2,2,3,1.03166248617,2,5,1,0.603991596639,0.619191919192,0.69012605042,1,0.207983193277,0.238383838384,0.38025210084,False,False,False,False,NO_PASS,CLIFF|DATE_CONSISTENCY|BH_FDR
recent_pool_appearance_count_20d,BOARD_HISTORY,1,51,0,7,0.5,0.198214285714,0.599107142857,1,0.599107142857,0.623046875,0.578947368421,0.5,12,5,5,2,0.416666666667,0,-0.171428571429,0.2,0.578947368421,0.84945,0.414285714286,0.6,0.789473684211,0.84945,0.407259274073,1,True,False,True,16,4.25,3.5,2.75,6,2.32379000772,2,10,35,3.37142857143,3,2,4,1.33031872089,2,6,16,3.125,3,2,4,1.0246950766,2,5,19,3.57894736842,3,2.5,5,1.53896752813,2,6,1,0.55987394958,0.595703125,0.675420168067,1,0.11974789916,0.19140625,0.350840336134,False,False,False,False,NO_PASS,PRIMARY_AUC|CLIFF|DATE_CONSISTENCY|BOOTSTRAP|BH_FDR
board_day_volume_rank,D0_CROSS_SECTION,1,51,0,40,-10.5,-0.153571428571,0.423214285714,-1,0.576785714286,0.58203125,0.572368421053,11,12,5,7,0,0.416666666667,-3.75,-0.166666666667,0.152249134948,0.469642857143,0.81945,0.416666666667,0.576124567474,0.734821428571,0.81945,0.520147985201,1,True,False,True,16,35.5,36.5,11.25,47.5,24.5981029079,2,78,35,44.5714285714,47,18.5,65,30.7879710222,2,116,16,48.25,47.5,19.75,70,34.5591280754,2,116,19,41.4736842105,47,15.5,62,27.8036137161,6,91,1,0.541015625,0.576680672269,0.608080808081,1,0.08203125,0.153361344538,0.216161616162,False,False,False,False,NO_PASS,PRIMARY_AUC|CLIFF|WINNER_SAFETY|DATE_CONSISTENCY|BOOTSTRAP|BH_FDR
break_open_return,D1_PRICE_ACTION,1,51,0,51,-0.0139103366434,-0.103571428571,0.448214285714,-1,0.551785714286,0.5234375,0.575657894737,0.0080733489193,12,5,7,0,0.416666666667,-0.00597715942091,-0.20416207927,0.0976430976431,0.410714285714,0.73525,0.397918960365,0.548821548822,0.705357142857,0.73525,0.691230876912,1,True,False,True,16,0.00811971244072,0.000900976678936,-0.0132984444678,0.033135671724,0.033962015662,-0.0504612045578,0.0853909465021,35,0.0162593404783,0.0148113133223,-0.0115136259298,0.037657213438,0.0393852927148,-0.0683229813665,0.100137174211,16,0.0116068835082,0.00897432559824,-0.0106842698496,0.0371994170711,0.040452849142,-0.0683229813665,0.085497150095,19,0.0201771989793,0.0148113133223,-0.0115675910446,0.0345402024385,0.039126845116,-0.0269749518304,0.100137174211,1,0.510504201681,0.553535353535,0.589898989899,1,0.0210084033613,0.107070707071,0.179797979798,False,False,False,False,NO_PASS,PRIMARY_AUC|CLIFF|WINNER_SAFETY|DATE_CONSISTENCY|BOOTSTRAP|BH_FDR
break_high_return,D1_PRICE_ACTION,1,51,0,50,-0.0032964164833,-0.0857142857143,0.457142857143,-1,0.542857142857,0.5234375,0.559210526316,0.00193132975445,12,4,8,0,0.333333333333,-0.00623484068604,-0.262975778547,0.0785714285714,0.407142857143,0.66665,0.368512110727,0.539285714286,0.703571428571,0.66665,0.768423157684,1,True,False,True,16,0.0744745580686,0.0795654803553,0.0595478716189,0.0939382155955,0.0234949490055,0.0295713510581,0.10101010101,35,0.0724527236443,0.0828618968386,0.0563568726845,0.0999673284034,0.0334703553352,-0.0124223602484,0.100591715976,16,0.0678650859591,0.0814968101098,0.0432266771976,0.0999756127976,0.0396487528971,-0.0124223602484,0.100063331222,19,0.0763159974845,0.0834914611006,0.0594852339998,0.0999594635826,0.0277772185989,-0.000242865816636,0.100591715976,1,0.5078125,0.535353535354,0.605042016807,1,0.015625,0.0707070707071,0.210084033613,False,False,False,False,NO_PASS,PRIMARY_AUC|CLIFF|WINNER_SAFETY|DATE_CONSISTENCY|BOOTSTRAP|BH_FDR
break_close_return,D1_PRICE_ACTION,1,51,0,51,-0.00912078491503,-0.175,0.4125,-1,0.5875,0.546875,0.621710526316,0.00730137737308,12,8,4,0,0.666666666667,0.0150303445982,-0.126984126984,0.176470588235,0.454545454545,0.87185,0.436507936508,0.588235294118,0.727272727273,0.87185,0.483451654835,1,True,False,True,16,0.0217682442796,0.025666477595,9.20140965588e-06,0.0421276720695,0.037378042144,-0.0356960734319,0.0980742252264,35,0.0304723397361,0.03478726251,0.0142182900294,0.0596772170784,0.0456151564161,-0.0953248330298,0.0953242056316,16,0.0286307905186,0.0329678549681,-0.00352226700226,0.0581000024358,0.0468860757295,-0.0703933747412,0.0953242056316,19,0.0320231180246,0.03478726251,0.0265473032714,0.0596772170784,0.0457473309219,-0.0953248330298,0.0894818119423,1,0.564453125,0.583838383838,0.626262626263,1,0.12890625,0.167676767677,0.252525252525,False,False,False,False,NO_PASS,PRIMARY_AUC|CLIFF|WINNER_SAFETY|BOOTSTRAP|BH_FDR
break_touched_limit_up,D1_PRICE_ACTION,1,51,0,2,0,-0.0928571428571,0.453571428571,-1,0.546428571429,0.5625,0.532894736842,-0,12,4,4,4,0.333333333333,0,-0.20202020202,0.0882352941176,0.371794871795,0.71835,0.39898989899,0.544117647059,0.685897435897,0.71835,0.822217778222,1,True,False,True,16,0.25,0,0,0.25,0.4472135955,0,1,35,0.342857142857,0,0,1,0.481593991978,0,1,16,0.375,0,0,1,0.5,0,1,19,0.315789473684,0,0,1,0.477566932941,0,1,1,0.515625,0.533613445378,0.581818181818,1,0.03125,0.0672268907563,0.163636363636,False,False,False,False,NO_PASS,PRIMARY_AUC|CLIFF|WINNER_SAFETY|DATE_CONSISTENCY|BOOTSTRAP|BH_FDR
break_opened_from_limit_up,D1_PRICE_ACTION,1,51,0,2,0,-0.0285714285714,0.485714285714,-1,0.514285714286,0.5,0.526315789474,-0,12,0,0,12,0,0,0,0.0277777777778,0.0882352941176,0.6441,0.5,0.513888888889,0.544117647059,0.6441,1,1,True,False,True,16,0,0,0,0,0,0,0,35,0.0285714285714,0,0,0,0.169030850946,0,1,16,0,0,0,0,0,0,0,19,0.0526315789474,0,0,0,0.229415733871,0,1,0.941176470588,0.5,0.515151515152,0.515625,0.941176470588,0,0.030303030303,0.03125,False,False,False,False,NO_PASS,PRIMARY_AUC|CLIFF|WINNER_SAFETY|DATE_CONSISTENCY|BOOTSTRAP|BH_FDR
break_upper_shadow_ratio,D1_PRICE_ACTION,1,51,0,50,0.192299154785,0.253571428571,0.626785714286,1,0.626785714286,0.5859375,0.661184210526,0.109054883181,12,6,6,0,0.5,0.0112340766215,-0.0690789473684,0.260317460317,0.557142857143,0.9389,0.465460526316,0.630158730159,0.778571428571,0.9389,0.227577242276,1,True,False,True,16,0.384872948951,0.400443951165,0.21274611399,0.501373626374,0.230664272173,0.0191570881226,0.797101449275,35,0.291365755932,0.20814479638,0.118033268102,0.456250484383,0.2247922731,0,0.870967741935,16,0.329745973393,0.291389067985,0.183170031133,0.44551654654,0.241386379893,0,0.870967741935,19,0.259045572806,0.16995447648,0.107937057615,0.436348280098,0.21090368149,0,0.656488549618,1,0.591919191919,0.624242424242,0.680808080808,1,0.183838383838,0.248484848485,0.361616161616,False,False,False,False,NO_PASS,CLIFF|WINNER_SAFETY|DATE_CONSISTENCY|BH_FDR
break_lower_shadow_ratio,D1_PRICE_ACTION,1,51,0,45,0.0454022988506,-0.00357142857143,0.498214285714,-1,0.501785714286,0.5078125,0.496710526316,-0.0632368948102,12,6,6,0,0.5,0.00242918961448,-0.326020512471,0.0128205128205,0.347737794613,0.5272,0.336989743764,0.50641025641,0.673868897306,0.5272,0.985501449855,1,True,False,True,16,0.234169975405,0.212068965517,0.133660130719,0.340618842589,0.163831933212,0,0.547169811321,35,0.255811115148,0.166666666667,0.0913250472031,0.390838958534,0.218457887843,0,0.75386996904,16,0.28171755233,0.148832070707,0.0697399527187,0.501646903821,0.265479886518,0,0.75386996904,19,0.233995168046,0.238709677419,0.0913250472031,0.36978810663,0.174106645872,0,0.5960591133,0.470588235294,0.45703125,0.49696969697,0.5390625,0.470588235294,-0.0859375,-0.00606060606061,0.078125,False,False,False,False,NO_PASS,PRIMARY_AUC|CLIFF|WINNER_SAFETY|DATE_CONSISTENCY|BOOTSTRAP|LODO|BH_FDR
d1_high_to_close_drawdown_raw,D1_PRICE_ACTION,1,51,0,50,0.0135633335637,0.208928571429,0.604464285714,1,0.604464285714,0.6171875,0.59375,0.0126528582739,12,6,6,0,0.5,0.00725723802497,-0.0795847750865,0.204633204633,0.486772486772,0.9212,0.460207612457,0.602316602317,0.743386243386,0.9212,0.315368463154,1,True,False,True,16,0.0480650211793,0.0480460921844,0.0319918345977,0.0603880992037,0.0302337717635,0,0.107176581681,35,0.0380097439402,0.0344827586207,0.0125976607853,0.0562606880827,0.0276247020318,0,0.110247026532,16,0.0358960019543,0.0353932339105,0.0207573920042,0.0495227943021,0.0210376416007,0.00422733677783,0.0790166204986,19,0.0397897371914,0.0344827586207,0.0109763208892,0.0652962628769,0.0326392745966,0,0.110247026532,1,0.572727272727,0.605050505051,0.651515151515,1,0.145454545455,0.210101010101,0.30303030303,False,False,False,False,NO_PASS,CLIFF|DATE_CONSISTENCY|BH_FDR
d1_low_to_close_recovery,D1_PRICE_ACTION,1,51,0,51,-0.00311040828556,-0.0571428571429,0.471428571429,-1,0.528571428571,0.52734375,0.529605263158,0.00173438425375,12,6,6,0,0.5,5.05673807514e-05,-0.31316017316,0.0592592592593,0.442857142857,0.61495,0.34341991342,0.52962962963,0.721428571429,0.61495,0.739126087391,1,True,False,True,16,0.0490648386547,0.0431628836399,0.0309413580247,0.0687879139032,0.0278481269341,0,0.0972966080082,35,0.0510625933907,0.0462732919255,0.02330306167,0.0697195856987,0.0303865478263,0.00137362637363,0.116666666667,16,0.051048099688,0.0448972678937,0.0361155625449,0.069103968712,0.029215539462,0.00447427293065,0.104046242775,19,0.0510747986141,0.04952,0.02330306167,0.0707668371036,0.0321372191953,0.00137362637363,0.116666666667,0.882352941176,0.478991596639,0.52734375,0.579831932773,0.882352941176,-0.0420168067227,0.0546875,0.159663865546,False,False,False,False,NO_PASS,PRIMARY_AUC|CLIFF|WINNER_SAFETY|DATE_CONSISTENCY|BOOTSTRAP|BH_FDR
d1_open_to_close_return_raw,D1_PRICE_ACTION,1,51,0,51,-0.00391818362948,-0.0178571428571,0.491071428571,-1,0.508928571429,0.50390625,0.513157894737,-0.0103576619529,12,6,6,0,0.5,-0.00137601742911,-0.273504273504,0.0197368421053,0.316500916501,0.5447,0.363247863248,0.509868421053,0.65825045825,0.5447,0.902709729027,1,True,False,True,16,0.0143390198409,0.0185238095238,-0.0124387570913,0.0408846075915,0.0449081269225,-0.0653495440729,0.0972966080082,35,0.0148320588361,0.0224419931533,-0.0121485301314,0.0464540009016,0.0477918208574,-0.0910224438903,0.095041322314,16,0.0174034415272,0.00816614757089,-0.010158279068,0.0437549724314,0.0423062723168,-0.050139275766,0.095041322314,19,0.0126666839383,0.0277580071174,-0.0132143564356,0.0453004427577,0.0530281824262,-0.0910224438903,0.0778260869565,0.647058823529,0.478787878788,0.505050505051,0.544117647059,0.647058823529,-0.0424242424242,0.010101010101,0.0882352941176,False,False,False,False,NO_PASS,PRIMARY_AUC|CLIFF|WINNER_SAFETY|DATE_CONSISTENCY|BOOTSTRAP|LODO|BH_FDR
d1_close_location,D1_PRICE_ACTION,1,51,0,50,-0.0220974431472,-0.105357142857,0.447321428571,-1,0.552678571429,0.55078125,0.554276315789,0.00476081260952,12,5,7,0,0.416666666667,-0.0308664992663,-0.189285714286,0.101973684211,0.400020242915,0.74845,0.405357142857,0.550986842105,0.700010121457,0.74845,0.551244875512,1,True,False,True,16,0.499646994229,0.536726086265,0.295584045584,0.592613636364,0.2779020927,0,1,35,0.556242189382,0.558823529412,0.341961924907,0.798501992853,0.292361620797,0.0135135135135,1,16,0.552429198208,0.541486898874,0.465707594513,0.771430515239,0.259930598262,0.0689655172414,0.953367875648,19,0.559453129318,0.628571428571,0.280671602327,0.847014510207,0.324231873049,0.0135135135135,1,1,0.521484375,0.556565656566,0.590909090909,1,0.04296875,0.113131313131,0.181818181818,False,False,False,False,NO_PASS,PRIMARY_AUC|CLIFF|WINNER_SAFETY|DATE_CONSISTENCY|BOOTSTRAP|BH_FDR
d1_intraday_range,D1_PRICE_ACTION,1,51,0,51,0.00551015171619,0.167857142857,0.583928571429,1,0.583928571429,0.609375,0.5625,0.0100076829086,12,8,4,0,0.666666666667,0.0103866899476,-0.210526315789,0.170967741935,0.538720538721,0.8068,0.394736842105,0.585483870968,0.76936026936,0.8068,0.300369963004,1,True,False,True,16,0.0994693195879,0.0984919828526,0.0811742852528,0.115091952395,0.0233552018906,0.0657894736842,0.144702842377,35,0.0906882787283,0.0929818311364,0.0788982750656,0.102719863147,0.022694110459,0.0487670369495,0.137283236994,16,0.0881566150282,0.088484299944,0.0749265279312,0.100769579269,0.0236544049884,0.0500958116616,0.132778702163,19,0.0928202060548,0.0929818311364,0.0827187315819,0.104005729235,0.022272180764,0.0487670369495,0.137283236994,1,0.53781512605,0.58203125,0.640756302521,1,0.0756302521008,0.1640625,0.281512605042,False,False,False,False,NO_PASS,PRIMARY_AUC|CLIFF|BOOTSTRAP|BH_FDR
d1_afternoon_return,D1_PRICE_ACTION,1,51,0,51,0.00610906270119,0.025,0.5125,1,0.5125,0.42578125,0.585526315789,-0.00557026961853,12,6,6,0,0.5,-0.000614417220224,-0.290598290598,0.025641025641,0.30407523511,0.5651,0.354700854701,0.512820512821,0.652037617555,0.5651,0.864613538646,1,True,False,True,16,-0.00343239152128,0.00472593683673,-0.021654110731,0.0194507847485,0.035154530853,-0.0731707317073,0.0484951870355,35,-0.00349014691411,-0.00138312586445,-0.0187338926551,0.0171298036338,0.0287127144573,-0.0859962406015,0.0340293890178,16,0.00599239061847,0.0102962064553,-0.00546993583372,0.0185794403258,0.0209150018133,-0.0344086021505,0.0340293890178,19,-0.0114754416784,-0.00394205183798,-0.0263016283301,0.0128769094354,0.0323337538741,-0.0859962406015,0.0314490132872,0.764705882353,0.478787878788,0.515625,0.54296875,0.764705882353,-0.0424242424242,0.03125,0.0859375,False,False,False,False,NO_PASS,PRIMARY_AUC|CLIFF|WINNER_SAFETY|DATE_CONSISTENCY|BOOTSTRAP|LODO|BH_FDR
d1_last_hour_return,D1_PRICE_ACTION,1,51,0,51,0.00763570294666,0.139285714286,0.569642857143,1,0.569642857143,0.61328125,0.532894736842,0.00766797358034,12,5,7,0,0.416666666667,-0.00310072274202,-0.245791245791,0.134948096886,0.477777777778,0.7582,0.377104377104,0.567474048443,0.738888888889,0.7582,0.326667333267,1,True,False,True,16,0.000337285789484,0.00559276265448,-0.0095225902311,0.0157377765343,0.0274753853226,-0.0457719162141,0.0554323725055,35,-0.00309127162663,-0.00204294029218,-0.0119026490978,0.0113881984364,0.0189020114317,-0.0520156046814,0.0299572039943,16,-0.00233502374906,-0.00207521092586,-0.00896178610051,0.00345230164497,0.0132414293954,-0.0355731225296,0.0204081632653,19,-0.00372811194458,0,-0.0200013799635,0.0148042586012,0.0229744267529,-0.0520156046814,0.0299572039943,1,0.516806722689,0.56512605042,0.609375,1,0.0336134453782,0.13025210084,0.21875,False,False,False,False,NO_PASS,PRIMARY_AUC|CLIFF|DATE_CONSISTENCY|BOOTSTRAP|BH_FDR
break_volume_ratio_vs_board_days,D1_VOLUME_ACTIVITY,1,51,0,51,0.581638226824,0.282142857143,0.641071428571,1,0.641071428571,0.69140625,0.598684210526,0.587764355235,12,7,5,0,0.583333333333,0.577840605254,-0.0726495726496,0.283400809717,0.588897306397,0.94555,0.463675213675,0.641700404858,0.794448653199,0.94555,0.0801919808019,1,True,False,True,16,3.42216991551,2.65296719166,2.33768202824,2.85318890512,3.31503345059,1.16700977347,15.2525537205,35,2.80483133929,2.07132896484,1.55479597043,2.75857158509,2.54206364718,0.874809704836,13.281248477,16,2.46420304206,2.06520283643,1.41952328291,2.68909331043,2.23280932703,0.874809704836,10.4181675741,19,3.09167622117,2.07132896484,1.77391483365,2.92168983033,2.80386294683,1.19543167004,13.281248477,1,0.590336134454,0.640625,0.676767676768,1,0.180672268908,0.28125,0.353535353535,False,False,False,False,NO_PASS,CLIFF|DATE_CONSISTENCY|BH_FDR
d1_up_bar_volume_ratio,D1_VOLUME_ACTIVITY,1,51,0,51,0.0462674541789,0.242857142857,0.621428571429,1,0.621428571429,0.63671875,0.608552631579,0.0403321964216,12,8,4,0,0.666666666667,0.0826266096133,-0.040404040404,0.245791245791,0.540544468887,0.95205,0.479797979798,0.622895622896,0.770272234444,0.95205,0.0727927207279,1,True,False,True,16,0.54765233453,0.541416211915,0.493623131186,0.608318479239,0.0930820664216,0.348970125509,0.713783254146,35,0.500977884089,0.495148757736,0.414457911406,0.585603990958,0.118443859065,0.255228176296,0.744714039872,16,0.492865322023,0.501084015494,0.440565251693,0.560438711629,0.106313413389,0.255228176296,0.672933203591,19,0.507809515303,0.461425193664,0.406892122858,0.620044067698,0.130278830117,0.322947432884,0.744714039872,1,0.593939393939,0.619140625,0.658585858586,1,0.187878787879,0.23828125,0.317171717172,False,False,False,False,NO_PASS,CLIFF|BH_FDR
down_bar_volume_ratio,D1_VOLUME_ACTIVITY,1,51,0,51,-0.0484506287746,-0.2,0.4,-1,0.6,0.609375,0.592105263158,0.0386128825427,12,7,5,0,0.583333333333,0.0586364563779,-0.0888030888031,0.207142857143,0.50505400021,0.9136,0.455598455598,0.603571428571,0.752527000105,0.9136,0.150384961504,1,True,False,True,16,0.429265043688,0.438970106312,0.364154097433,0.47851217814,0.0892990753791,0.26936089183,0.619624146116,35,0.462747601778,0.487420735087,0.383163922228,0.555758208485,0.129978551795,0.206692105972,0.744771823704,16,0.471723646848,0.477582988855,0.383289329763,0.525000582165,0.133395509457,0.206692105972,0.744771823704,19,0.455188826982,0.497251429298,0.364509036496,0.555758208485,0.130196498448,0.225386697797,0.637930129494,1,0.571428571429,0.6,0.636363636364,1,0.142857142857,0.2,0.272727272727,False,False,False,False,NO_PASS,CLIFF|DATE_CONSISTENCY|BH_FDR
volume_above_d1_close_ratio,D1_CHIP_DISTRIBUTION,1,51,0,48,0.0377898649343,0.101785714286,0.550892857143,1,0.550892857143,0.5703125,0.534539473684,0.0494657228338,12,8,4,0,0.666666666667,0.0297923447937,-0.186525576648,0.104377104377,0.388034063199,0.75675,0.406737211676,0.552188552189,0.694017031599,0.75675,0.47795220478,1,True,False,True,16,0.549417775357,0.505090027459,0.348471444424,0.755365406664,0.294665774013,0.0251083769375,1,35,0.496982673167,0.467300162525,0.199821571138,0.799462670202,0.328018369432,0.0178866801047,1,16,0.480752103817,0.455624304625,0.233263465718,0.629738085608,0.284327028155,0.141933829324,0.974070648645,19,0.510650521041,0.469184628534,0.154404545748,0.844936103932,0.368018232176,0.0178866801047,1,1,0.5185546875,0.5517578125,0.586868686869,1,0.037109375,0.103515625,0.173737373737,False,False,False,False,NO_PASS,PRIMARY_AUC|CLIFF|WINNER_SAFETY|BOOTSTRAP|BH_FDR
amount_above_d1_close_ratio,D1_CHIP_DISTRIBUTION,1,51,0,48,0.0414667069753,0.101785714286,0.550892857143,1,0.550892857143,0.5703125,0.534539473684,0.0509109128361,12,8,4,0,0.666666666667,0.0298406870501,-0.186525576648,0.104377104377,0.388034063199,0.75675,0.406737211676,0.552188552189,0.694017031599,0.75675,0.480451954805,1,True,False,True,16,0.554894144838,0.513003686974,0.354335568423,0.761916026601,0.294256700362,0.0258165074439,1,35,0.501304714357,0.471536979999,0.205543248183,0.8030515882,0.327117839803,0.0182520427702,1,16,0.486104840035,0.462092774138,0.241726244197,0.636139228334,0.282824637837,0.143499148225,0.974638189221,19,0.514104608523,0.474175568319,0.157978664893,0.848585181634,0.36754067304,0.0182520427702,1,1,0.5185546875,0.5517578125,0.586868686869,1,0.037109375,0.103515625,0.173737373737,False,False,False,False,NO_PASS,PRIMARY_AUC|CLIFF|WINNER_SAFETY|BOOTSTRAP|BH_FDR
high_zone_volume_ratio,D1_CHIP_DISTRIBUTION,1,51,0,47,-0.0328904659966,-0.121428571429,0.439285714286,-1,0.560714285714,0.52734375,0.588815789474,-0.0120858178487,12,6,6,0,0.5,0.0120500593943,-0.181481481481,0.11937716263,0.405405405405,0.78595,0.409259259259,0.559688581315,0.702702702703,0.78595,0.730426957304,1,True,False,True,16,0.216845897647,0.201858362698,0.101722797945,0.272348488249,0.174214540668,0,0.585670444251,35,0.26798397599,0.234748828694,0.126496068167,0.338487863637,0.20127457264,0,0.725810868725,16,0.255176113839,0.189772544849,0.125190223146,0.308177962063,0.221173619335,0,0.725810868725,19,0.278769544117,0.247095450465,0.143865681764,0.420909425335,0.188383175016,0,0.624362212807,1,0.519957983193,0.561616161616,0.60404040404,1,0.0399159663866,0.123232323232,0.208080808081,False,False,False,False,NO_PASS,PRIMARY_AUC|CLIFF|WINNER_SAFETY|DATE_CONSISTENCY|BOOTSTRAP|BH_FDR
high_zone_amount_ratio,D1_CHIP_DISTRIBUTION,1,51,0,47,-0.0382921713701,-0.132142857143,0.433928571429,-1,0.566071428571,0.52734375,0.598684210526,-0.00961526797553,12,6,6,0,0.5,0.0151167974078,-0.177419354839,0.12962962963,0.417016657806,0.80125,0.411290322581,0.564814814815,0.708508328903,0.80125,0.707629237076,1,True,False,True,16,0.222367528556,0.207252008732,0.105134098976,0.278678906432,0.177180049282,0,0.596556592792,35,0.273711914797,0.245544180102,0.129180123046,0.343575426033,0.203177690074,0,0.7324501675,16,0.260410625469,0.197636740756,0.128151485932,0.311629450674,0.223219651546,0,0.7324501675,19,0.284913000546,0.256919122209,0.14972356519,0.426173459198,0.190166608802,0,0.632514810969,1,0.524159663866,0.565656565657,0.612121212121,1,0.0483193277311,0.131313131313,0.224242424242,False,False,False,False,NO_PASS,PRIMARY_AUC|CLIFF|WINNER_SAFETY|DATE_CONSISTENCY|BOOTSTRAP|BH_FDR
late_day_sell_volume_ratio,D1_LATE_DAY_PRESSURE,1,51,0,51,-0.000502912235467,0,0.5,1,0.5,0.46484375,0.529605263158,-0.00591157627042,12,5,7,0,0.416666666667,-0.0106171405213,-0.363636363636,-0.00673400673401,0.367016317016,0.48455,0.318181818182,0.496632996633,0.683508158508,0.48455,1,1,True,False,True,16,0.0767838515795,0.0627591123522,0.0411260910354,0.105093603137,0.0419306202785,0.0293394464883,0.161044638588,35,0.0719261636633,0.0632620245876,0.052871471466,0.0836553745407,0.0320987423499,0.0191261846584,0.153949165095,16,0.0740013825747,0.0686706886226,0.0551077090589,0.0777048857137,0.0317305887983,0.0287915212271,0.149558478207,19,0.0701786108958,0.0558580713536,0.0514750877692,0.0897175758987,0.0331677650267,0.0191261846584,0.153949165095,0.411764705882,0.453781512605,0.49609375,0.544117647059,0.411764705882,-0.0924369747899,-0.0078125,0.0882352941176,False,False,False,False,NO_PASS,PRIMARY_AUC|CLIFF|WINNER_SAFETY|DATE_CONSISTENCY|BOOTSTRAP|LODO|BH_FDR
late_day_sell_amount_ratio,D1_LATE_DAY_PRESSURE,1,51,0,51,-0.000743345215377,-0.0107142857143,0.494642857143,-1,0.505357142857,0.53515625,0.480263157895,0.00662108797648,12,7,5,0,0.583333333333,0.010433441886,-0.355212355212,0.0185185185185,0.392857142857,0.53175,0.322393822394,0.509259259259,0.696428571429,0.53175,0.953904609539,1,True,False,True,16,0.0763062628801,0.063167351658,0.0412199996983,0.10286668748,0.0407968196474,0.0297633940598,0.158126917064,35,0.071705980957,0.0639106968733,0.052812971118,0.0840154277403,0.0310488718569,0.0201425607167,0.150637417839,16,0.0740997238727,0.0697884396344,0.0556437770558,0.0795906155298,0.0306579316119,0.028680120987,0.146863453676,19,0.0696901974489,0.0560776778531,0.0519945080295,0.0884629252816,0.0320672792379,0.0201425607167,0.150637417839,0.647058823529,0.460084033613,0.509765625,0.552521008403,0.647058823529,-0.0798319327731,0.01953125,0.105042016807,False,False,False,False,NO_PASS,PRIMARY_AUC|CLIFF|WINNER_SAFETY|DATE_CONSISTENCY|BOOTSTRAP|LODO|BH_FDR
d1_close_to_vwap_raw,D1_VWAP_POSITION,1,51,0,51,-0.00232204733144,-0.121428571429,0.439285714286,-1,0.560714285714,0.59765625,0.529605263158,0.00322372729021,12,7,5,0,0.583333333333,0.00770708583365,-0.174074448943,0.125506072874,0.419512195122,0.79195,0.412962775529,0.562753036437,0.709756097561,0.79195,0.379362063794,1,True,False,True,16,-0.00370341212478,0.00204469304556,-0.0179987137684,0.0102883778036,0.0237481309397,-0.0594578485968,0.0333441671968,35,0.00251147376122,0.00436674037701,-0.0115947965298,0.0172265793952,0.0256683973762,-0.0530438619751,0.0611121704466,16,0.00465749689929,0.00526842033578,-0.00308319206517,0.0119756218602,0.0187761094274,-0.0343019518154,0.0422379486315,19,0.000704296381796,0.00319772093982,-0.0254563942414,0.0215468046177,0.0307115544456,-0.0530438619751,0.0611121704466,1,0.523232323232,0.563636363636,0.589898989899,1,0.0464646464646,0.127272727273,0.179797979798,False,False,False,False,NO_PASS,PRIMARY_AUC|CLIFF|WINNER_SAFETY|DATE_CONSISTENCY|BOOTSTRAP|BH_FDR
d1_close_to_ma5_raw,D1_MA_POSITION,1,51,0,51,-0.00385339723374,-0.132142857143,0.433928571429,-1,0.566071428571,0.53515625,0.592105263158,0.00123969257746,12,8,4,0,0.666666666667,0.0142590176781,-0.162393162393,0.140740740741,0.4370422852,0.81955,0.418803418803,0.57037037037,0.7185211426,0.81955,0.52304769523,1,True,False,True,16,0.124174569865,0.125886402057,0.100186465989,0.142136578045,0.0350198149966,0.0740482011876,0.197496522949,35,0.127202590381,0.129739799291,0.111147341929,0.150637726907,0.0406085131005,0.0134399825879,0.195241585386,16,0.128542044273,0.127126094635,0.105915620373,0.159589775609,0.0411707719707,0.0525082044069,0.195241585386,19,0.126074629209,0.132361614289,0.123341717495,0.147244119487,0.0412238999198,0.0134399825879,0.179728518376,1,0.545454545455,0.557575757576,0.608080808081,1,0.0909090909091,0.115151515152,0.216161616162,False,False,False,False,NO_PASS,PRIMARY_AUC|CLIFF|WINNER_SAFETY|BOOTSTRAP|BH_FDR
d1_low_to_ma5_raw,D1_MA_POSITION,1,51,0,51,-0.00924557407851,-0.075,0.4625,-1,0.5375,0.55078125,0.526315789474,0.0141177768942,12,4,8,0,0.333333333333,-0.0116382658875,-0.231818575024,0.0703703703704,0.348148148148,0.6771,0.384090712488,0.535185185185,0.674074074074,0.6771,0.765723427657,1,True,False,True,16,0.0697887187503,0.0682180003676,0.0472179452154,0.0893566269904,0.0255062209475,0.0348770726129,0.121590909091,35,0.0704199077054,0.0774635744461,0.0518836463041,0.0919427303071,0.0299889570956,0.00447909754479,0.125449764738,16,0.0723394081986,0.0823357772618,0.0530555097021,0.0917231833866,0.0312406650744,0.00447909754479,0.125449764738,19,0.0688034862374,0.0764106232675,0.0523292657889,0.0903657456221,0.0296546736467,0.00614276636306,0.103715561547,1,0.506302521008,0.535353535354,0.5703125,1,0.0126050420168,0.0707070707071,0.140625,False,False,False,False,NO_PASS,PRIMARY_AUC|CLIFF|WINNER_SAFETY|DATE_CONSISTENCY|BOOTSTRAP|BH_FDR
d1_high_to_ma5_raw,D1_MA_POSITION,1,51,0,51,0.0107756094683,0.160714285714,0.580357142857,1,0.580357142857,0.5703125,0.588815789474,0.00679404504947,12,9,3,0,0.75,0.0156873006009,-0.11583011583,0.17037037037,0.418803418803,0.8898,0.442084942085,0.585185185185,0.709401709402,0.8898,0.352164783522,1,True,False,True,16,0.182373564113,0.184647493343,0.164590579561,0.199858591955,0.0261510686587,0.136561954625,0.224050137094,35,0.173284615688,0.173871883875,0.160352287704,0.196424989769,0.0283298598877,0.0965257988237,0.212806558767,16,0.171690815091,0.177853448294,0.156401417024,0.200714235713,0.0334945381971,0.0965257988237,0.207940306913,19,0.174626763559,0.173871883875,0.161303885735,0.188898160367,0.0240192310502,0.119953204919,0.212806558767,1,0.556722689076,0.581818181818,0.614141414141,1,0.113445378151,0.163636363636,0.228282828283,False,False,False,False,NO_PASS,PRIMARY_AUC|CLIFF|WINNER_SAFETY|BOOTSTRAP|BH_FDR
d1_close_to_ma10_raw,D1_MA_POSITION,1,51,0,51,0.00708978778941,0.0107142857143,0.505357142857,1,0.505357142857,0.49609375,0.513157894737,0.00227432160622,12,7,5,0,0.583333333333,0.0108002933048,-0.273172858763,0.00346020761246,0.273360098187,0.5039,0.363413570618,0.501730103806,0.636680049094,0.5039,0.936106389361,1,True,False,True,16,0.226390566296,0.226237063085,0.182296475909,0.261019307489,0.0620897653737,0.123800822293,0.329134441717,35,0.222033409353,0.219147275296,0.173576975597,0.267352211014,0.0721734323179,0.052007286386,0.380028642104,16,0.226248455734,0.223962741479,0.1785472785,0.280471769706,0.0802715628472,0.0813311538106,0.380028642104,19,0.218483896612,0.219147275296,0.173576975597,0.257618157494,0.0666373446552,0.052007286386,0.344122744131,0.705882352941,0.47268907563,0.510504201681,0.533333333333,0.705882352941,-0.0546218487395,0.0210084033613,0.0666666666667,False,False,False,False,NO_PASS,PRIMARY_AUC|CLIFF|WINNER_SAFETY|DATE_CONSISTENCY|BOOTSTRAP|LODO|BH_FDR
d1_low_to_ma10_raw,D1_MA_POSITION,1,51,0,51,-0.00187044414212,0.0428571428571,0.521428571429,1,0.521428571429,0.48828125,0.549342105263,-0.000583395186079,12,7,5,0,0.583333333333,0.0242690515196,-0.336708754209,0.0535714285714,0.394480124905,0.6091,0.331645622896,0.526785714286,0.697240062453,0.6091,0.66903309669,1,True,False,True,16,0.16722615841,0.159969419572,0.119348930056,0.21083199721,0.0580920293071,0.0963910461398,0.275376051167,35,0.160174305263,0.161839863714,0.124558288509,0.201062530155,0.0572738235048,0.0466413431803,0.26025257128,16,0.164741652453,0.160552814758,0.126254225122,0.218092348895,0.0636907454841,0.0591246954323,0.26025257128,19,0.156328118156,0.161839863714,0.123938126942,0.183477770798,0.0527401295561,0.0466413431803,0.248779276203,0.764705882353,0.48046875,0.521484375,0.560924369748,0.764705882353,-0.0390625,0.04296875,0.121848739496,False,False,False,False,NO_PASS,PRIMARY_AUC|CLIFF|WINNER_SAFETY|DATE_CONSISTENCY|BOOTSTRAP|LODO|BH_FDR
d1_close_to_ma20,D1_MA_POSITION,1,51,0,51,0.0146667422119,0.0714285714286,0.535714285714,1,0.535714285714,0.4921875,0.572368421053,0.00176853765867,12,6,6,0,0.5,0.00774272967748,-0.265993265993,0.0726643598616,0.39446366782,0.66365,0.367003367003,0.536332179931,0.69723183391,0.66365,0.554444555544,1,True,False,True,16,0.294050319774,0.290548299301,0.235619892526,0.323058497132,0.0995299267787,0.107260206148,0.494010618147,35,0.286618914073,0.275881557089,0.211706775913,0.319686527797,0.118986269028,0.0392151050775,0.578628938428,16,0.295764158157,0.288779761643,0.225324885618,0.361917881194,0.132390678759,0.0392151050775,0.578628938428,19,0.278917655896,0.275881557089,0.199601990279,0.303705071041,0.109541588259,0.136310498013,0.568618408917,0.941176470588,0.5,0.535714285714,0.573737373737,0.941176470588,0,0.0714285714286,0.147474747475,False,False,False,False,NO_PASS,PRIMARY_AUC|CLIFF|WINNER_SAFETY|DATE_CONSISTENCY|BOOTSTRAP|BH_FDR
d1_ma5_slope,D1_MA_POSITION,1,51,0,51,-0.00175907107954,-0.00357142857143,0.498214285714,-1,0.501785714286,0.52734375,0.480263157895,-0.00021075494258,12,4,8,0,0.333333333333,-0.010505321802,-0.316498316498,0,0.325942760943,0.498,0.341750841751,0.5,0.662971380471,0.498,0.993300669933,1,True,False,True,16,0.0570615064751,0.0590201743377,0.0459542651133,0.0653549564264,0.0139979574598,0.0285938112025,0.0827782487586,35,0.056085824005,0.0607792454172,0.0449710373881,0.0685446334461,0.018435582859,0.00740009866798,0.0950793356794,16,0.0580514798302,0.0588094193951,0.0452329347218,0.0699545187406,0.0203974583705,0.0243084969246,0.0950793356794,19,0.0544305348891,0.0607792454172,0.0449710373881,0.0675164794027,0.0169981685256,0.00740009866798,0.0757672227174,0.411764705882,0.46875,0.49696969697,0.550420168067,0.411764705882,-0.0625,-0.00606060606061,0.100840336134,False,False,False,False,NO_PASS,PRIMARY_AUC|CLIFF|WINNER_SAFETY|DATE_CONSISTENCY|BOOTSTRAP|LODO|BH_FDR
d1_ma10_slope,D1_MA_POSITION,1,51,0,51,-0.000452605960599,-0.025,0.4875,-1,0.5125,0.546875,0.483552631579,0.000284047123157,12,7,5,0,0.583333333333,0.00428731115399,-0.32962962963,0.0311418685121,0.38158492823,0.56445,0.335185185185,0.515570934256,0.690792464115,0.56445,0.856214378562,1,True,False,True,16,0.0328091945565,0.0317522668352,0.0222084843163,0.042063438436,0.0139925382019,0.0148354195642,0.0640469829107,35,0.0332687048008,0.0322048727958,0.0236193310706,0.0373291900695,0.0135455395292,0.00374589808681,0.069127010471,16,0.0339756403713,0.0320363139584,0.0256471951645,0.0401559985725,0.0144794399218,0.00374589808681,0.0570851360532,19,0.0326733906361,0.0322048727958,0.0233586851095,0.0373291900695,0.0130784670045,0.0143790849673,0.069127010471,0.647058823529,0.47268907563,0.513671875,0.548828125,0.647058823529,-0.0546218487395,0.02734375,0.09765625,False,False,False,False,NO_PASS,PRIMARY_AUC|CLIFF|WINNER_SAFETY|DATE_CONSISTENCY|BOOTSTRAP|LODO|BH_FDR
d1_ma20_slope,D1_MA_POSITION,1,51,0,51,0.00397649450544,0.125,0.5625,1,0.5625,0.578125,0.549342105263,0.0043042901229,12,6,6,0,0.5,-0.00176478358039,-0.228571428571,0.121457489879,0.460322681704,0.74645,0.385714285714,0.560728744939,0.730161340852,0.74645,0.670432956704,1,True,False,True,16,0.0190919198424,0.019192447629,0.0133524087244,0.0257037749274,0.00994886251681,0.0023912651146,0.0343739621388,35,0.017383207616,0.0152159531235,0.0090300578953,0.0229760246135,0.0102899569812,0.000711891555186,0.0431316765107,16,0.0168566867674,0.0148881575061,0.00923954318773,0.0231861436657,0.0100022814876,0.000711891555186,0.0381798152371,19,0.0178265935937,0.0165820735324,0.0093565152338,0.0211301906659,0.0107785124616,0.00432692307692,0.0431316765107,1,0.529411764706,0.559595959596,0.617647058824,1,0.0588235294118,0.119191919192,0.235294117647,False,False,False,False,NO_PASS,PRIMARY_AUC|CLIFF|WINNER_SAFETY|DATE_CONSISTENCY|BOOTSTRAP|BH_FDR
d1_close_above_ma5,D1_MA_POSITION,1,51,0,1,0,0,0.5,1,0.5,0.5,0.5,0,12,0,0,12,0,0,0,0,0,0,0.5,0.5,0.5,0,1,1,True,False,True,16,1,1,1,1,0,1,1,35,1,1,1,1,0,1,1,16,1,1,1,1,0,1,1,19,1,1,1,1,0,1,1,0,0.5,0.5,0.5,0,0,0,0,False,False,False,False,NO_PASS,PRIMARY_AUC|CLIFF|WINNER_SAFETY|DATE_CONSISTENCY|BOOTSTRAP|LODO|BH_FDR
d1_close_above_ma10,D1_MA_POSITION,1,51,0,1,0,0,0.5,1,0.5,0.5,0.5,0,12,0,0,12,0,0,0,0,0,0,0.5,0.5,0.5,0,1,1,True,False,True,16,1,1,1,1,0,1,1,35,1,1,1,1,0,1,1,16,1,1,1,1,0,1,1,19,1,1,1,1,0,1,1,0,0.5,0.5,0.5,0,0,0,0,False,False,False,False,NO_PASS,PRIMARY_AUC|CLIFF|WINNER_SAFETY|DATE_CONSISTENCY|BOOTSTRAP|LODO|BH_FDR
d1_true_reclaim_ma5,D1_MA_POSITION,1,51,0,1,0,0,0.5,1,0.5,0.5,0.5,0,12,0,0,12,0,0,0,0,0,0,0.5,0.5,0.5,0,1,1,True,False,True,16,0,0,0,0,0,0,0,35,0,0,0,0,0,0,0,16,0,0,0,0,0,0,0,19,0,0,0,0,0,0,0,0,0.5,0.5,0.5,0,0,0,0,False,False,False,False,NO_PASS,PRIMARY_AUC|CLIFF|WINNER_SAFETY|DATE_CONSISTENCY|BOOTSTRAP|LODO|BH_FDR
d1_true_reclaim_ma10,D1_MA_POSITION,1,51,0,1,0,0,0.5,1,0.5,0.5,0.5,0,12,0,0,12,0,0,0,0,0,0,0.5,0.5,0.5,0,1,1,True,False,True,16,0,0,0,0,0,0,0,35,0,0,0,0,0,0,0,16,0,0,0,0,0,0,0,19,0,0,0,0,0,0,0,0,0.5,0.5,0.5,0,0,0,0,False,False,False,False,NO_PASS,PRIMARY_AUC|CLIFF|WINNER_SAFETY|DATE_CONSISTENCY|BOOTSTRAP|LODO|BH_FDR
consecutive_days_below_ma5,D1_MA_POSITION,1,51,0,1,0,0,0.5,1,0.5,0.5,0.5,0,12,0,0,12,0,0,0,0,0,0,0.5,0.5,0.5,0,1,1,True,False,True,16,0,0,0,0,0,0,0,35,0,0,0,0,0,0,0,16,0,0,0,0,0,0,0,19,0,0,0,0,0,0,0,0,0.5,0.5,0.5,0,0,0,0,False,False,False,False,NO_PASS,PRIMARY_AUC|CLIFF|WINNER_SAFETY|DATE_CONSISTENCY|BOOTSTRAP|LODO|BH_FDR
consecutive_days_below_ma10,D1_MA_POSITION,1,51,0,1,0,0,0.5,1,0.5,0.5,0.5,0,12,0,0,12,0,0,0,0,0,0,0.5,0.5,0.5,0,1,1,True,False,True,16,0,0,0,0,0,0,0,35,0,0,0,0,0,0,0,16,0,0,0,0,0,0,0,19,0,0,0,0,0,0,0,0,0.5,0.5,0.5,0,0,0,0,False,False,False,False,NO_PASS,PRIMARY_AUC|CLIFF|WINNER_SAFETY|DATE_CONSISTENCY|BOOTSTRAP|LODO|BH_FDR
break_day_in_pool,POOL_MEMBERSHIP,1,51,0,1,0,0,0.5,1,0.5,0.5,0.5,0,12,0,0,12,0,0,0,0,0,0,0.5,0.5,0.5,0,1,1,True,False,True,16,0,0,0,0,0,0,0,35,0,0,0,0,0,0,0,16,0,0,0,0,0,0,0,19,0,0,0,0,0,0,0,0,0.5,0.5,0.5,0,0,0,0,False,False,False,False,NO_PASS,PRIMARY_AUC|CLIFF|WINNER_SAFETY|DATE_CONSISTENCY|BOOTSTRAP|LODO|BH_FDR
last_board_day_in_pool,POOL_MEMBERSHIP,1,51,0,1,0,0,0.5,1,0.5,0.5,0.5,0,12,0,0,12,0,0,0,0,0,0,0.5,0.5,0.5,0,1,1,True,False,True,16,1,1,1,1,0,1,1,35,1,1,1,1,0,1,1,16,1,1,1,1,0,1,1,19,1,1,1,1,0,1,1,0,0.5,0.5,0.5,0,0,0,0,False,False,False,False,NO_PASS,PRIMARY_AUC|CLIFF|WINNER_SAFETY|DATE_CONSISTENCY|BOOTSTRAP|LODO|BH_FDR
pool_consecutive_count_last_board,POOL_MEMBERSHIP,1,51,0,2,0.5,0.3,0.65,1,0.65,0.625,0.671052631579,0.5,12,6,3,3,0.5,0.25,0.0252525252525,0.297697368421,0.569523438273,0.98245,0.512626262626,0.648848684211,0.784761719137,0.98245,0.147885211479,1,True,False,True,16,2.5,2.5,2,3,0.516397779494,2,3,35,2.2,2,2,2,0.405839724957,2,3,16,2.25,2,2,2.25,0.4472135955,2,3,19,2.15789473684,2,2,2,0.374634324633,2,3,1,0.626050420168,0.647058823529,0.682773109244,1,0.252100840336,0.294117647059,0.365546218487,False,False,False,False,NO_PASS,DATE_CONSISTENCY|BH_FDR
recent_7d_cumulative_return,RECENT_7D_PATH,1,51,0,51,-0.00189955341356,0.05,0.525,1,0.525,0.546875,0.506578947368,0.0186643952269,12,9,3,0,0.75,0.0292236808943,-0.273356401384,0.0535714285714,0.340928683386,0.63045,0.363321799308,0.526785714286,0.670464341693,0.63045,0.671832816718,1,True,False,True,16,0.339721344155,0.341523988579,0.283234236726,0.379993224058,0.0792999266134,0.209728867624,0.484230055659,35,0.324273288542,0.343423541992,0.24619730316,0.413191521721,0.126156413609,0.0492957746479,0.6392808815,16,0.32436432826,0.322859593352,0.232924387514,0.418908776925,0.146612637147,0.116193961574,0.6392808815,19,0.324196623517,0.356670113754,0.266394992625,0.403642372176,0.110225969608,0.0492957746479,0.459694989107,0.823529411765,0.489495798319,0.525210084034,0.559595959596,0.823529411765,-0.0210084033613,0.0504201680672,0.119191919192,False,False,False,False,NO_PASS,PRIMARY_AUC|CLIFF|WINNER_SAFETY|BOOTSTRAP|BH_FDR
recent_7d_max_drawdown,RECENT_7D_PATH,1,51,0,51,-0.0139758252394,-0.153571428571,0.423214285714,-1,0.576785714286,0.5859375,0.569078947368,0.0115749180818,12,7,5,0,0.583333333333,0.00662177486518,-0.239382239382,0.15,0.474052070544,0.78855,0.380308880309,0.575,0.737026035272,0.78855,0.336766323368,1,True,False,True,16,0.0788624711077,0.0716619981326,0.0605641138095,0.097214973052,0.0258705175924,0.0442655935614,0.127612091702,35,0.0857609847801,0.085637823372,0.0684763312105,0.101380006344,0.0304767575251,0.0252707581227,0.17597551645,16,0.0852278772814,0.0832369162144,0.0663969629573,0.100300658796,0.0274574032404,0.0457769181173,0.136962247586,19,0.0862099174107,0.085637823372,0.0768940951589,0.101380006344,0.0335520342622,0.0252707581227,0.17597551645,1,0.542016806723,0.573737373737,0.620202020202,1,0.0840336134454,0.147474747475,0.240404040404,False,False,False,False,NO_PASS,PRIMARY_AUC|CLIFF|WINNER_SAFETY|DATE_CONSISTENCY|BOOTSTRAP|BH_FDR
recent_7d_close_position,RECENT_7D_PATH,1,51,0,51,-0.0477209742698,-0.135714285714,0.432142857143,-1,0.567857142857,0.578125,0.559210526316,0.043758341655,12,7,5,0,0.583333333333,0.0354868187804,-0.12539184953,0.133333333333,0.389961389961,0.846,0.437304075235,0.566666666667,0.694980694981,0.846,0.427857214279,1,True,False,True,16,0.846498403141,0.837687734668,0.801278505786,0.916641971127,0.0922152389052,0.689466484268,0.994688385269,35,0.864401087172,0.885408708938,0.785792130737,0.95062387534,0.105401784698,0.557247602933,0.989938513136,16,0.869403470331,0.881446076323,0.800454628644,0.941314582193,0.0868242748671,0.710804020101,0.989938513136,19,0.860188553986,0.906886517944,0.780660502683,0.967123196674,0.121085338622,0.557247602933,0.978511829923,1,0.541015625,0.567226890756,0.610101010101,1,0.08203125,0.134453781513,0.220202020202,False,False,False,False,NO_PASS,PRIMARY_AUC|CLIFF|WINNER_SAFETY|DATE_CONSISTENCY|BOOTSTRAP|BH_FDR
recent_7d_limit_up_count,RECENT_7D_PATH,1,51,0,4,1,0.391071428571,0.695535714286,1,0.695535714286,0.70703125,0.685855263158,1,12,7,3,2,0.583333333333,0.5,0.100320723684,0.392424242424,0.7004048583,0.99645,0.550160361842,0.696212121212,0.85020242915,0.99645,0.0740925907409,1,True,False,True,16,2.875,3,2,3,0.80622577483,2,5,35,2.37142857143,2,2,3,0.645605702181,2,5,16,2.3125,2,2,3,0.478713553878,2,3,19,2.42105263158,2,2,3,0.768533196976,2,5,1,0.672268907563,0.690909090909,0.741596638655,1,0.344537815126,0.381818181818,0.483193277311,False,False,False,False,NO_PASS,DATE_CONSISTENCY|BH_FDR
closing_completion_gap,CONTROL_REPRESENTATION,1,51,0,40,0.0410714285715,0.0357142857143,0.517857142857,1,0.517857142857,0.490234375,0.541118421053,-0.030357142857,12,6,6,0,0.5,0.045138888889,-0.363249711649,0.0366795366795,0.446296296296,0.5647,0.318375144175,0.51833976834,0.723148148148,0.5647,0.830416958304,,False,True,True,16,0.364031498016,0.366071428571,0.141865079365,0.5,0.240100364119,0.025,0.8,35,0.342417800454,0.325,0.147817460317,0.482142857143,0.227114437282,0.05,0.821428571429,16,0.353112599206,0.396428571429,0.190476190476,0.461904761905,0.206317835919,0.05,0.775,19,0.333411654135,0.225,0.133928571429,0.520833333334,0.248537499472,0.0555555555556,0.821428571429,0.823529411765,0.454831932773,0.516806722689,0.577777777778,0.823529411765,-0.0903361344538,0.0336134453782,0.155555555556,False,False,False,False,NO_PASS,CONTROL_NOT_IN_GATE
stage1_strength,CONTROL_REPRESENTATION,1,51,0,19,-0.017857142857,-0.0464285714286,0.476785714286,-1,0.523214285714,0.486328125,0.554276315789,0.017857142857,12,6,5,1,0.5,0.0535714285715,-0.260683760684,0.0519031141869,0.380487804878,0.62185,0.369658119658,0.525951557093,0.690243902439,0.62185,0.783721627837,,False,True,True,16,0.835119047619,0.857142857143,0.729166666667,1,0.162003937878,0.5,1,35,0.823046358404,0.875,0.8,1,0.242076983971,0,1,16,0.803337374431,0.875,0.761904761905,0.926682692308,0.240438381428,0,1,19,0.839643397538,0.888888888889,0.825757575757,1,0.248756344813,0,1,0.764705882353,0.492929292929,0.524159663866,0.564646464646,0.764705882353,-0.0141414141414,0.0483193277311,0.129292929293,False,False,False,False,NO_PASS,CONTROL_NOT_IN_GATE
strength_x_gap,CONTROL_REPRESENTATION,1,51,0,45,0.071428571428,0.146428571429,0.573214285714,1,0.573214285714,0.560546875,0.583881578947,0.0142857142855,12,7,5,0,0.583333333333,0.092857142857,-0.266409266409,0.148148148148,0.542087542088,0.75385,0.366795366795,0.574074074074,0.771043771044,0.75385,0.397760223978,,False,True,True,16,0.311421130952,0.285714285714,0.101339285715,0.428571428571,0.23133990344,0.025,0.75,35,0.253643296188,0.214285714286,0.1,0.357892416226,0.182958618055,0,0.7265625,16,0.263874391186,0.271428571428,0.151909722222,0.359890572391,0.181257090197,0,0.7265625,19,0.245027637243,0.190384615385,0.1,0.341071428571,0.188887671385,0,0.684523809524,1,0.512605042017,0.573737373737,0.634343434343,1,0.0252100840336,0.147474747475,0.268686868687,False,False,False,False,NO_PASS,CONTROL_NOT_IN_GATE
