event_id,signal_date,code,board_group,candidate_count,stage1_score,stage1_logit,stage1_rank,stage1_rank_percentile,target7,loss,nonloss,raw_repair_return,capped_return_7,rank_d1_close_ma10_pct,rank_d1_low_ma10_pct,rank_trend_hold_score,rank_total_score,rank_theme_score,rank_days_since_d0,rank_log_candidate_base_price,rank_active_money_score,rank_d1_close_vwap_pct,inter_close_low,inter_close_trend,inter_total_trend,inter_total_active,inter_low_active,spread_close_low,days_since_d0_le1,days_since_d0_eq2,days_since_d0_ge3,contrib__rank_d1_close_ma10_pct,contrib__rank_d1_low_ma10_pct,contrib__rank_trend_hold_score,contrib__rank_total_score,contrib__rank_theme_score,contrib__rank_days_since_d0,contrib__rank_log_candidate_base_price,contrib__rank_active_money_score,contrib__rank_d1_close_vwap_pct,contrib__inter_close_low,contrib__inter_close_trend,contrib__inter_total_trend,contrib__inter_total_active,contrib__inter_low_active,contrib__spread_close_low,contrib__days_since_d0_le1,contrib__days_since_d0_eq2,contrib__days_since_d0_ge3
600280_2026-06-03,2026-06-03,600280,BOARD3,7,0.661570074138,0.670298852907,1,0,0,1,0,-0.0125313283208,-0.0125313283208,1,0.857142857143,0.857142857143,0.571428571429,0.357142857143,0.571428571429,0.285714285714,1,0.857142857143,0.857142857143,0.857142857143,0.489795918367,0.571428571429,0.857142857143,0.142857142857,1,0,0,0.0440765386079,0.0432941931658,0.0137967967712,-0.0126694435164,0.0166189960903,0.0115288417849,0.000342848746335,0.0810356767723,0.0376510452889,0.0512823865427,0.0349669454908,-0.000378901881327,0.0203739642341,0.06528714326,-0.000919050488399,0.132817244232,0,-0
002579_2026-06-03,2026-06-03,002579,BOARD2,7,0.648088228314,0.610646346331,2,0.166666666667,0,0,1,0.0540254237288,0.0540254237288,0.857142857143,1,0.857142857143,0.857142857143,0.357142857143,0.571428571429,0.714285714286,0.714285714286,0.428571428571,0.857142857143,0.734693877551,0.734693877551,0.612244897959,0.714285714286,-0.142857142857,1,0,0,0.0377798902354,0.0505098920267,0.0137967967712,-0.0190041652746,0.0166189960903,0.0115288417849,0.000857121865839,0.0578826262659,0.0188255226445,0.0512823865427,0.0299716675636,-0.000568352821991,0.0218292473937,0.0544059527166,0.000919050488399,0.132817244232,0,-0
001210_2026-06-03,2026-06-03,001210,BOARD2,7,0.640125977555,0.57591096436,3,0.333333333333,0,1,0,-0.244557534634,-0.244557534634,0.714285714286,0.714285714286,0.857142857143,0.285714285714,0.857142857143,0.571428571429,0.857142857143,0.714285714286,0.571428571429,0.510204081633,0.612244897959,0.244897959184,0.204081632653,0.510204081633,0,1,0,0,0.0314832418628,0.0360784943048,0.0137967967712,-0.00633472175821,0.0398855906167,0.0115288417849,0.00102854623901,0.0578826262659,0.0251006968593,0.0305252300849,0.0249763896363,-0.000189450940664,0.00727641579789,0.0388613947976,-0,0.132817244232,0,-0
002404_2026-06-03,2026-06-03,002404,BOARD2,7,0.632443506963,0.54271387017,4,0.5,0,0,1,0.0299319727891,0.0299319727891,0.571428571429,0.571428571429,0.5,0.142857142857,0.857142857143,0.571428571429,0.571428571429,0.714285714286,1,0.326530612245,0.285714285714,0.0714285714286,0.102040816327,0.408163265306,0,1,0,0,0.0251865934902,0.0288627954438,0.00804813144987,-0.0031673608791,0.0398855906167,0.0115288417849,0.000685697492671,0.0578826262659,0.0439262195037,0.0195361472544,0.0116556484969,-5.52565243602e-05,0.00363820789895,0.0310891158381,-0,0.132817244232,0,-0
000055_2026-06-03,2026-06-03,000055,BOARD2,7,0.600695323283,0.408363130092,5,0.666666666667,0,0,1,0,0,0.428571428571,0.428571428571,0.5,1,0.357142857143,0.571428571429,0.142857142857,0.428571428571,0.142857142857,0.183673469388,0.214285714286,0.5,0.428571428571,0.183673469388,0,1,0,0,0.0188899451177,0.0216470965829,0.00804813144987,-0.0221715261537,0.0166189960903,0.0115288417849,0.000171424373168,0.0347295757596,0.00627517421482,0.0109890828306,0.0087417363727,-0.000386795670522,0.0152804731756,0.0139901021271,-0,0.132817244232,0,-0
002421_2026-06-03,2026-06-03,002421,BOARD2,7,0.592765147736,0.375408228024,6,0.833333333333,0,0,1,0.0698151950719,0.0698151950719,0.285714285714,0.142857142857,0.214285714286,0.714285714286,0.857142857143,0.571428571429,0.428571428571,0.142857142857,0.714285714286,0.0408163265306,0.0612244897959,0.15306122449,0.102040816327,0.0204081632653,0.142857142857,1,0,0,0.0125932967451,0.00721569886096,0.0034491991928,-0.0158368043955,0.0398855906167,0.0115288417849,0.000514273119503,0.0115765252532,0.0313758710741,0.0024420184068,0.00249763896363,-0.000118406837915,0.00363820789895,0.0015544557919,-0.000919050488399,0.132817244232,0,-0
603045_2026-06-03,2026-06-03,603045,BOARD2,7,0.588764385877,0.358859759031,7,1,1,0,1,0.154815115807,0.07,0.142857142857,0.285714285714,0.214285714286,0.428571428571,0.357142857143,0.571428571429,1,0.285714285714,0.285714285714,0.0408163265306,0.030612244898,0.0918367346939,0.122448979592,0.0816326530612,-0.142857142857,1,0,0,0.00629664837256,0.0144313977219,0.0034491991928,-0.00950208263731,0.0166189960903,0.0115288417849,0.00119997061217,0.0231530505064,0.0125503484296,0.0024420184068,0.00124881948181,-7.10441027489e-05,0.00436584947874,0.00621782316762,0.000919050488399,0.132817244232,0,-0
600121_2026-06-04,2026-06-04,600121,BOARD3,6,0.65292892361,0.631938687359,1,0,0,1,0,-0.00709219858156,-0.00709219858156,0.833333333333,1,0.666666666667,0.5,0.666666666667,0.583333333333,0.166666666667,0.916666666667,0.166666666667,0.833333333333,0.555555555556,0.333333333333,0.458333333333,0.916666666667,-0.166666666667,1,0,0,0.0386810428974,0.0521393993835,0.0174052170313,-0.00840399089525,0.0328950214479,0.0107097236713,0.00118767991334,0.0759441864827,0.0037432009682,0.0491727694616,0.0256168047327,0.00245704453504,0.0205986981735,0.0748882861252,0.000953691317769,0.134866881998,0,-0
600487_2026-06-04,2026-06-04,600487,BOARD2,6,0.640526468833,0.577649898095,2,0.2,0,0,1,0.0659375,0.0659375,1,0.833333333333,0.666666666667,0.833333333333,0.666666666667,0.583333333333,1,0.5,1,0.833333333333,0.666666666667,0.555555555556,0.416666666667,0.416666666667,0.166666666667,1,0,0,0.0464172514768,0.0434494994862,0.0174052170313,-0.0140066514921,0.0328950214479,0.0107097236713,0.00712607948006,0.0414241017179,0.0224592058092,0.0491727694616,0.0307401656793,0.00409507422507,0.0187260892486,0.0340401300569,-0.000953691317769,0.134866881998,0,-0
002137_2026-06-04,2026-06-04,002137,BOARD2,6,0.621397884231,0.49548576495,3,0.4,0,0,1,0.0068359375,0.0068359375,0.333333333333,0.5,0.666666666667,0.333333333333,0.666666666667,0.583333333333,0.5,0.916666666667,0.5,0.166666666667,0.222222222222,0.222222222222,0.305555555556,0.458333333333,-0.166666666667,1,0,0,0.0154724171589,0.0260696996917,0.0174052170313,-0.00560266059683,0.0328950214479,0.0107097236713,0.00356303974003,0.0759441864827,0.0112296029046,0.00983455389233,0.0102467218931,0.00163802969003,0.013732465449,0.0374441430626,0.000953691317769,0.134866881998,0,-0
000700_2026-06-04,2026-06-04,000700,BOARD2,6,0.612046066852,0.455920948737,4,0.6,0,1,0,-0.0651340996169,-0.0651340996169,0.5,0.333333333333,0.666666666667,0.166666666667,0.666666666667,0.583333333333,0.666666666667,0.666666666667,0.666666666667,0.166666666667,0.333333333333,0.111111111111,0.111111111111,0.222222222222,0.166666666667,1,0,0,0.0232086257384,0.0173797997945,0.0174052170313,-0.00280133029842,0.0328950214479,0.0107097236713,0.00475071965337,0.0552321356238,0.0149728038728,0.00983455389233,0.0153700828396,0.000819014845013,0.00499362379963,0.0181547360304,-0.000953691317769,0.134866881998,0,-0
603311_2026-06-04,2026-06-04,603311,BOARD2,6,0.608505916141,0.441036231035,5,0.8,0,0,1,0.0277923439958,0.0277923439958,0.666666666667,0.666666666667,0.666666666667,1,0.166666666667,0.583333333333,0.833333333333,0.25,0.833333333333,0.444444444444,0.444444444444,0.666666666667,0.25,0.166666666667,0,1,0,0,0.0309448343179,0.034759599589,0.0174052170313,-0.0168079817905,0.00822375536198,0.0107097236713,0.00593839956672,0.0207120508589,0.018716004841,0.0262254770462,0.0204934437862,0.00491408907008,0.0112356535492,0.0136160520228,-0,0.134866881998,0,-0
600936_2026-06-04,2026-06-04,600936,BOARD2,6,0.582327156051,0.332333957497,6,1,0,1,0,-0.0455284552846,-0.0455284552846,0.166666666667,0.166666666667,0.166666666667,0.666666666667,0.666666666667,0.583333333333,0.333333333333,0.25,0.333333333333,0.0277777777778,0.0277777777778,0.111111111111,0.166666666667,0.0416666666667,0,1,0,0,0.00773620857947,0.00868989989724,0.00435130425782,-0.0112053211937,0.0328950214479,0.0107097236713,0.00237535982669,0.0207120508589,0.00748640193641,0.00163909231539,0.00128084023664,0.000819014845013,0.00749043569945,0.00340401300569,-0,0.134866881998,0,-0
600688_2026-06-05,2026-06-05,600688,BOARD2,6,0.659782465301,0.662324961703,1,0,0,0,1,0.00302114803625,0.00302114803625,1,1,0.833333333333,0.666666666667,0.25,0.583333333333,0.333333333333,0.916666666667,0.333333333333,1,0.833333333333,0.555555555556,0.611111111111,0.916666666667,0,1,0,0,0.055781877234,0.0616523792778,0.0191312422169,-0.0212575059263,0.0113666481407,0.00932395444245,0.00627639460971,0.083787936496,0.0111510790317,0.0746441289349,0.0434011020548,-0.00324266481664,0.0249430523668,0.0883859157513,-0,0.129411950343,0,-0
600255_2026-06-05,2026-06-05,600255,BOARD3,6,0.643192287344,0.589246710064,2,0.2,1,0,1,0.0896551724138,0.07,0.833333333333,0.833333333333,0.833333333333,0.833333333333,0.75,0.583333333333,0.5,0.666666666667,0.833333333333,0.694444444444,0.694444444444,0.694444444444,0.555555555556,0.555555555556,0,1,0,0,0.046484897695,0.0513769827315,0.0191312422169,-0.0265718824079,0.0340999444221,0.00932395444245,0.00941459191456,0.060936681088,0.0278776975793,0.0518362006492,0.0361675850456,-0.0040533310208,0.0226755021516,0.0535672216674,-0,0.129411950343,0,-0
605162_2026-06-05,2026-06-05,605162,BOARD2,6,0.626879956026,0.518854863031,3,0.4,0,1,0,-0.0449915110357,-0.0449915110357,0.666666666667,0.5,0.5,0.166666666667,0.75,0.583333333333,0.666666666667,0.916666666667,0.5,0.333333333333,0.333333333333,0.0833333333333,0.152777777778,0.458333333333,0.166666666667,1,0,0,0.037187918156,0.0308261896389,0.0114787453302,-0.00531437648157,0.0340999444221,0.00932395444245,0.0125527892194,0.083787936496,0.0167266185476,0.0248813763116,0.0173604408219,-0.000486399722496,0.00623576309169,0.0441929578756,-0.0009784170073,0.129411950343,0,-0
001896_2026-06-05,2026-06-05,001896,BOARD2,6,0.612742396022,0.458854497797,4,0.6,1,0,1,0.0850528434826,0.07,0.5,0.666666666667,0.833333333333,1,0.75,0.583333333333,0.833333333333,0.5,0.166666666667,0.333333333333,0.416666666667,0.833333333333,0.5,0.333333333333,-0.166666666667,1,0,0,0.027890938617,0.0411015861852,0.0191312422169,-0.0318862588894,0.0340999444221,0.00932395444245,0.0156909865243,0.045702510816,0.00557553951587,0.0248813763116,0.0217005510274,-0.00486399722496,0.0204079519365,0.0321403330005,0.0009784170073,0.129411950343,0,-0
002787_2026-06-05,2026-06-05,002787,BOARD2,6,0.584055502965,0.339444186867,5,0.8,0,0,1,0.0670498084291,0.0670498084291,0.333333333333,0.166666666667,0.25,0.5,0.75,0.583333333333,1,0.166666666667,1,0.0555555555556,0.0833333333333,0.125,0.0833333333333,0.0277777777778,0.166666666667,1,0,0,0.018593959078,0.0102753965463,0.00573937266508,-0.0159431294447,0.0340999444221,0.00932395444245,0.0188291838291,0.015234170272,0.0334532370952,0.00414689605194,0.00434011020548,-0.000729599583743,0.00340132532274,0.00267836108337,-0.0009784170073,0.129411950343,0,-0
600439_2026-06-05,2026-06-05,600439,BOARD2,6,0.579469160203,0.320594625921,6,1,0,1,0,-0.0113636363636,-0.0113636363636,0.166666666667,0.333333333333,0.25,0.333333333333,0.25,0.583333333333,0.166666666667,0.333333333333,0.666666666667,0.0555555555556,0.0416666666667,0.0833333333333,0.111111111111,0.111111111111,-0.166666666667,1,0,0,0.009296979539,0.0205507930926,0.00573937266508,-0.0106287529631,0.0113666481407,0.00932395444245,0.00313819730485,0.030468340544,0.0223021580635,0.00414689605194,0.00217005510274,-0.000486399722496,0.00453510043032,0.0107134443335,0.0009784170073,0.129411950343,0,-0
000520_2026-06-08,2026-06-08,000520,BOARD2,3,0.591371261451,0.369636998044,1,0,0,1,0,-0.0109409190372,-0.0109409190372,1,1,1,0.666666666667,0.333333333333,0.666666666667,0.666666666667,0.833333333333,0.666666666667,1,1,0.666666666667,0.555555555556,0.833333333333,0,0,0,1,0.0461057971864,0.0557060203059,0.0158650542346,-0.0208685791949,0.0138007228609,0.0123282342754,0.0218646497498,0.069900382945,0.0184354487891,0.0670335467638,0.0439271143968,-0.00413971028953,0.0218710441184,0.0731760061891,-0,0,0,-0.119017763301
600293_2026-06-08,2026-06-08,600293,BOARD2,3,0.566017213282,0.265619618525,2,0.5,0,1,0,-0.0172839506173,-0.0172839506173,0.666666666667,0.666666666667,0.666666666667,0.333333333333,0.833333333333,0.666666666667,0.333333333333,0.833333333333,1,0.444444444444,0.444444444444,0.222222222222,0.277777777778,0.555555555556,0,0,0,1,0.0307371981242,0.0371373468706,0.0105767028231,-0.0104342895974,0.0345018071521,0.0123282342754,0.0109323248749,0.069900382945,0.0276531731837,0.0297926874506,0.0195231619541,-0.00137990342984,0.0109355220592,0.0487840041261,-0,0,0,-0.119017763301
003036_2026-06-08,2026-06-08,003036,BOARD2,3,0.523107889091,0.0924974489576,3,1,0,0,1,0.0681933842239,0.0681933842239,0.333333333333,0.333333333333,0.333333333333,1,0.833333333333,0.666666666667,1,0.333333333333,0.333333333333,0.111111111111,0.111111111111,0.333333333333,0.333333333333,0.111111111111,0,0,0,1,0.0153685990621,0.0185686734353,0.00528835141153,-0.0313028687923,0.0345018071521,0.0123282342754,0.0327969746246,0.027960153178,0.00921772439456,0.00744817186265,0.00488079048853,-0.00206985514476,0.013122626471,0.00975680082521,-0,0,0,-0.119017763301
603859_2026-06-09,2026-06-09,603859,BOARD2,9,0.626528279519,0.517351625419,1,0,0,0,1,0.0640412922959,0.0640412922959,0.888888888889,0.888888888889,0.944444444444,0.888888888889,0.722222222222,0.555555555556,0.888888888889,0.833333333333,0.888888888889,0.79012345679,0.83950617284,0.83950617284,0.740740740741,0.740740740741,0,1,0,0,0.0412774352321,0.04967917376,0.0162823192536,-0.0258559442071,0.030721482903,0.0112721939602,0.0300972531966,0.0702014731646,0.0259811270451,0.0532596540065,0.0384334314774,-0.000977887014374,0.0324285061678,0.0652216883327,-0,0.106519150891,0,-0
603500_2026-06-09,2026-06-09,603500,BOARD3,9,0.611437680055,0.453359468055,2,0.125,1,0,1,0.0936270653029,0.07,1,0.666666666667,0.5,0.111111111111,0.222222222222,0.555555555556,0.666666666667,1,1,0.666666666667,0.5,0.0555555555556,0.111111111111,0.666666666667,0.333333333333,1,0,0,0.0464371146361,0.03725938032,0.00862005136956,-0.00323199302588,0.00945276397016,0.0112721939602,0.0225729398975,0.0842417677975,0.0292287679257,0.044937833068,0.0228904996299,-6.47131112453e-05,0.00486427592517,0.0586995194994,-0.00315065194799,0.106519150891,0,-0
002421_2026-06-09,2026-06-09,002421,BOARD2,9,0.592821129716,0.375640143643,3,0.25,0,1,0,-0.142105263158,-0.142105263158,0.777777777778,1,0.944444444444,1,0.722222222222,0.555555555556,0.444444444444,0.277777777778,0.444444444444,0.777777777778,0.734567901235,0.944444444444,0.277777777778,0.277777777778,-0.222222222222,1,0,0,0.0361177558281,0.0558890704801,0.0162823192536,-0.029087937233,0.030721482903,0.0112721939602,0.0150486265983,0.0234004910549,0.0129905635226,0.0524274719126,0.0336292525427,-0.00110012289117,0.0121606898129,0.0244581331247,0.002100434632,0.106519150891,0,-0
003009_2026-06-09,2026-06-09,003009,BOARD2,9,0.591826599503,0.371521600399,4,0.375,0,1,0,-0.0131004366812,-0.0131004366812,0.555555555556,0.555555555556,0.5,0.722222222222,0.222222222222,0.555555555556,1,0.833333333333,0.777777777778,0.308641975309,0.277777777778,0.361111111111,0.601851851852,0.462962962963,0,1,0,0,0.02579839702,0.0310494836,0.00862005136956,-0.0210079546682,0.00945276397016,0.0112721939602,0.0338594098462,0.0702014731646,0.0227334861645,0.0208045523463,0.0127169442388,-0.000420635223095,0.0263481612613,0.0407635552079,-0,0.106519150891,0,-0
000068_2026-06-09,2026-06-09,000068,BOARD2,9,0.581605518672,0.32936769223,5,0.5,0,1,0,-0.0503978779841,-0.0503978779841,0.666666666667,0.777777777778,0.5,0.722222222222,0.222222222222,0.555555555556,0.222222222222,0.555555555556,0.222222222222,0.518518518519,0.333333333333,0.361111111111,0.401234567901,0.432098765432,-0.111111111111,1,0,0,0.030958076424,0.04346927704,0.00862005136956,-0.0210079546682,0.00945276397016,0.0112721939602,0.00752431329916,0.0468009821097,0.00649528176128,0.0349516479417,0.0152603330866,-0.000420635223095,0.0175654408409,0.0380459848607,0.001050217316,0.106519150891,0,-0
002361_2026-06-09,2026-06-09,002361,BOARD2,9,0.576456113378,0.308242073731,6,0.625,0,0,1,0.047323943662,0.047323943662,0.444444444444,0.444444444444,0.5,0.333333333333,0.722222222222,0.555555555556,0.777777777778,0.555555555556,0.555555555556,0.197530864198,0.222222222222,0.166666666667,0.185185185185,0.246913580247,0,1,0,0,0.020638717616,0.02483958688,0.00862005136956,-0.00969597907765,0.030721482903,0.0112721939602,0.0263350965471,0.0468009821097,0.0162382044032,0.0133149135016,0.0101735553911,-0.000194139333736,0.00810712654195,0.0217405627776,-0,0.106519150891,0,-0
002613_2026-06-09,2026-06-09,002613,BOARD2,9,0.565011080731,0.261524785048,7,0.75,0,1,0,-0.013698630137,-0.013698630137,0.333333333333,0.333333333333,0.5,0.333333333333,0.722222222222,0.555555555556,0.333333333333,0.555555555556,0.333333333333,0.111111111111,0.166666666667,0.166666666667,0.185185185185,0.185185185185,0,1,0,0,0.015479038212,0.01862969016,0.00862005136956,-0.00969597907765,0.030721482903,0.0112721939602,0.0112864699487,0.0468009821097,0.00974292264191,0.00748963884466,0.0076301665433,-0.000194139333736,0.00810712654195,0.0163054220832,-0,0.106519150891,0,-0
000517_2026-06-09,2026-06-09,000517,BOARD2,9,0.547631865776,0.191106978832,8,0.875,0,0,1,0.0147783251232,0.0147783251232,0.222222222222,0.222222222222,0.5,0.333333333333,0.722222222222,0.555555555556,0.111111111111,0.277777777778,0.111111111111,0.0493827160494,0.111111111111,0.166666666667,0.0925925925926,0.0617283950617,0,1,0,0,0.010319358808,0.01241979344,0.00862005136956,-0.00969597907765,0.030721482903,0.0112721939602,0.00376215664958,0.0234004910549,0.00324764088064,0.0033287283754,0.00508677769554,-0.000194139333736,0.00405356327098,0.00543514069439,-0,0.106519150891,0,-0
000759_2026-06-09,2026-06-09,000759,BOARD2,9,0.542700800948,0.171220277735,9,1,0,0,1,0.00649350649351,0.00649350649351,0.111111111111,0.111111111111,0.111111111111,0.555555555556,0.722222222222,0.555555555556,0.555555555556,0.111111111111,0.666666666667,0.0123456790123,0.0123456790123,0.0617283950617,0.0617283950617,0.0123456790123,0,1,0,0,0.00515967940401,0.00620989672001,0.00191556697101,-0.0161599651294,0.030721482903,0.0112721939602,0.0188107832479,0.00936019642195,0.0194858452838,0.000832182093851,0.000565197521726,-7.19034569392e-05,0.00270237551398,0.00108702813888,-0,0.106519150891,0,-0
603929_2026-06-10,2026-06-10,603929,BOARD2,7,0.606701516414,0.433468110578,1,0,1,0,1,0.0850540374308,0.07,1,1,0.142857142857,0.428571428571,0.428571428571,0.571428571429,1,0.714285714286,0.857142857143,1,0.142857142857,0.0612244897959,0.30612244898,0.714285714286,0,1,0,0,0.0467641709293,0.0589754349477,0.00355375121209,-0.00728140092807,0.0203701504569,0.0112073590627,0.0360038604597,0.0581830713649,0.0220710481054,0.0673640640847,0.00690608991681,0.000665905502407,0.0148643669963,0.060922231514,-0,0.101029354563,0,-0
603616_2026-06-10,2026-06-10,603616,BOARD2,7,0.595411918467,0.386383999067,2,0.166666666667,0,0,1,0.0160583941606,0.0160583941606,0.571428571429,0.857142857143,0.642857142857,0.285714285714,0.428571428571,0.571428571429,0.142857142857,1,0.142857142857,0.489795918367,0.367346938776,0.183673469388,0.285714285714,0.857142857143,-0.285714285714,1,0,0,0.0267223833882,0.0505503728123,0.0159918804544,-0.00485426728538,0.0203701504569,0.0112073590627,0.0051434086371,0.0814562999109,0.00367850801756,0.0329946436333,0.0177585169289,0.00199771650722,0.0138734091966,0.0731066778168,0.00348893257668,0.101029354563,0,-0
603186_2026-06-10,2026-06-10,603186,BOARD2,7,0.593746482363,0.379475038483,3,0.333333333333,1,0,1,0.12896813445,0.07,0.857142857143,0.714285714286,0.642857142857,0.857142857143,0.928571428571,0.571428571429,0.857142857143,0.428571428571,1,0.612244897959,0.551020408163,0.551020408163,0.367346938776,0.30612244898,0.142857142857,1,0,0,0.0400835750823,0.0421253106769,0.0159918804544,-0.0145628018561,0.04413532599,0.0112073590627,0.0308604518226,0.0349098428189,0.0257495561229,0.0412433045417,0.0266377753934,0.00599314952166,0.0178372403956,0.0261095277917,-0.00174446628834,0.101029354563,0,-0
001696_2026-06-10,2026-06-10,001696,BOARD2,7,0.582844901318,0.334463023551,4,0.5,1,0,1,0.202105263158,0.07,0.714285714286,0.428571428571,0.642857142857,0.571428571429,0.928571428571,0.571428571429,0.428571428571,0.714285714286,0.714285714286,0.30612244898,0.459183673469,0.367346938776,0.408163265306,0.30612244898,0.285714285714,1,0,0,0.0334029792352,0.0252751864062,0.0159918804544,-0.00970853457076,0.04413532599,0.0112073590627,0.0154302259113,0.0581830713649,0.0183925400878,0.0206216522708,0.0221981461612,0.00399543301444,0.0198191559951,0.0261095277917,-0.00348893257668,0.101029354563,0,-0
002747_2026-06-10,2026-06-10,002747,BOARD2,7,0.556544588022,0.227150029732,5,0.666666666667,0,0,1,0.0194285714286,0.0194285714286,0.428571428571,0.571428571429,0.642857142857,1,0.428571428571,0.571428571429,0.714285714286,0.214285714286,0.285714285714,0.244897959184,0.275510204082,0.642857142857,0.214285714286,0.122448979592,-0.142857142857,1,0,0,0.0200417875411,0.0337002485415,0.0159918804544,-0.0169899354988,0.0203701504569,0.0112073590627,0.0257170431855,0.0174549214095,0.00735701603513,0.0164973218167,0.0133188876967,0.00699200777527,0.0104050568974,0.0104438111167,0.00174446628834,0.101029354563,0,-0
002362_2026-06-10,2026-06-10,002362,BOARD2,7,0.553336281321,0.214159916075,6,0.833333333333,0,1,0,-0.0082219938335,-0.0082219938335,0.285714285714,0.142857142857,0.642857142857,0.142857142857,0.428571428571,0.571428571429,0.571428571429,0.714285714286,0.428571428571,0.0408163265306,0.183673469388,0.0918367346939,0.102040816327,0.102040816327,0.142857142857,1,0,0,0.0133611916941,0.00842506213538,0.0159918804544,-0.00242713364269,0.0203701504569,0.0112073590627,0.0205736345484,0.0581830713649,0.0110355240527,0.00274955363611,0.00887925846447,0.00099885825361,0.00495478899878,0.00870317593057,-0.00174446628834,0.101029354563,0,-0
002254_2026-06-10,2026-06-10,002254,BOARD3,7,0.540138504497,0.160900249066,7,1,1,0,1,0.0754173862982,0.07,0.142857142857,0.285714285714,0.642857142857,0.714285714286,0.428571428571,0.571428571429,0.285714285714,0.214285714286,0.571428571429,0.0408163265306,0.0918367346939,0.459183673469,0.15306122449,0.0612244897959,-0.142857142857,1,0,0,0.00668059584705,0.0168501242708,0.0159918804544,-0.0121356682134,0.0203701504569,0.0112073590627,0.0102868172742,0.0174549214095,0.0147140320703,0.00274955363611,0.00443962923223,0.00499429126805,0.00743218349816,0.00522190555834,0.00174446628834,0.101029354563,0,-0
002636_2026-06-11,2026-06-11,002636,BOARD3,10,0.600535612351,0.407697325331,1,0,1,0,1,0.0890098899878,0.07,1,0.9,0.75,0.7,0.6,0.6,0.9,0.65,1,0.9,0.75,0.525,0.455,0.585,0.1,1,0,0,0.0447054882787,0.0510822402849,0.0173103885342,-0.0123151052664,0.0275305589214,0.0106651712451,0.0309532418594,0.0511417012712,0.0236877313339,0.058012936638,0.03337310042,0.00688765649549,0.0222074348939,0.047342715528,-0.00120525564823,0.130698256273,0,-0
605318_2026-06-11,2026-06-11,605318,BOARD2,10,0.597700837423,0.39589435954,2,0.111111111111,0,0,1,0.0456747404844,0.0456747404844,0.8,0.8,0.95,0.85,0.1,0.6,1,0.85,0.8,0.64,0.76,0.8075,0.7225,0.68,0,1,0,0,0.035764390623,0.0454064358088,0.0219264921433,-0.0149540563949,0.00458842648689,0.0106651712451,0.0343924909549,0.0668776093547,0.0189501850671,0.0412536438315,0.0338180750923,0.0105938716574,0.0352634543095,0.0550308488189,-0,0.130698256273,0,-0
605589_2026-06-11,2026-06-11,605589,BOARD2,10,0.581178360457,0.327612550465,3,0.222222222222,1,0,1,0.0872881355932,0.07,0.6,0.6,0.6,0.2,0.6,0.6,0.8,1,0.7,0.36,0.36,0.12,0.2,0.6,0,1,0,0,0.0268232929672,0.0340548268566,0.0138483108274,-0.00351860150469,0.0275305589214,0.0106651712451,0.0275139927639,0.0786795404173,0.0165814119337,0.0232051746552,0.0160190882016,0.00157432148468,0.00976150984346,0.0485566313108,-0,0.130698256273,0,-0
605006_2026-06-11,2026-06-11,605006,BOARD2,10,0.580402769619,0.324427017031,4,0.333333333333,0,0,1,0.012037037037,0.012037037037,0.7,0.7,0.95,0.35,0.6,0.6,0.5,0.65,0.9,0.49,0.665,0.3325,0.2275,0.455,0,1,0,0,0.0312938417951,0.0397306313327,0.0219264921433,-0.00615755263321,0.0275305589214,0.0106651712451,0.0171962454774,0.0511417012712,0.0213189582005,0.0315848210585,0.0295908157058,0.00436218244715,0.0111037174469,0.0368221120773,-0,0.130698256273,0,-0
603065_2026-06-11,2026-06-11,603065,BOARD2,10,0.564034881813,0.257553860781,5,0.444444444444,0,0,1,0.0286764705882,0.0286764705882,0.9,1,0.75,1,0.6,0.1,0.1,0.1,0.5,0.9,0.675,0.75,0.1,0.1,-0.1,1,0,0,0.0402349394508,0.056758044761,0.0173103885342,-0.0175930075235,0.0275305589214,0.00177752854085,0.00343924909549,0.00786795404173,0.0118438656669,0.058012936638,0.030035790378,0.00983950927928,0.00488075492173,0.00809277188513,0.00120525564823,0.130698256273,0,-0
002585_2026-06-11,2026-06-11,002585,BOARD2,10,0.547947347533,0.192380540382,6,0.555555555556,0,0,1,0.0257648953301,0.0257648953301,0.5,0.5,0.4,0.55,0.6,0.6,0.2,0.45,0.3,0.25,0.2,0.22,0.2475,0.225,0,1,0,0,0.0223527441393,0.0283790223805,0.00923220721825,-0.0096761541379,0.0275305589214,0.0106651712451,0.00687849819098,0.0354057931878,0.00710631940016,0.0161147046217,0.00889949344535,0.00288625605525,0.0120798684313,0.0182087367415,-0,0.130698256273,0,-0
000029_2026-06-11,2026-06-11,000029,BOARD2,10,0.545473862865,0.182399470626,7,0.666666666667,0,0,1,0.0117970900511,0.0117970900511,0.4,0.4,0.4,0.55,0.6,0.6,0.6,0.45,0.2,0.16,0.16,0.22,0.2475,0.18,0,1,0,0,0.0178821953115,0.0227032179044,0.00923220721825,-0.0096761541379,0.0275305589214,0.0106651712451,0.0206354945729,0.0354057931878,0.00473754626677,0.0103134109579,0.00711959475628,0.00288625605525,0.0120798684313,0.0145669893932,-0,0.130698256273,0,-0
003026_2026-06-11,2026-06-11,003026,BOARD2,10,0.537623134217,0.150777535321,8,0.777777777778,0,1,0,-0.0459548706659,-0.0459548706659,0.1,0.1,0.1,0.1,0.6,0.6,0.7,0.85,0.1,0.01,0.01,0.01,0.085,0.085,0,1,0,0,0.00447054882787,0.0056758044761,0.00230805180456,-0.00175930075235,0.0275305589214,0.0106651712451,0.0240747436684,0.0668776093547,0.00236877313339,0.000644588184867,0.000444974672267,0.000131193457057,0.00414864168347,0.00687885610236,-0,0.130698256273,0,-0
603002_2026-06-11,2026-06-11,603002,BOARD2,10,0.531343667312,0.12553928592,9,0.888888888889,0,0,1,0.0673719376392,0.0673719376392,0.3,0.2,0.2,0.35,0.6,0.6,0.4,0.3,0.6,0.06,0.06,0.07,0.105,0.06,0.1,1,0,0,0.0134116464836,0.0113516089522,0.00461610360912,-0.00615755263321,0.0275305589214,0.0106651712451,0.013756996382,0.0236038621252,0.0142126388003,0.0038675291092,0.0026698480336,0.000918354199399,0.00512479266782,0.00485566313108,-0.00120525564823,0.130698256273,0,-0
002669_2026-06-11,2026-06-11,002669,BOARD2,10,0.529100716074,0.116534566692,10,1,0,1,0,-0.00120481927711,-0.00120481927711,0.2,0.3,0.4,0.85,0.6,0.6,0.3,0.2,0.4,0.06,0.08,0.34,0.17,0.06,-0.1,1,0,0,0.00894109765574,0.0170274134283,0.00923220721825,-0.0149540563949,0.0275305589214,0.0106651712451,0.0103177472865,0.0157359080835,0.00947509253354,0.0038675291092,0.00355979737814,0.00446057753994,0.00829728336694,0.00485566313108,0.00120525564823,0.130698256273,0,-0
002119_2026-06-12,2026-06-12,002119,BOARD2,8,0.586392572125,0.349072201474,1,0,0,0,1,0.0543580131209,0.0543580131209,1,1,0.625,0.375,0.625,0.5625,0.75,0.625,0.75,1,0.625,0.234375,0.234375,0.625,0,1,0,0,0.0499885337585,0.0579910067574,0.0147129187352,-0.00770369905754,0.026959838551,0.0110716595621,0.0272853245327,0.0523287948568,0.0224090032187,0.0677731065054,0.0293067041561,0.00267251927948,0.0111815031591,0.0528267634586,-0,0.121287783917,0,-0
000048_2026-06-12,2026-06-12,000048,BOARD3,8,0.570389237292,0.283439404481,2,0.142857142857,0,1,0,-0.0215053763441,-0.0215053763441,0.875,0.875,0.875,0.5,0.125,0.5625,0.5,0.625,0.25,0.765625,0.765625,0.4375,0.3125,0.546875,0,1,0,0,0.0437399670387,0.0507421309128,0.0205980862293,-0.0102715987434,0.0053919677102,0.0110716595621,0.0181902163552,0.0523287948568,0.00746966773958,0.0518887846682,0.0359007125912,0.00498870265502,0.0149086708788,0.0462234180263,-0,0.121287783917,0,-0
002409_2026-06-12,2026-06-12,002409,BOARD2,8,0.56486602319,0.260934599596,3,0.285714285714,1,0,1,0.0771077107711,0.07,0.625,0.625,0.875,0.625,0.625,0.5625,1,0.625,0.625,0.390625,0.546875,0.546875,0.390625,0.390625,0,1,0,0,0.0312428335991,0.0362443792234,0.0205980862293,-0.0128394984292,0.026959838551,0.0110716595621,0.0363804327103,0.0523287948568,0.0186741693489,0.0264738697287,0.0256433661366,0.00623587831878,0.0186358385985,0.0330167271616,-0,0.121287783917,0,-0
600378_2026-06-12,2026-06-12,600378,BOARD2,8,0.548745109595,0.195601705399,4,0.428571428571,1,0,1,0.0784588441331,0.07,0.75,0.75,0.875,1,0.625,0.5625,0.875,0.125,0.375,0.5625,0.65625,0.875,0.125,0.09375,0,1,0,0,0.0374914003189,0.0434932550681,0.0205980862293,-0.0205431974868,0.026959838551,0.0110716595621,0.0318328786215,0.0104657589714,0.0112045016094,0.0381223724093,0.0307720393639,0.00997740531005,0.00596346835151,0.00792401451879,-0,0.121287783917,0,-0
002165_2026-06-12,2026-06-12,002165,BOARD2,8,0.540653865757,0.162975238596,5,0.571428571429,1,0,1,0.0732356857523,0.07,0.375,0.25,0.375,0.25,0.625,0.5625,0.25,0.9375,0.875,0.09375,0.140625,0.09375,0.234375,0.234375,0.125,1,0,0,0.0187457001594,0.0144977516894,0.00882775124111,-0.00513579937169,0.026959838551,0.0110716595621,0.00909510817758,0.0784931922853,0.0261438370885,0.00635372873488,0.00659400843512,0.00106900771179,0.0111815031591,0.019810036297,-0.00100030912486,0.121287783917,0,-0
600665_2026-06-12,2026-06-12,600665,BOARD2,8,0.533369440337,0.133676466109,6,0.714285714286,0,0,1,0.012987012987,0.012987012987,0.5,0.125,0.125,0.125,0.625,0.5625,0.125,0.9375,1,0.0625,0.0625,0.015625,0.1171875,0.1171875,0.375,1,0,0,0.0249942668793,0.00724887584468,0.00294258374704,-0.00256789968585,0.026959838551,0.0110716595621,0.00454755408879,0.0784931922853,0.0298786709583,0.00423581915659,0.00293067041561,0.000178167951965,0.00559075157954,0.00990501814848,-0.00300092737459,0.121287783917,0,-0
603155_2026-06-12,2026-06-12,603155,BOARD2,8,0.524696049824,0.0988646477224,7,0.857142857143,1,0,1,0.087962962963,0.07,0.25,0.5,0.375,0.875,0.625,0.5625,0.625,0.25,0.5,0.125,0.09375,0.328125,0.21875,0.125,-0.25,1,0,0,0.0124971334396,0.0289955033787,0.00882775124111,-0.0179752978009,0.026959838551,0.0110716595621,0.022737770444,0.0209315179427,0.0149393354792,0.00847163831318,0.00439600562341,0.00374152699127,0.0104360696151,0.0105653526917,0.00200061824973,0.121287783917,0,-0
600178_2026-06-12,2026-06-12,600178,BOARD2,8,0.51858552727,0.0743763766771,8,1,0,1,0,-0.00398803589232,-0.00398803589232,0.125,0.375,0.375,0.75,0.625,0.5625,0.375,0.375,0.125,0.046875,0.046875,0.28125,0.28125,0.140625,-0.25,1,0,0,0.00624856671982,0.021746627534,0.00882775124111,-0.0154073981151,0.026959838551,0.0110716595621,0.0136426622664,0.0313972769141,0.00373483386979,0.00317686436744,0.00219800281171,0.00320702313537,0.0134178037909,0.0118860217782,0.00200061824973,0.121287783917,0,-0
002203_2026-06-15,2026-06-15,002203,BOARD2,3,0.553088870644,0.213158935928,1,0,0,0,1,0.03625,0.03625,1,1,1,1,0.833333333333,0.666666666667,0.666666666667,0.666666666667,1,1,1,1,0.666666666667,0.666666666667,0,0,0,1,0.0551510814984,0.0553775686922,0.0191608629733,-0.0144257210071,0.0427259180617,0.0114532077829,0.025152063498,0.0497202942375,0.0434882210091,0.0687553037201,0.0445790861469,0.0116993273681,0.0310569914667,0.0512669528059,-0,0,0,-0.121496603185
600067_2026-06-15,2026-06-15,600067,BOARD2,3,0.522420645657,0.0897427647438,2,0.5,0,0,1,0.0285714285714,0.0285714285714,0.666666666667,0.666666666667,0.666666666667,0.333333333333,0.833333333333,0.666666666667,0.333333333333,1,0.666666666667,0.444444444444,0.444444444444,0.222222222222,0.333333333333,0.666666666667,0,0,0,1,0.0367673876656,0.0369183791281,0.0127739086489,-0.00480857366904,0.0427259180617,0.0114532077829,0.012576031749,0.0745804413563,0.0289921473394,0.0305579127645,0.0198129271764,0.00259985052625,0.0155284957333,0.0512669528059,-0,0,0,-0.121496603185
603014_2026-06-15,2026-06-15,603014,BOARD2,3,0.472858641154,-0.108672257764,3,1,1,0,1,0.111851637207,0.07,0.333333333333,0.333333333333,0.333333333333,0.666666666667,0.333333333333,0.666666666667,1,0.333333333333,0.333333333333,0.111111111111,0.111111111111,0.222222222222,0.222222222222,0.111111111111,0,0,0,1,0.0183836938328,0.0184591895641,0.00638695432445,-0.00961714733808,0.0170903672247,0.0114532077829,0.0377280952471,0.0248601471188,0.0144960736697,0.00763947819112,0.0049532317941,0.00259985052625,0.0103523304889,0.00854449213431,-0,0,0,-0.121496603185
601958_2026-06-16,2026-06-16,601958,BOARD3,7,0.592319763519,0.373563497132,1,0,0,0,1,0.0439285714286,0.0439285714286,0.857142857143,0.857142857143,0.642857142857,0.357142857143,0.714285714286,0.571428571429,0.714285714286,1,0.714285714286,0.734693877551,0.551020408163,0.229591836735,0.357142857143,0.857142857143,0,1,0,0,0.0502671547387,0.0497246697192,0.0138382070979,-0.00542509891745,0.0374364058352,0.0108927721555,0.0308603810293,0.0788886922613,0.0348301026791,0.0526455371499,0.0256726022314,0.00269293839006,0.0173205332241,0.0701610499888,0,0.114768699749,0,-0
001359_2026-06-16,2026-06-16,001359,BOARD2,7,0.584076635077,0.339531174309,2,0.166666666667,1,0,1,0.120841364284,0.07,0.714285714286,1,0.642857142857,0.571428571429,0.714285714286,0.571428571429,1,0.714285714286,0.571428571429,0.714285714286,0.459183673469,0.367346938776,0.408163265306,0.714285714286,-0.285714285714,1,0,0,0.0418892956156,0.0580121146724,0.0138382070979,-0.00868015826792,0.0374364058352,0.0108927721555,0.043204533441,0.056349065901,0.0278640821433,0.0511831611179,0.0213938351928,0.0043087014241,0.0197948951133,0.0584675416573,-0.000180828339824,0.114768699749,0,-0
000510_2026-06-16,2026-06-16,000510,BOARD3,7,0.572216002721,0.290898158298,3,0.333333333333,0,1,0,-0.0145310435931,-0.0145310435931,1,0.714285714286,0.642857142857,0.857142857143,0.714285714286,0.571428571429,0.571428571429,0.428571428571,1,0.714285714286,0.642857142857,0.551020408163,0.367346938776,0.30612244898,0.285714285714,1,0,0,0.0586450138618,0.041437224766,0.0138382070979,-0.0130202374019,0.0374364058352,0.0108927721555,0.0246883048234,0.0338094395406,0.0487621437508,0.0511831611179,0.02995136927,0.00646305213616,0.0178154056019,0.0250575178531,0.000180828339824,0.114768699749,0,-0
601696_2026-06-16,2026-06-16,601696,BOARD2,7,0.547238939001,0.189520997068,4,0.5,0,1,0,-0.0187265917603,-0.0187265917603,0.571428571429,0.428571428571,0.642857142857,0.142857142857,0.214285714286,0.571428571429,0.285714285714,0.857142857143,0.857142857143,0.244897959184,0.367346938776,0.0918367346939,0.122448979592,0.367346938776,0.142857142857,1,0,0,0.0335114364925,0.0248623348596,0.0138382070979,-0.00217003956698,0.0112309217506,0.0108927721555,0.0123441524117,0.0676188790812,0.041796123215,0.0175485123833,0.0171150681543,0.00107717535603,0.00593846853398,0.0300690214238,9.0414169912e-05,0.114768699749,0,-0
603738_2026-06-16,2026-06-16,603738,BOARD2,7,0.543805034004,0.175670514095,5,0.666666666667,1,0,1,0.129815592478,0.07,0.428571428571,0.571428571429,0.642857142857,0.714285714286,0.714285714286,0.571428571429,0.857142857143,0.428571428571,0.428571428571,0.244897959184,0.275510204082,0.459183673469,0.30612244898,0.244897959184,-0.142857142857,1,0,0,0.0251335773693,0.0331497798128,0.0138382070979,-0.0108501978349,0.0374364058352,0.0108927721555,0.0370324572351,0.0338094395406,0.0208980616075,0.0175485123833,0.0128363011157,0.00538587678013,0.0148461713349,0.0200460142825,-9.0414169912e-05,0.114768699749,0,-0
603335_2026-06-16,2026-06-16,603335,BOARD2,7,0.520929691444,0.0837677148113,6,0.833333333333,1,0,1,0.111922141119,0.07,0.285714285714,0.285714285714,0.642857142857,1,0.714285714286,0.571428571429,0.142857142857,0.428571428571,0.142857142857,0.0816326530612,0.183673469388,0.642857142857,0.428571428571,0.122448979592,0,1,0,0,0.0167557182462,0.0165748899064,0.0138382070979,-0.0151902769689,0.0374364058352,0.0108927721555,0.00617207620586,0.0338094395406,0.00696602053583,0.00584950412777,0.00855753407714,0.00754022749218,0.0207846398689,0.0100230071413,0,0.114768699749,0,-0
000506_2026-06-16,2026-06-16,000506,BOARD2,7,0.49776781373,-0.00892880439911,7,1,0,1,0,-0.00130975769483,-0.00130975769483,0.142857142857,0.142857142857,0.142857142857,0.357142857143,0.214285714286,0.571428571429,0.428571428571,0.142857142857,0.285714285714,0.0204081632653,0.0204081632653,0.0510204081633,0.0510204081633,0.0204081632653,0,1,0,0,0.00837785912311,0.0082874449532,0.00307515713288,-0.00542509891745,0.0112309217506,0.0108927721555,0.0185162286176,0.0112698131802,0.0139320410717,0.00146237603194,0.000950837119682,0.000598430753348,0.00247436188916,0.00167050119021,0,0.114768699749,0,-0
605198_2026-06-17,2026-06-17,605198,BOARD3,17,0.595347963081,0.386118516802,1,0,0,1,0,-0.0212765957447,-0.0212765957447,1,1,0.588235294118,0.294117647059,0.147058823529,0.470588235294,0.764705882353,0.970588235294,0.941176470588,1,0.588235294118,0.173010380623,0.285467128028,0.970588235294,0,1,0,0,0.0538445560341,0.0548034640039,0.0139763339306,-0.00259619115019,0.00792271668568,0.00863524096555,0.0364698936822,0.0709170026625,0.0460862076915,0.0651451142119,0.0263239203661,0.0028517870101,0.0133704111616,0.0735394077496,-0,0.112647119017,0,-0
603256_2026-06-17,2026-06-17,603256,BOARD2,17,0.590493733946,0.366006819248,2,0.0625,1,0,1,0.12002451982,0.07,0.823529411765,0.941176470588,0.823529411765,0.764705882353,0.647058823529,0.470588235294,1,0.823529411765,0.235294117647,0.77508650519,0.678200692042,0.629757785467,0.629757785467,0.77508650519,-0.117647058824,1,0,0,0.0443425755575,0.0515797308272,0.0195668675029,-0.0067500969905,0.034859953417,0.00863524096555,0.0476913994306,0.0601720022591,0.0115215519229,0.0504930989047,0.0303499317163,0.0103805047168,0.0294959373505,0.058726657169,0.000112812702332,0.112647119017,0,-0
002515_2026-06-17,2026-06-17,002515,BOARD2,17,0.580208362088,0.323628796037,3,0.125,1,0,1,0.165371809101,0.07,0.941176470588,0.882352941176,0.823529411765,0.235294117647,0.147058823529,0.470588235294,0.117647058824,0.970588235294,0.647058823529,0.83044982699,0.77508650519,0.193771626298,0.228373702422,0.856401384083,0.0588235294118,1,0,0,0.0506772292086,0.0483559976505,0.0195668675029,-0.00207695292015,0.00792271668568,0.00863524096555,0.00561075287418,0.0709170026625,0.0316842677879,0.0540997488265,0.0346856362471,0.00319400145131,0.0106963289293,0.0648877127202,-5.64063511661e-05,0.112647119017,0,-0
002824_2026-06-17,2026-06-17,002824,BOARD2,17,0.579912100891,0.322412568895,4,0.1875,1,0,1,0.144943820225,0.07,0.882352941176,0.647058823529,0.823529411765,0.911764705882,0.647058823529,0.470588235294,0.470588235294,0.705882352941,1,0.570934256055,0.726643598616,0.750865051903,0.643598615917,0.456747404844,0.235294117647,1,0,0,0.047509902383,0.0354610649437,0.0195668675029,-0.00804819256559,0.034859953417,0.00863524096555,0.0224430114967,0.0515760019364,0.0489665956723,0.0371935773182,0.0325177839817,0.0123767556238,0.0301441997098,0.0346067801175,-0.000225625404664,0.112647119017,0,-0
600549_2026-06-17,2026-06-17,600549,BOARD2,17,0.57652875494,0.308539603477,5,0.25,1,0,1,0.209677419355,0.07,0.764705882353,0.823529411765,0.823529411765,0.911764705882,0.647058823529,0.470588235294,0.647058823529,0.558823529412,0.823529411765,0.629757785467,0.629757785467,0.750865051903,0.509515570934,0.460207612457,-0.0588235294118,1,0,0,0.041175248732,0.0451322644738,0.0195668675029,-0.00804819256559,0.034859953417,0.00863524096555,0.030859140808,0.040831001533,0.0403254317301,0.0410256428601,0.0281820794508,0.0123767556238,0.0238641581036,0.0348689526941,5.64063511661e-05,0.112647119017,0,-0
605289_2026-06-17,2026-06-17,605289,BOARD2,17,0.567053946914,0.269841312148,6,0.3125,0,0,1,0.065543071161,0.065543071161,0.588235294118,0.705882352941,0.823529411765,0.911764705882,0.647058823529,0.470588235294,0.823529411765,0.558823529412,0.705882352941,0.415224913495,0.484429065744,0.750865051903,0.509515570934,0.39446366782,-0.117647058824,1,0,0,0.0316732682554,0.0386847981204,0.0195668675029,-0.00804819256559,0.034859953417,0.00863524096555,0.0392752701193,0.040831001533,0.0345646557687,0.0270498744133,0.0216785226545,0.0123767556238,0.0238641581036,0.0298876737378,0.000112812702332,0.112647119017,0,-0
002851_2026-06-17,2026-06-17,002851,BOARD2,17,0.560273706408,0.242272952433,7,0.375,1,0,1,0.0721357850071,0.07,0.647058823529,0.588235294118,0.823529411765,0.705882352941,0.147058823529,0.470588235294,0.941176470588,0.558823529412,0.882352941176,0.38062283737,0.532871972318,0.581314878893,0.39446366782,0.328719723183,0.0588235294118,1,0,0,0.0348405950809,0.032237331767,0.0195668675029,-0.00623085876046,0.00792271668568,0.00863524096555,0.0448860229935,0.040831001533,0.0432058197108,0.0247957182122,0.0238463749199,0.00958200435392,0.0184754772415,0.0249063947815,-5.64063511661e-05,0.112647119017,0,-0
002585_2026-06-17,2026-06-17,002585,BOARD2,17,0.554586794746,0.219220920025,8,0.4375,0,0,1,0.0378634212306,0.0378634212306,0.705882352941,0.470588235294,0.441176470588,0.352941176471,0.647058823529,0.470588235294,0.235294117647,0.823529411765,0.764705882353,0.332179930796,0.311418685121,0.155709342561,0.290657439446,0.387543252595,0.235294117647,1,0,0,0.0380079219064,0.0257898654136,0.010482250448,-0.00311542938023,0.034859953417,0.00863524096555,0.0112215057484,0.0601720022591,0.0374450437494,0.0216398995306,0.013936193135,0.00256660830909,0.0136135095464,0.0293633285845,-0.000225625404664,0.112647119017,0,-0
002552_2026-06-17,2026-06-17,002552,BOARD2,17,0.552111624994,0.209206206592,9,0.5,1,0,1,0.136402877698,0.07,0.529411764706,0.529411764706,0.441176470588,0.5,0.647058823529,0.470588235294,0.588235294118,0.823529411765,0.294117647059,0.280276816609,0.233564013841,0.220588235294,0.411764705882,0.43598615917,0,1,0,0,0.0285059414298,0.0290135985903,0.010482250448,-0.00441352495532,0.034859953417,0.00863524096555,0.0280537643709,0.0601720022591,0.0144019399036,0.0182586652289,0.0104521448513,0.00363602843787,0.0192858051907,0.0330337446576,-0,0.112647119017,0,-0
002990_2026-06-17,2026-06-17,002990,BOARD2,17,0.544319402763,0.177744092559,10,0.5625,1,0,1,0.0859687386405,0.07,0.470588235294,0.764705882353,0.823529411765,0.911764705882,0.647058823529,0.470588235294,0.529411764706,0.323529411765,0.117647058824,0.359861591696,0.387543252595,0.750865051903,0.294982698962,0.247404844291,-0.294117647059,1,0,0,0.0253386146043,0.0419085312971,0.0195668675029,-0.00804819256559,0.034859953417,0.00863524096555,0.0252483879338,0.0236390008875,0.00576077596144,0.0234432244915,0.0173428181236,0.0123767556238,0.0138160915337,0.0187453392303,0.000282031755831,0.112647119017,0,-0
603516_2026-06-17,2026-06-17,603516,BOARD2,17,0.529892433793,0.11971249805,11,0.625,1,0,1,0.0701068927387,0.07,0.411764705882,0.352941176471,0.441176470588,0.647058823529,0.647058823529,0.470588235294,0.882352941176,0.235294117647,0.411764705882,0.145328719723,0.181660899654,0.285467128028,0.152249134948,0.083044982699,0.0588235294118,1,0,0,0.0221712877787,0.0193423990602,0.010482250448,-0.00571162053042,0.034859953417,0.00863524096555,0.0420806465564,0.0171920006455,0.020162715865,0.00946745604464,0.00812944599542,0.00470544856666,0.00713088595287,0.00629214183954,-5.64063511661e-05,0.112647119017,0,-0
601179_2026-06-17,2026-06-17,601179,BOARD2,17,0.524657251065,0.0987090737461,12,0.6875,1,0,1,0.0707908163265,0.07,0.352941176471,0.411764705882,0.441176470588,0.5,0.647058823529,0.470588235294,0.294117647059,0.323529411765,0.352941176471,0.145328719723,0.155709342561,0.220588235294,0.161764705882,0.13321799308,-0.0588235294118,1,0,0,0.0190039609532,0.0225661322369,0.010482250448,-0.00441352495532,0.034859953417,0.00863524096555,0.0140268821855,0.0236390008875,0.0172823278843,0.00946745604464,0.00696809656751,0.00363602843787,0.00757656632492,0.0100936442009,5.64063511661e-05,0.112647119017,0,-0
002806_2026-06-17,2026-06-17,002806,BOARD2,17,0.516683953512,0.0667605988774,13,0.75,0,0,1,0.0405727923628,0.0405727923628,0.294117647059,0.294117647059,0.264705882353,0.411764705882,0.647058823529,0.470588235294,0.411764705882,0.176470588235,0.470588235294,0.0865051903114,0.0778546712803,0.108996539792,0.0726643598616,0.0519031141869,0,1,0,0,0.0158366341277,0.0161186658835,0.00628935026878,-0.00363466761027,0.034859953417,0.00863524096555,0.0196376350596,0.0128940004841,0.0230431038458,0.00563539050276,0.00348404828375,0.00179662581636,0.00340337738659,0.00393258864971,-0,0.112647119017,0,-0
600545_2026-06-17,2026-06-17,600545,BOARD2,17,0.508964217966,0.0358607144149,14,0.8125,1,0,1,0.142857142857,0.07,0.117647058824,0.117647058824,0.147058823529,0.117647058824,0.647058823529,0.470588235294,0.0588235294118,0.558823529412,0.176470588235,0.0138408304498,0.0173010380623,0.0173010380623,0.0657439446367,0.0657439446367,0,1,0,0,0.00633465365107,0.0064474663534,0.00349408348265,-0.00103847646008,0.034859953417,0.00863524096555,0.00280537643709,0.040831001533,0.00864116394216,0.000901662480442,0.000774232951945,0.00028517870101,0.00307924620692,0.0049812789563,-0,0.112647119017,0,-0
603045_2026-06-17,2026-06-17,603045,BOARD2,17,0.501441178291,0.00576472912702,15,0.875,0,0,1,0.0585868150077,0.0585868150077,0.0588235294118,0.0588235294118,0.0588235294118,0.0588235294118,0.147058823529,0.470588235294,0.705882352941,0.0882352941176,0.529411764706,0.00346020761246,0.00346020761246,0.00346020761246,0.00519031141869,0.00519031141869,0,1,0,0,0.00316732682554,0.0032237331767,0.00139763339306,-0.000519238230038,0.00792271668568,0.00863524096555,0.0336645172451,0.00644700024205,0.0259234918265,0.00022541562011,0.000154846590389,5.70357402019e-05,0.000243098384757,0.000393258864971,-0,0.112647119017,0,-0
600703_2026-06-17,2026-06-17,600703,BOARD2,17,0.486643311867,-0.053439466498,16,0.9375,1,0,1,0.0892151326934,0.07,0.235294117647,0.235294117647,0.264705882353,0.588235294118,0.647058823529,0.970588235294,0.352941176471,0.0882352941176,0.588235294118,0.0553633217993,0.0622837370242,0.155709342561,0.0519031141869,0.0207612456747,0,0,1,0,0.0126693073021,0.0128949327068,0.00628935026878,-0.00519238230038,0.034859953417,0.0178101844915,0.0168322586226,0.00644700024205,0.0288038798072,0.00360664992177,0.002787238627,0.00256660830909,0.00243098384757,0.00157303545988,-0,0,0,-0
002051_2026-06-17,2026-06-17,002051,BOARD2,17,0.48247483137,-0.0701294025351,17,1,1,0,1,0.0827974276527,0.07,0.176470588235,0.176470588235,0.147058823529,0.176470588235,0.647058823529,0.970588235294,0.176470588235,0.411764705882,0.0588235294118,0.0311418685121,0.0259515570934,0.0259515570934,0.0726643598616,0.0726643598616,0,0,1,0,0.00950198047661,0.0096711995301,0.00349408348265,-0.00155771469011,0.034859953417,0.0178101844915,0.00841612931128,0.0300860011295,0.00288038798072,0.00202874058099,0.00116134942792,0.000427768051514,0.00340337738659,0.0055056241096,-0,0,0,-0
603186_2026-06-18,2026-06-18,603186,BOARD3,15,0.585704012668,0.346233900515,1,0,0,0,1,0.0454831800428,0.0454831800428,1,0.933333333333,0.466666666667,0.533333333333,0.6,0.5,1,0.633333333333,1,0.933333333333,0.466666666667,0.248888888889,0.337777777778,0.591111111111,0.0666666666667,1,0,0,0.0424857879862,0.0403621673601,0.00568728978334,-0.0032858362192,0.0236487241396,0.00982150447588,0.0630954768357,0.0377630872661,0.0353779510271,0.0477107180267,0.0143807165562,0.00208897678343,0.0139019346921,0.0369773139183,-5.06260885461e-05,0.107254623497,0,-0
002741_2026-06-18,2026-06-18,002741,BOARD3,15,0.585158419493,0.343985899492,2,0.0714285714286,0,1,0,-0.0204131227217,-0.0204131227217,0.933333333333,0.866666666667,0.466666666667,0.2,0.6,0.5,0.666666666667,1,0.933333333333,0.808888888889,0.435555555556,0.0933333333333,0.2,0.866666666667,0.0666666666667,1,0,0,0.0396534021205,0.0374791554058,0.00568728978334,-0.0012321885822,0.0236487241396,0.00982150447588,0.0420636512238,0.0596259272622,0.0330194209587,0.0413492889565,0.0134220021192,0.000783366293785,0.00823140869925,0.0542148587524,-5.06260885461e-05,0.107254623497,0,-0
600110_2026-06-18,2026-06-18,600110,BOARD3,15,0.580452756331,0.324632274821,3,0.142857142857,0,1,0,-0.0444572748268,-0.0444572748268,0.866666666667,1,0.466666666667,0.266666666667,0.6,0.5,0.466666666667,0.9,0.666666666667,0.866666666667,0.404444444444,0.124444444444,0.24,0.9,-0.133333333333,1,0,0,0.0368210162547,0.0432451793144,0.00568728978334,-0.0016429181096,0.0236487241396,0.00982150447588,0.0294445558566,0.053663334536,0.0235853006848,0.0443028095962,0.0124632876821,0.00104448839171,0.0098776904391,0.0563000456275,0.000101252177092,0.107254623497,0,-0
603002_2026-06-18,2026-06-18,603002,BOARD3,15,0.573955645041,0.298008659415,4,0.214285714286,1,0,1,0.117920540997,0.07,0.8,0.8,0.8,0.733333333333,0.6,0.5,0.6,0.633333333333,0.866666666667,0.64,0.64,0.586666666667,0.464444444444,0.506666666667,0,1,0,0,0.033988630389,0.0345961434515,0.00974963962858,-0.0045180248014,0.0236487241396,0.00982150447588,0.0378572861014,0.0377630872661,0.0306608908902,0.0327159209326,0.0197221255628,0.00492401670379,0.0191151602016,0.0316948405014,-0,0.107254623497,0,-0
002080_2026-06-18,2026-06-18,002080,BOARD3,15,0.560803777126,0.244424780799,5,0.285714285714,0,0,1,0.0197681513118,0.0197681513118,0.666666666667,0.666666666667,0.8,0.933333333333,0.6,0.5,0.733333333333,0.4,0.733333333333,0.444444444444,0.533333333333,0.746666666667,0.373333333333,0.266666666667,0,1,0,0,0.0283238586575,0.0288301195429,0.00974963962858,-0.00575021338359,0.0236487241396,0.00982150447588,0.0462700163461,0.0238503709049,0.0259438307532,0.0227193895365,0.0164351046357,0.00626693035028,0.0153652962386,0.0166814950007,-0,0.107254623497,0,-0
603115_2026-06-18,2026-06-18,603115,BOARD3,15,0.552043813694,0.208931986554,6,0.357142857143,0,0,1,0.0322945682451,0.0322945682451,0.4,0.466666666667,0.8,0.733333333333,0.6,0.5,0.866666666667,0.633333333333,0.0666666666667,0.186666666667,0.32,0.586666666667,0.464444444444,0.295555555556,-0.0666666666667,1,0,0,0.0169943151945,0.0201810836801,0.00974963962858,-0.0045180248014,0.0236487241396,0.00982150447588,0.0546827465909,0.0377630872661,0.00235853006848,0.00954214360534,0.00986106278142,0.00492401670379,0.0191151602016,0.0184886569592,5.06260885461e-05,0.107254623497,0,-0
600186_2026-06-18,2026-06-18,600186,BOARD2,15,0.551631778798,0.207265939146,7,0.428571428571,0,0,1,0.0350515463918,0.0350515463918,0.533333333333,0.733333333333,0.8,0.6,0.1,0.5,0.4,0.633333333333,0.333333333333,0.391111111111,0.426666666667,0.48,0.38,0.464444444444,-0.2,1,0,0,0.022659086926,0.0317131314972,0.00974963962858,-0.0036965657466,0.00394145402327,0.00982150447588,0.0252381907343,0.0377630872661,0.0117926503424,0.0199930627921,0.0131480837086,0.00402874093946,0.0156396765286,0.029053603793,0.000151878265638,0.107254623497,0,-0
000679_2026-06-18,2026-06-18,000679,BOARD2,15,0.546599234047,0.186939444763,8,0.5,0,0,1,0.0197889182058,0.0197889182058,0.6,0.533333333333,0.8,0.333333333333,0.1,0.5,0.0666666666667,0.9,0.2,0.32,0.48,0.266666666667,0.3,0.48,0.0666666666667,1,0,0,0.0254914727917,0.0230640956344,0.00974963962858,-0.002053647637,0.00394145402327,0.00982150447588,0.00420636512238,0.053663334536,0.00707559020543,0.0163579604663,0.0147915941721,0.00223818941081,0.0123471130489,0.0300266910013,-5.06260885461e-05,0.107254623497,0,-0
603773_2026-06-18,2026-06-18,603773,BOARD2,15,0.538454414922,0.154122016094,9,0.571428571429,0,0,1,0.0675738274464,0.0675738274464,0.466666666667,0.133333333333,0.1,0.4,0.6,0.5,0.933333333333,0.333333333333,0.8,0.0622222222222,0.0466666666667,0.04,0.133333333333,0.0444444444444,0.333333333333,1,0,0,0.0198267010602,0.00576602390859,0.00121870495357,-0.0024643771644,0.0236487241396,0.00982150447588,0.0588891117133,0.0198753090874,0.0283023608217,0.00318071453511,0.00143807165562,0.000335728411622,0.0054876057995,0.00278024916679,-0.00025313044273,0.107254623497,0,-0
000777_2026-06-18,2026-06-18,000777,BOARD3,15,0.535094883741,0.140610750249,10,0.642857142857,0,0,1,0.0143464399575,0.0143464399575,0.266666666667,0.4,0.8,0.866666666667,0.6,0.5,0.533333333333,0.266666666667,0.4,0.106666666667,0.213333333333,0.693333333333,0.231111111111,0.106666666667,-0.133333333333,1,0,0,0.011329543463,0.0172980717258,0.00974963962858,-0.0053394838562,0.0236487241396,0.00982150447588,0.033650920979,0.0159002472699,0.0141511804109,0.00545265348877,0.00657404185428,0.00581929246811,0.00951185005246,0.0066725980003,0.000101252177092,0.107254623497,0,-0
601636_2026-06-18,2026-06-18,601636,BOARD3,15,0.53503798609,0.140382034679,11,0.714285714286,0,0,1,0.0048309178744,0.0048309178744,0.333333333333,0.266666666667,0.266666666667,0.0666666666667,0.6,0.5,0.2,0.8,0.533333333333,0.0888888888889,0.0888888888889,0.0177777777778,0.0533333333333,0.213333333333,0.0666666666667,1,0,0,0.0141619293287,0.0115320478172,0.00324987987619,-0.0004107295274,0.0236487241396,0.00982150447588,0.0126190953671,0.0477007418098,0.0188682405478,0.00454387790731,0.00273918410595,0.000149212627388,0.0021950423198,0.0133451960006,-5.06260885461e-05,0.107254623497,0,-0
002484_2026-06-18,2026-06-18,002484,BOARD2,15,0.525255049639,0.101106240243,12,0.785714285714,0,1,0,-0.0501659904094,-0.0501659904094,0.733333333333,0.6,0.8,1,0.6,1,0.8,0.0666666666667,0.6,0.44,0.586666666667,0.8,0.0666666666667,0.04,0.133333333333,0,1,0,0.0311562445232,0.0259471075886,0.00974963962858,-0.00616094291099,0.0236487241396,0.0196430089518,0.0504763814685,0.00397506181748,0.0212267706163,0.0224921956412,0.0180786150993,0.00671456823244,0.00274380289975,0.00250222425011,-0.000101252177092,0,0,-0
600192_2026-06-18,2026-06-18,600192,BOARD2,15,0.523584163994,0.0944067111883,13,0.857142857143,0,0,1,0.00126742712294,0.00126742712294,0.133333333333,0.333333333333,0.266666666667,0.466666666667,0.6,0.5,0.133333333333,0.466666666667,0.133333333333,0.0444444444444,0.0355555555556,0.124444444444,0.217777777778,0.155555555556,-0.2,1,0,0,0.0056647717315,0.0144150597715,0.00324987987619,-0.0028751066918,0.0236487241396,0.00982150447588,0.00841273024475,0.0278254327224,0.00471706013695,0.00227193895365,0.00109567364238,0.00104448839171,0.00896308947251,0.00973087208377,0.000151878265638,0.107254623497,0,-0
600615_2026-06-18,2026-06-18,600615,BOARD2,15,0.521173712542,0.0847455325961,14,0.928571428571,0,1,0,-0.00570342205323,-0.00570342205323,0.2,0.2,0.266666666667,0.733333333333,0.6,0.5,0.266666666667,0.2,0.466666666667,0.04,0.0533333333333,0.195555555556,0.146666666667,0.04,0,1,0,0,0.00849715759724,0.00864903586288,0.00324987987619,-0.0045180248014,0.0236487241396,0.00982150447588,0.0168254604895,0.0119251854524,0.0165097104793,0.00204474505829,0.00164351046357,0.00164133890126,0.00603636637945,0.00250222425011,-0,0.107254623497,0,-0
600707_2026-06-18,2026-06-18,600707,BOARD2,15,0.514021305021,0.0560999286072,15,1,1,0,1,0.109845402766,0.07,0.0666666666667,0.0666666666667,0.1,0.133333333333,0.6,0.5,0.333333333333,0.133333333333,0.266666666667,0.00444444444444,0.00666666666667,0.0133333333333,0.0177777777778,0.00888888888889,0,1,0,0,0.00283238586575,0.00288301195429,0.00121870495357,-0.000821459054799,0.0236487241396,0.00982150447588,0.0210318256119,0.00795012363496,0.0094341202739,0.000227193895365,0.000205438807946,0.000111909470541,0.000731680773266,0.000556049833358,-0,0.107254623497,0,-0
001339_2026-06-22,2026-06-22,001339,BOARD2,7,0.517562963578,0.0702807686848,1,0,0,0,1,0.0626988437961,0.0626988437961,0.428571428571,0.714285714286,0.714285714286,0.428571428571,0.428571428571,0.571428571429,1,0.714285714286,0.714285714286,0.30612244898,0.30612244898,0.30612244898,0.30612244898,0.510204081633,-0.285714285714,0,0,1,0.0151883803675,0.0316333389392,0.0106755702372,0.00126197871087,0.0193283077833,0.0103846276159,0.0666233892488,0.038946701822,0.0169297596847,0.0141743325049,0.00795187082733,0.00443222010688,0.013230267328,0.0303449198322,0.00252774866401,0,0,-0.106397094024
002989_2026-06-22,2026-06-22,002989,BOARD3,7,0.515856084349,0.0634456113733,2,0.166666666667,0,0,1,0.0214190093708,0.0214190093708,0.857142857143,0.428571428571,0.714285714286,0.285714285714,0.428571428571,0.571428571429,0.571428571429,1,1,0.367346938776,0.612244897959,0.204081632653,0.285714285714,0.428571428571,0.428571428571,0,0,1,0.030376760735,0.0189800033635,0.0106755702372,0.000841319140578,0.0193283077833,0.0103846276159,0.0380705081422,0.0545253825509,0.0237016635586,0.0170091990058,0.0159037416547,0.00295481340458,0.0123482495061,0.0254897326591,-0.00379162299602,0,0,-0.106397094024
002491_2026-06-22,2026-06-22,002491,BOARD2,7,0.512636590575,0.0505571283141,3,0.333333333333,1,0,1,0.0711188204683,0.07,1,1,0.285714285714,0.857142857143,0.857142857143,0.571428571429,0.428571428571,0.214285714286,0.428571428571,1,0.285714285714,0.244897959184,0.183673469388,0.214285714286,0,0,0,1,0.0354395541908,0.0442866745149,0.00427022809487,0.00252395742173,0.0386566155666,0.0103846276159,0.0285528811066,0.0116840105466,0.0101578558108,0.0463028195159,0.0074217461055,0.0035457760855,0.00793816039679,0.0127448663295,-0,0,0,-0.106397094024
002141_2026-06-22,2026-06-22,002141,BOARD3,7,0.504174372027,0.0166978760713,4,0.5,1,0,1,0.0746268656716,0.07,0.285714285714,0.857142857143,0.714285714286,1,0.857142857143,0.571428571429,0.142857142857,0.5,0.142857142857,0.244897959184,0.204081632653,0.714285714286,0.5,0.428571428571,-0.571428571429,0,0,1,0.0101255869117,0.037960006727,0.0106755702372,0.00294461699202,0.0386566155666,0.0103846276159,0.00951762703554,0.0272626912754,0.00338595193694,0.0113394660039,0.00530124721822,0.010341846916,0.0216094366357,0.0254897326591,0.00505549732803,0,0,-0.106397094024
002579_2026-06-22,2026-06-22,002579,BOARD2,7,0.503604742205,0.0144192186447,5,0.666666666667,0,1,0,-0.0383309073265,-0.0383309073265,0.571428571429,0.571428571429,0.714285714286,0.571428571429,0.857142857143,0.571428571429,0.285714285714,0.5,0.571428571429,0.326530612245,0.408163265306,0.408163265306,0.285714285714,0.285714285714,0,0,0,1,0.0202511738233,0.0253066711514,0.0106755702372,0.00168263828116,0.0386566155666,0.0103846276159,0.0190352540711,0.0272626912754,0.0135438077477,0.0151192880052,0.0106024944364,0.00590962680917,0.0123482495061,0.016993155106,-0,0,0,-0.106397094024
603261_2026-06-22,2026-06-22,603261,BOARD2,7,0.497476143419,-0.0100955120686,6,0.833333333333,1,0,1,0.193737328227,0.07,0.714285714286,0.142857142857,0.142857142857,0.142857142857,0.428571428571,0.571428571429,0.857142857143,0.857142857143,0.857142857143,0.102040816327,0.102040816327,0.0204081632653,0.122448979592,0.122448979592,0.571428571429,0,0,1,0.0253139672792,0.00632666778784,0.00213511404743,0.000420659570289,0.0193283077833,0.0103846276159,0.0571057622132,0.0467360421865,0.0203157116216,0.00472477750162,0.00265062360911,0.000295481340458,0.00529210693119,0.00728278075973,-0.00505549732803,0,0,-0.106397094024
603324_2026-06-22,2026-06-22,603324,BOARD2,7,0.480874776823,-0.0765382348956,7,1,1,0,1,0.106767652089,0.07,0.142857142857,0.285714285714,0.714285714286,0.714285714286,0.142857142857,0.571428571429,0.714285714286,0.214285714286,0.285714285714,0.0408163265306,0.102040816327,0.510204081633,0.15306122449,0.0612244897959,-0.142857142857,0,0,1,0.00506279345583,0.0126533355757,0.0106755702372,0.00210329785144,0.0064427692611,0.0103846276159,0.0475881351777,0.0116840105466,0.00677190387387,0.00188991100065,0.00265062360911,0.00738703351146,0.00661513366399,0.00364139037986,0.00126387433201,0,0,-0.106397094024
603663_2026-06-23,2026-06-23,603663,BOARD2,14,0.586697764065,0.350330673429,1,0,0,0,1,0.0294117647059,0.0294117647059,0.714285714286,0.714285714286,0.714285714286,0.535714285714,0.821428571429,0.535714285714,0.857142857143,0.607142857143,0.714285714286,0.510204081633,0.510204081633,0.382653061224,0.325255102041,0.433673469388,0,1,0,0,0.0236750199806,0.0297521550742,0.0107886418246,0.00177971815205,0.0353126082734,0.00819210287228,0.0499837074967,0.0317915279978,0.0113644436993,0.0220363576279,0.0132276141141,0.00570889233015,0.0135229296179,0.0244399861138,-0,0.103335285766,0,-0
002297_2026-06-23,2026-06-23,002297,BOARD2,14,0.585916022725,0.347107676463,2,0.0769230769231,1,0,1,0.132492113565,0.07,1,1,0.357142857143,0.142857142857,0.107142857143,0.535714285714,0.428571428571,0.821428571429,0.785714285714,1,0.357142857143,0.0510204081633,0.117346938776,0.821428571429,0,1,0,0,0.0331450279729,0.0416530171039,0.00539432091228,0.000474591507214,0.00460599238349,0.00819210287228,0.0249918537484,0.0430120672911,0.0125008880692,0.0431912609508,0.00925932987986,0.00076118564402,0.00487886088177,0.0462922089921,-0,0.103335285766,0,-0
600769_2026-06-23,2026-06-23,600769,BOARD2,14,0.584547348003,0.341469130102,3,0.153846153846,0,0,1,0.00775547445255,0.00775547445255,0.785714285714,0.857142857143,0.714285714286,0.535714285714,0.821428571429,0.535714285714,0.285714285714,0.607142857143,0.857142857143,0.673469387755,0.561224489796,0.382653061224,0.325255102041,0.520408163265,-0.0714285714286,1,0,0,0.0260425219787,0.0357025860891,0.0107886418246,0.00177971815205,0.0353126082734,0.00819210287228,0.0166612358322,0.0317915279978,0.0136373324391,0.0290879920689,0.0145503755255,0.00570889233015,0.0135229296179,0.0293279833366,0.000607713509358,0.103335285766,0,-0
003031_2026-06-23,2026-06-23,003031,BOARD2,14,0.584507137196,0.341303554827,4,0.230769230769,0,0,1,0.0645161290323,0.0645161290323,0.5,0.642857142857,0.714285714286,0.357142857143,0.821428571429,0.535714285714,1,0.821428571429,0.142857142857,0.321428571429,0.357142857143,0.255102040816,0.293367346939,0.52806122449,-0.142857142857,1,0,0,0.0165725139864,0.0267769395668,0.0107886418246,0.00118647876803,0.0353126082734,0.00819210287228,0.0583143254129,0.0430120672911,0.00227288873985,0.0138829053056,0.00925932987986,0.0038059282201,0.0121971522044,0.0297592772092,0.00121542701872,0.103335285766,0,-0
000811_2026-06-23,2026-06-23,000811,BOARD3,14,0.584407024115,0.340891341225,5,0.307692307692,1,0,1,0.219968087531,0.07,0.928571428571,0.357142857143,0.714285714286,0.428571428571,0.821428571429,0.535714285714,0.571428571429,1,1,0.331632653061,0.663265306122,0.30612244898,0.428571428571,0.357142857143,0.571428571429,1,0,0,0.0307775259748,0.0148760775371,0.0107886418246,0.00142377452164,0.0353126082734,0.00819210287228,0.0333224716645,0.0523625167022,0.015910221179,0.0143236324582,0.0171958983483,0.00456711386412,0.0178184484378,0.0201270473878,-0.00486170807486,0.103335285766,0,-0
603082_2026-06-23,2026-06-23,603082,BOARD2,14,0.580361581035,0.324257891617,6,0.384615384615,0,0,1,0.0208955223881,0.0208955223881,0.857142857143,0.571428571429,0.714285714286,0.285714285714,0.392857142857,0.535714285714,0.714285714286,0.821428571429,0.5,0.489795918367,0.612244897959,0.204081632653,0.234693877551,0.469387755102,0.285714285714,1,0,0,0.0284100239768,0.0238017240594,0.0107886418246,0.000949183014428,0.0168886387395,0.00819210287228,0.0416530895806,0.0430120672911,0.00795511058949,0.0211549033228,0.0158731369369,0.00304474257608,0.00975772176353,0.0264526908526,-0.00243085403743,0.103335285766,0,-0
002655_2026-06-23,2026-06-23,002655,BOARD2,14,0.576492802044,0.308392343715,7,0.461538461538,1,0,1,0.112807463953,0.07,0.571428571429,0.928571428571,0.714285714286,0.821428571429,0.392857142857,0.535714285714,0.642857142857,0.428571428571,0.0714285714286,0.530612244898,0.408163265306,0.586734693878,0.352040816327,0.397959183673,-0.357142857143,1,0,0,0.0189400159845,0.0386778015965,0.0107886418246,0.00272890116648,0.0168886387395,0.00819210287228,0.0374877806226,0.0224410785866,0.00113644436993,0.0229178119331,0.0105820912913,0.00875363490624,0.0146365826453,0.022427281375,0.00303856754679,0.103335285766,0,-0
000657_2026-06-23,2026-06-23,000657,BOARD2,14,0.575906534438,0.305991512344,8,0.538461538462,1,0,1,0.0773082315241,0.07,0.428571428571,0.5,0.714285714286,0.928571428571,0.821428571429,0.535714285714,0.928571428571,0.5,0.214285714286,0.214285714286,0.30612244898,0.663265306122,0.464285714286,0.25,-0.0714285714286,1,0,0,0.0142050119884,0.0208265085519,0.0107886418246,0.00308484479689,0.0353126082734,0.00819210287228,0.0541490164548,0.0261812583511,0.00340933310978,0.00925527020373,0.00793656846845,0.00989541337227,0.0193033191409,0.0140889331715,0.000607713509358,0.103335285766,0,-0
002805_2026-06-23,2026-06-23,002805,BOARD2,14,0.570212773876,0.28271931542,9,0.615384615385,0,0,1,0.0302405498282,0.0302405498282,0.642857142857,0.785714285714,0.714285714286,0.821428571429,0.392857142857,0.535714285714,0.357142857143,0.321428571429,0.928571428571,0.505102040816,0.459183673469,0.586734693878,0.264030612245,0.252551020408,-0.142857142857,1,0,0,0.0213075179826,0.0327273705816,0.0107886418246,0.00272890116648,0.0168886387395,0.00819210287228,0.0208265447903,0.01683080894,0.0147737768091,0.0218159940517,0.0119048527027,0.00875363490624,0.010977436984,0.0142326977957,0.00121542701872,0.103335285766,0,-0
603380_2026-06-23,2026-06-23,603380,BOARD2,14,0.558216328985,0.23392624343,10,0.692307692308,1,0,1,0.108924806746,0.07,0.285714285714,0.428571428571,0.714285714286,1,0.392857142857,0.535714285714,0.5,0.321428571429,0.571428571429,0.122448979592,0.204081632653,0.714285714286,0.321428571429,0.137755102041,-0.142857142857,1,0,0,0.00947000799225,0.0178512930445,0.0107886418246,0.0033221405505,0.0168886387395,0.00819210287228,0.0291571627064,0.01683080894,0.00909155495942,0.0052887258307,0.00529104564563,0.0106565990163,0.0133638363283,0.00776328970674,0.00121542701872,0.103335285766,0,-0
002842_2026-06-23,2026-06-23,002842,BOARD2,14,0.555605676934,0.223346545186,11,0.769230769231,1,0,1,0.0887335874629,0.07,0.357142857143,0.285714285714,0.214285714286,0.714285714286,0.821428571429,0.535714285714,0.785714285714,0.214285714286,0.428571428571,0.102040816327,0.0765306122449,0.15306122449,0.15306122449,0.0612244897959,0.0714285714286,1,0,0,0.0118375099903,0.0119008620297,0.00323659254737,0.00237295753607,0.0353126082734,0.00819210287228,0.0458183985387,0.0112205392933,0.00681866621956,0.00440727152559,0.00198414211711,0.00228355693206,0.00636373158491,0.00345035098077,-0.000607713509358,0.103335285766,0,-0
001296_2026-06-23,2026-06-23,001296,BOARD2,14,0.542229052168,0.169319572531,12,0.846153846154,0,0,1,0.0229293401965,0.0229293401965,0.214285714286,0.142857142857,0.214285714286,0.0714285714286,0.107142857143,0.535714285714,0.214285714286,0.821428571429,0.285714285714,0.030612244898,0.0459183673469,0.015306122449,0.0586734693878,0.117346938776,0.0714285714286,1,0,0,0.00710250599419,0.00595043101484,0.00323659254737,0.000237295753607,0.00460599238349,0.00819210287228,0.0124959268742,0.0430120672911,0.00454577747971,0.00132218145768,0.00119048527027,0.000228355693206,0.00243943044088,0.00661317271315,-0.000607713509358,0.103335285766,0,-0
600162_2026-06-23,2026-06-23,600162,BOARD2,14,0.533451651476,0.13400678556,13,0.923076923077,1,0,1,0.0704960835509,0.07,0.142857142857,0.214285714286,0.214285714286,0.642857142857,0.392857142857,0.535714285714,0.0714285714286,0.0714285714286,0.357142857143,0.030612244898,0.030612244898,0.137755102041,0.0459183673469,0.015306122449,-0.0714285714286,1,0,0,0.00473500399613,0.00892564652226,0.00323659254737,0.00213566178246,0.0168886387395,0.00819210287228,0.00416530895806,0.00374017976444,0.00568222184964,0.00132218145768,0.000793656846845,0.00205520123886,0.00190911947547,0.000862587745194,0.000607713509358,0.103335285766,0,-0
002354_2026-06-23,2026-06-23,002354,BOARD2,14,0.532314135827,0.129436955814,14,1,0,0,1,0.0438489646772,0.0438489646772,0.0714285714286,0.0714285714286,0.0714285714286,0.214285714286,0.392857142857,0.535714285714,0.142857142857,0.142857142857,0.642857142857,0.00510204081633,0.00510204081633,0.015306122449,0.030612244898,0.0102040816327,0,1,0,0,0.00236750199806,0.00297521550742,0.00107886418246,0.000711887260821,0.0168886387395,0.00819210287228,0.00833061791612,0.00748035952888,0.0102279993293,0.000220363576279,0.000132276141141,0.000228355693206,0.00127274631698,0.000575058496796,-0,0.103335285766,0,-0
603757_2026-06-24,2026-06-24,603757,BOARD2,15,0.596544810405,0.391088933681,1,0,0,0,1,0.0516980613227,0.0516980613227,1,0.866666666667,0.833333333333,0.433333333333,0.666666666667,0.533333333333,0.933333333333,0.866666666667,0.933333333333,0.866666666667,0.833333333333,0.361111111111,0.375555555556,0.751111111111,0.133333333333,1,0,0,0.0324251749435,0.0353464322427,0.0126992318881,0.00149309856164,0.0300175839755,0.00875264489865,0.0538787481738,0.04401394495,0.0164426133235,0.0376842642094,0.0232115055501,0.005700395234,0.0163251551423,0.0417366598165,-0.00111455599359,0.0995649912413,0,-0
600851_2026-06-24,2026-06-24,600851,BOARD3,15,0.586701950624,0.350347938791,2,0.0714285714286,0,1,0,-0.036815920398,-0.036815920398,0.933333333333,1,0.6,0.333333333333,0.666666666667,0.533333333333,0.533333333333,0.866666666667,0.133333333333,0.933333333333,0.56,0.2,0.288888888889,0.866666666667,-0.0666666666667,1,0,0,0.030263496614,0.0407843448955,0.00914344695942,0.00114853735511,0.0300175839755,0.00875264489865,0.0307878560993,0.04401394495,0.0023489447605,0.040583053764,0.0155981317296,0.00315714197575,0.0125578116479,0.0481576844036,0.000557277996794,0.0995649912413,0,-0
000070_2026-06-24,2026-06-24,000070,BOARD2,15,0.582955068084,0.334916146805,3,0.142857142857,0,1,0,-0.0225029609159,-0.0225029609159,0.733333333333,0.933333333333,0.833333333333,0.733333333333,0.666666666667,0.533333333333,0.8,0.533333333333,0.6,0.684444444444,0.611111111111,0.611111111111,0.391111111111,0.497777777778,-0.2,1,0,0,0.0237784616253,0.0380653885691,0.0126992318881,0.00252678218123,0.0300175839755,0.00875264489865,0.046181784149,0.0270855045846,0.0105702514223,0.0297609060936,0.0170217707367,0.00964682270369,0.0170013450003,0.0276597982216,0.00167183399038,0.0995649912413,0,-0
600172_2026-06-24,2026-06-24,600172,BOARD2,15,0.582326078323,0.332329526458,4,0.214285714286,0,0,1,0.0564468211527,0.0564468211527,0.8,0.8,0.833333333333,0.6,0.666666666667,0.533333333333,0.666666666667,0.666666666667,0.8,0.64,0.666666666667,0.5,0.4,0.533333333333,0,1,0,0,0.0259401399548,0.0326274759164,0.0126992318881,0.00206736723919,0.0300175839755,0.00875264489865,0.0384848201241,0.0338568807308,0.014093668563,0.0278283797239,0.01856920444,0.00789285493938,0.0173877392049,0.0296354980945,-0,0.0995649912413,0,-0
601869_2026-06-24,2026-06-24,601869,BOARD2,15,0.577372843246,0.311997869048,5,0.285714285714,0,1,0,-0.0267558528428,-0.0267558528428,0.666666666667,0.733333333333,0.833333333333,0.733333333333,0.666666666667,0.533333333333,1,0.466666666667,0.666666666667,0.488888888889,0.555555555556,0.611111111111,0.342222222222,0.342222222222,-0.0666666666667,1,0,0,0.0216167832957,0.02990851959,0.0126992318881,0.00252678218123,0.0300175839755,0.00875264489865,0.0577272301862,0.0236998165115,0.0117447238025,0.0212577900669,0.0154743370334,0.00964682270369,0.0148761768753,0.0190161112773,0.000557277996794,0.0995649912413,0,-0
002068_2026-06-24,2026-06-24,002068,BOARD3,15,0.559325472293,0.238424973399,6,0.357142857143,0,0,1,0.0647138964578,0.0647138964578,0.866666666667,0.466666666667,0.433333333333,0.2,0.166666666667,0.533333333333,0.6,0.666666666667,1,0.404444444444,0.375555555556,0.0866666666667,0.133333333333,0.311111111111,0.4,1,0,0,0.0281018182844,0.0190326942845,0.0066036005818,0.000689122413064,0.00750439599387,0.00875264489865,0.0346363381117,0.0338568807308,0.0176170857038,0.0175859899644,0.0104606518346,0.00136809485616,0.00579591306828,0.0172873738885,-0.00334366798077,0.0995649912413,0,-0
000783_2026-06-24,2026-06-24,000783,BOARD2,15,0.555681847817,0.22365504952,7,0.428571428571,1,0,1,0.091103965702,0.07,0.533333333333,0.666666666667,0.833333333333,1,0.666666666667,0.533333333333,0.4,0.166666666667,0.266666666667,0.355555555556,0.444444444444,0.833333333333,0.166666666667,0.111111111111,-0.133333333333,1,0,0,0.0172934266366,0.0271895632636,0.0126992318881,0.00344561206532,0.0300175839755,0.00875264489865,0.0230908920745,0.00846422018269,0.00469788952101,0.0154602109577,0.0123794696267,0.0131547582323,0.00724489133535,0.00617406210303,0.00111455599359,0.0995649912413,0,-0
600470_2026-06-24,2026-06-24,600470,BOARD2,15,0.553948548934,0.216637503972,8,0.5,0,0,1,0.0189873417722,0.0189873417722,0.2,0.333333333333,0.433333333333,0.266666666667,0.666666666667,0.533333333333,0.333333333333,1,0.533333333333,0.0666666666667,0.0866666666667,0.115555555556,0.266666666667,0.333333333333,-0.133333333333,1,0,0,0.00648503498871,0.0135947816318,0.0066036005818,0.000918829884085,0.0300175839755,0.00875264489865,0.0192424100621,0.0507853210962,0.00939577904202,0.00289878955457,0.00241399657721,0.00182412647488,0.0115918261366,0.0185221863091,0.00111455599359,0.0995649912413,0,-0
000571_2026-06-24,2026-06-24,000571,BOARD2,15,0.550804470021,0.203921610584,9,0.571428571429,1,0,1,0.079674796748,0.07,0.4,0.6,0.833333333333,0.933333333333,0.166666666667,0.533333333333,0.266666666667,0.366666666667,0.4,0.24,0.333333333333,0.777777777778,0.342222222222,0.22,-0.2,1,0,0,0.0129700699774,0.0244706069373,0.0126992318881,0.0032159045943,0.00750439599387,0.00875264489865,0.0153939280497,0.0186212844019,0.00704683428151,0.0104356423965,0.00928460222002,0.0122777743502,0.0148761768753,0.012224642964,0.00167183399038,0.0995649912413,0,-0
002830_2026-06-24,2026-06-24,002830,BOARD2,15,0.549015627306,0.196694217586,10,0.642857142857,0,1,0,-0.0324971493729,-0.0324971493729,0.266666666667,0.533333333333,0.433333333333,0.733333333333,0.666666666667,0.533333333333,0.733333333333,0.166666666667,0.466666666667,0.142222222222,0.115555555556,0.317777777778,0.122222222222,0.0888888888889,-0.266666666667,1,0,0,0.00864671331828,0.0217516506109,0.0066036005818,0.00252678218123,0.0300175839755,0.00875264489865,0.0423333021366,0.00846422018269,0.00822130666177,0.00618408438309,0.00321866210294,0.00501634780592,0.00531292031259,0.00493924968242,0.00222911198718,0.0995649912413,0,-0
600400_2026-06-24,2026-06-24,600400,BOARD2,15,0.547862758229,0.192039048414,11,0.714285714286,1,0,1,0.100323624595,0.07,0.466666666667,0.266666666667,0.266666666667,0.133333333333,0.666666666667,0.533333333333,0.133333333333,0.866666666667,0.733333333333,0.124444444444,0.124444444444,0.0355555555556,0.115555555556,0.231111111111,0.2,1,0,0,0.015131748307,0.0108758253055,0.00406375420419,0.000459414942043,0.0300175839755,0.00875264489865,0.00769696402483,0.04401394495,0.0129191961828,0.0054110738352,0.00346625149548,0.000561269684578,0.00502312465918,0.0128420491743,-0.00167183399038,0.0995649912413,0,-0
605580_2026-06-24,2026-06-24,605580,BOARD2,15,0.547690965321,0.191345544729,12,0.785714285714,0,1,0,-0.00604026845638,-0.00604026845638,0.6,0.2,0.133333333333,0.0666666666667,0.166666666667,0.533333333333,0.866666666667,0.666666666667,0.866666666667,0.12,0.08,0.00888888888889,0.0444444444444,0.133333333333,0.4,1,0,0,0.0194551049661,0.00815686897909,0.00203187710209,0.000229707471021,0.00750439599387,0.00875264489865,0.0500302661614,0.0338568807308,0.0152681409433,0.00521782119823,0.00222830453281,0.000140317421145,0.00193197102276,0.00740887452364,-0.00334366798077,0.0995649912413,0,-0
605377_2026-06-24,2026-06-24,605377,BOARD2,15,0.541505855729,0.166406360164,13,0.857142857143,0,1,0,-0.0173913043478,-0.0173913043478,0.333333333333,0.4,0.433333333333,0.533333333333,0.166666666667,0.533333333333,0.466666666667,0.366666666667,0.333333333333,0.133333333333,0.144444444444,0.231111111111,0.195555555556,0.146666666667,-0.0666666666667,1,0,0,0.0108083916478,0.0163137379582,0.0066036005818,0.00183765976817,0.00750439599387,0.00875264489865,0.0269393740869,0.0186212844019,0.00587236190126,0.00579757910915,0.00402332762868,0.00364825294976,0.00850067250015,0.008149761976,0.000557277996794,0.0995649912413,0,-0
600322_2026-06-24,2026-06-24,600322,BOARD2,15,0.529890710676,0.11970558086,14,0.928571428571,0,0,1,0.0181818181818,0.0181818181818,0.133333333333,0.133333333333,0.133333333333,0.866666666667,0.666666666667,0.533333333333,0.0666666666667,0.266666666667,0.0666666666667,0.0177777777778,0.0177777777778,0.115555555556,0.231111111111,0.0355555555556,0,1,0,0,0.00432335665914,0.00543791265273,0.00203187710209,0.00298619712328,0.0300175839755,0.00875264489865,0.00384848201241,0.0135427522923,0.00117447238025,0.000773010547886,0.000495178785068,0.00182412647488,0.0100462493184,0.00197569987297,-0,0.0995649912413,0,-0
002672_2026-06-24,2026-06-24,002672,BOARD2,15,0.525219100429,0.100962076126,15,1,0,0,1,0.0512129380054,0.0512129380054,0.0666666666667,0.0666666666667,0.133333333333,0.433333333333,0.666666666667,0.533333333333,0.2,0.0666666666667,0.2,0.00444444444444,0.00888888888889,0.0577777777778,0.0288888888889,0.00444444444444,0,1,0,0,0.00216167832957,0.00271895632636,0.00203187710209,0.00149309856164,0.0300175839755,0.00875264489865,0.0115454460372,0.00338568807308,0.00352341714076,0.000193252636972,0.000247589392534,0.00091206323744,0.00125578116479,0.000246962484121,-0,0.0995649912413,0,-0
600909_2026-06-25,2026-06-25,600909,BOARD2,9,0.585935991637,0.347189982874,1,0,1,0,1,0.07,0.07,1,1,0.444444444444,0.222222222222,0.555555555556,0.555555555556,0.555555555556,0.666666666667,1,1,0.444444444444,0.0987654320988,0.148148148148,0.666666666667,0,1,0,0,0.030255527752,0.0363840863615,0.00345248261249,0.00132196019187,0.0225517206087,0.00858841219423,0.0314025616354,0.029497820472,0.0115865295812,0.0395816746776,0.00819161642557,0.00148040852397,0.00573777907266,0.0313730840223,-0,0.0816597961912,0,-0
605069_2026-06-25,2026-06-25,605069,BOARD3,9,0.585333706796,0.344708039565,2,0.125,1,0,1,0.108333333333,0.07,0.888888888889,0.888888888889,0.777777777778,0.777777777778,0.555555555556,0.555555555556,0.666666666667,0.5,0.777777777778,0.79012345679,0.691358024691,0.604938271605,0.388888888889,0.444444444444,0,1,0,0,0.0268938024462,0.0323414100991,0.00604184457186,0.00462686067156,0.0225517206087,0.00858841219423,0.0376830739625,0.022123365354,0.00901174522982,0.0312744096218,0.0127425144398,0.0090675022093,0.0150616700657,0.0209153893482,-0,0.0816597961912,0,-0
600379_2026-06-25,2026-06-25,600379,BOARD2,9,0.581718702754,0.329832836183,3,0.25,0,1,0,-0.0113182423435,-0.0113182423435,0.777777777778,0.555555555556,0.777777777778,0.333333333333,0.555555555556,0.555555555556,0.777777777778,0.944444444444,0.666666666667,0.432098765432,0.604938271605,0.259259259259,0.314814814815,0.524691358025,0.222222222222,1,0,0,0.0235320771404,0.020213381312,0.00604184457186,0.00198294028781,0.0225517206087,0.00858841219423,0.0439635862896,0.041788579002,0.00772435305413,0.0171031927619,0.0111497001348,0.00388607237541,0.0121927805294,0.0246917790916,-0.00136190191323,0.0816597961912,0,-0
002580_2026-06-25,2026-06-25,002580,BOARD2,9,0.571799934422,0.289198635897,4,0.375,0,1,0,-0.12269446672,-0.12269446672,0.333333333333,0.444444444444,0.777777777778,0.5,0.555555555556,0.555555555556,0.888888888889,0.777777777778,0.333333333333,0.148148148148,0.259259259259,0.388888888889,0.388888888889,0.345679012346,-0.111111111111,1,0,0,0.0100851759173,0.0161707050496,0.00604184457186,0.00297441043172,0.0225517206087,0.00858841219423,0.0502440986166,0.034414123884,0.00386217652707,0.00586395180409,0.00477844291492,0.00582910856312,0.0150616700657,0.0162675250486,0.000680950956616,0.0816597961912,0,-0
002631_2026-06-25,2026-06-25,002631,BOARD2,9,0.569926519491,0.281551360352,5,0.5,0,0,1,0.0383838383838,0.0383838383838,0.666666666667,0.777777777778,0.777777777778,0.888888888889,0.555555555556,0.555555555556,0.333333333333,0.333333333333,0.555555555556,0.518518518519,0.518518518519,0.691358024691,0.296296296296,0.259259259259,-0.111111111111,1,0,0,0.0201703518347,0.0282987338368,0.00604184457186,0.0052878407675,0.0225517206087,0.00858841219423,0.0188415369812,0.014748910236,0.00643696087844,0.0205238313143,0.00955688582983,0.0103628596678,0.0114755581453,0.0122006437864,0.000680950956616,0.0816597961912,0,-0
603938_2026-06-25,2026-06-25,603938,BOARD3,9,0.569380151262,0.279322635789,6,0.625,1,0,1,0.174225028703,0.07,0.555555555556,0.666666666667,0.777777777778,1,0.555555555556,0.555555555556,1,0.111111111111,0.444444444444,0.37037037037,0.432098765432,0.777777777778,0.111111111111,0.0740740740741,-0.111111111111,1,0,0,0.0168086265289,0.0242560575744,0.00604184457186,0.00594882086343,0.0225517206087,0.00858841219423,0.0565246109437,0.004916303412,0.00514956870275,0.0146598795102,0.00796407152486,0.0116582171262,0.00430333430449,0.0034858982247,0.000680950956616,0.0816597961912,0,-0
000566_2026-06-25,2026-06-25,000566,BOARD2,9,0.556051086441,0.225150675857,7,0.75,0,1,0,-0.0021978021978,-0.0021978021978,0.444444444444,0.222222222222,0.277777777778,0.111111111111,0.555555555556,0.555555555556,0.222222222222,0.944444444444,0.888888888889,0.0987654320988,0.123456790123,0.0308641975309,0.104938271605,0.20987654321,0.222222222222,1,0,0,0.0134469012231,0.00808535252479,0.00215780163281,0.000660980095937,0.0225517206087,0.00858841219423,0.0125610246542,0.041788579002,0.0102991374055,0.00390930120273,0.0022754490071,0.00046262766374,0.00406426017647,0.00987671163665,-0.00136190191323,0.0816597961912,0,-0
002584_2026-06-25,2026-06-25,002584,BOARD2,9,0.554461105172,0.218712111254,8,0.875,0,0,1,0.0383064516129,0.0383064516129,0.222222222222,0.333333333333,0.277777777778,0.666666666667,0.555555555556,0.555555555556,0.444444444444,0.5,0.111111111111,0.0740740740741,0.0617283950617,0.185185185185,0.333333333333,0.166666666667,-0.111111111111,1,0,0,0.00672345061156,0.0121280287872,0.00215780163281,0.00396588057562,0.0225517206087,0.00858841219423,0.0251220493083,0.022123365354,0.00128739217569,0.00293197590205,0.00113772450355,0.00277576598244,0.0129100029135,0.00784327100557,0.000680950956616,0.0816597961912,0,-0
002687_2026-06-25,2026-06-25,002687,BOARD2,9,0.538391416489,0.153868525426,9,1,1,0,1,0.134703196347,0.07,0.111111111111,0.111111111111,0.111111111111,0.5,0.555555555556,0.555555555556,0.111111111111,0.222222222222,0.222222222222,0.0123456790123,0.0123456790123,0.0555555555556,0.111111111111,0.0246913580247,0,1,0,0,0.00336172530578,0.00404267626239,0.000863120653123,0.00297441043172,0.0225517206087,0.00858841219423,0.00628051232708,0.009832606824,0.00257478435138,0.000488662650341,0.00022754490071,0.000832729794732,0.00430333430449,0.0011619660749,-0,0.0816597961912,0,-0
603989_2026-06-26,2026-06-26,603989,BOARD2,12,0.594136598484,0.381092603179,1,0,0,1,0,-0.0419642857143,-0.0419642857143,1,1,0.583333333333,0.25,0.708333333333,0.5,0.416666666667,0.916666666667,0.583333333333,1,0.583333333333,0.145833333333,0.229166666667,0.916666666667,0,1,0,0,0.0305267195397,0.0354959463544,0.00384220933142,0.00248601621195,0.0266387166756,0.00711841174602,0.0228106220256,0.0380889282715,0.00599122011496,0.0386129066121,0.00962678274621,0.00231778929535,0.00865415368262,0.0416200869659,-0,0.0816764201624,0,-0
002990_2026-06-26,2026-06-26,002990,BOARD2,12,0.587470412947,0.353517954418,2,0.0909090909091,1,0,1,0.086383601757,0.07,0.833333333333,0.833333333333,0.583333333333,0.75,0.708333333333,0.5,0.583333333333,0.625,0.5,0.694444444444,0.486111111111,0.4375,0.46875,0.520833333333,0,1,0,0,0.0254389329498,0.0295799552953,0.00384220933142,0.00745804863586,0.0266387166756,0.00711841174602,0.0319348708358,0.0259697238215,0.00513533152711,0.0268145184806,0.00802231895517,0.00695336788604,0.0177016779872,0.0236477766852,-0,0.0816764201624,0,-0
600667_2026-06-26,2026-06-26,600667,BOARD2,12,0.578921950821,0.318349462049,3,0.181818181818,0,0,1,0.0668103448276,0.0668103448276,0.916666666667,0.916666666667,0.583333333333,0.5,0.208333333333,0.5,0.25,0.625,0.333333333333,0.840277777778,0.534722222222,0.291666666667,0.3125,0.572916666667,0,1,0,0,0.0279828262447,0.0325379508248,0.00384220933142,0.0049720324239,0.0078349166693,0.00711841174602,0.0136863732154,0.0259697238215,0.00342355435141,0.0324455673615,0.00882455085069,0.00463557859069,0.0118011186581,0.0260125543537,-0,0.0816764201624,0,-0
002080_2026-06-26,2026-06-26,002080,BOARD2,12,0.57749649108,0.312504614425,4,0.272727272727,0,1,0,-0.0525252525253,-0.0525252525253,0.75,0.75,0.875,0.875,0.208333333333,0.5,0.833333333333,0.291666666667,0.416666666667,0.5625,0.65625,0.765625,0.255208333333,0.21875,0,1,0,0,0.0228950396548,0.0266219597658,0.00576331399713,0.00870105674183,0.0078349166693,0.00711841174602,0.0456212440512,0.01211920445,0.00427944293926,0.0217197599693,0.0108301305895,0.0121683938006,0.00963758023747,0.00993206620777,-0,0.0816764201624,0,-0
600141_2026-06-26,2026-06-26,600141,BOARD2,12,0.576158976892,0.30702518474,5,0.363636363636,0,1,0,-0.0441767068273,-0.0441767068273,0.666666666667,0.5,0.875,0.166666666667,0.708333333333,0.5,0.333333333333,1,0.75,0.333333333333,0.583333333333,0.145833333333,0.166666666667,0.5,0.166666666667,1,0,0,0.0203511463598,0.0177479731772,0.00576331399713,0.0016573441413,0.0266387166756,0.00711841174602,0.0182484976205,0.0415515581144,0.00770299729067,0.0128709688707,0.00962678274621,0.00231778929535,0.006293929951,0.0227018656177,-0.00082820446911,0.0816764201624,0,-0
603678_2026-06-26,2026-06-26,603678,BOARD2,12,0.575196614348,0.303085480458,6,0.454545454545,0,0,1,0.0416001963431,0.0416001963431,0.5,0.333333333333,0.333333333333,0.625,0.708333333333,0.5,0.75,0.791666666667,1,0.166666666667,0.166666666667,0.208333333333,0.494791666667,0.263888888889,0.166666666667,1,0,0,0.0152633597699,0.0118319821181,0.00219554818938,0.00621504052988,0.0266387166756,0.00711841174602,0.0410591196461,0.0328949835072,0.0102706630542,0.00643548443534,0.00275050935606,0.00331112756478,0.018685104542,0.0119815401871,-0.00082820446911,0.0816764201624,0,-0
600584_2026-06-26,2026-06-26,600584,BOARD2,12,0.571023638358,0.286028790631,7,0.545454545455,0,0,1,0.0200970873786,0.0200970873786,0.416666666667,0.666666666667,0.875,1,0.708333333333,0.5,0.916666666667,0.0833333333333,0.166666666667,0.277777777778,0.364583333333,0.875,0.0833333333333,0.0555555555556,-0.25,1,0,0,0.0127194664749,0.0236639642363,0.00576331399713,0.00994406484781,0.0266387166756,0.00711841174602,0.0501833684563,0.00346262984286,0.0017117771757,0.0107258073922,0.00601673921638,0.0139067357721,0.0031469649755,0.00252242951308,0.00124230670366,0.0816764201624,0,-0
603929_2026-06-26,2026-06-26,603929,BOARD2,12,0.567444124227,0.271430774432,8,0.636363636364,0,0,1,0.0476785648642,0.0476785648642,0.333333333333,0.416666666667,0.333333333333,0.625,0.708333333333,0.5,1,0.291666666667,0.666666666667,0.138888888889,0.111111111111,0.208333333333,0.182291666667,0.121527777778,-0.0833333333333,1,0,0,0.0101755731799,0.0147899776477,0.00219554818938,0.00621504052988,0.0266387166756,0.00711841174602,0.0547454928614,0.01211920445,0.00684710870282,0.00536290369612,0.00183367290404,0.00331112756478,0.00688398588391,0.00551781455987,0.000414102234555,0.0816764201624,0,-0
002025_2026-06-26,2026-06-26,002025,BOARD2,12,0.558912536272,0.236749810054,9,0.727272727273,1,0,1,0.0701369863014,0.07,0.25,0.25,0.333333333333,0.375,0.708333333333,0.5,0.5,0.458333333333,0.916666666667,0.0625,0.0833333333333,0.125,0.171875,0.114583333333,0,1,0,0,0.00763167988493,0.00887398658859,0.00219554818938,0.00372902431793,0.0266387166756,0.00711841174602,0.0273727464307,0.0190444641358,0.00941477446637,0.00241330666325,0.00137525467803,0.00198667653887,0.00649061526197,0.00520251087073,-0,0.0816764201624,0,-0
603713_2026-06-26,2026-06-26,603713,BOARD2,12,0.556961989121,0.228841425744,10,0.818181818182,0,1,0,-0.0293809024134,-0.0293809024134,0.583333333333,0.583333333333,0.875,0.875,0.208333333333,1,0.666666666667,0.458333333333,0.833333333333,0.340277777778,0.510416666667,0.765625,0.401041666667,0.267361111111,0,0,1,0,0.0178072530648,0.0207059687067,0.00576331399713,0.00870105674183,0.0078349166693,0.014236823492,0.0364969952409,0.0190444641358,0.00855888587852,0.0131391140555,0.00842343490293,0.0121683938006,0.0151447689446,0.0121391920317,-0,0,0.00309117063827,-0
000818_2026-06-26,2026-06-26,000818,BOARD2,12,0.550765435309,0.203763844147,11,0.909090909091,1,0,1,0.0779510022272,0.07,0.166666666667,0.166666666667,0.125,0.0833333333333,0.708333333333,0.5,0.0833333333333,0.791666666667,0.25,0.0277777777778,0.0208333333333,0.0104166666667,0.0659722222222,0.131944444444,0,1,0,0,0.00508778658995,0.00591599105906,0.000823330571019,0.000828672070651,0.0266387166756,0.00711841174602,0.00456212440512,0.0328949835072,0.00256766576356,0.00107258073922,0.000343813669507,0.000165556378239,0.00249134727227,0.00599077009357,-0,0.0816764201624,0,-0
002254_2026-06-26,2026-06-26,002254,BOARD2,12,0.538262782847,0.15335094965,12,1,0,1,0,-0.025974025974,-0.025974025974,0.0833333333333,0.0833333333333,0.125,0.375,0.208333333333,0.5,0.166666666667,0.166666666667,0.0833333333333,0.00694444444444,0.0104166666667,0.046875,0.0625,0.0138888888889,0,1,0,0,0.00254389329498,0.00295799552953,0.000823330571019,0.00372902431793,0.0078349166693,0.00711841174602,0.00912424881023,0.00692525968573,0.000855888587852,0.000268145184806,0.000171906834754,0.000745003702076,0.00236022373162,0.000630607378271,-0,0.0816764201624,0,-0
