event_id,signal_date,code,board_group,stage1_score,stage1_rank,top1,top2,top3,d2_date,d3_date,d2_open_daily,d3_high_daily,target7,positive_non_target,loss,severe_loss,raw_repair_return,capped_return_7
603061_2026-07-01,2026-07-01,603061,BOARD2,0.59452688582,1,True,True,True,2026-07-02,2026-07-03,485,489.1,0,1,0,0,0.00845360824742,0.00845360824742
003043_2026-07-01,2026-07-01,003043,BOARD2,0.580816707842,2,False,True,True,2026-07-02,2026-07-03,97.08,103.88,1,0,0,0,0.0700453234446,0.07
600707_2026-07-01,2026-07-01,600707,BOARD2,0.579282384898,3,False,False,True,2026-07-02,2026-07-03,16.4,16.03,0,0,1,0,-0.0225609756098,-0.0225609756098
600378_2026-07-01,2026-07-01,600378,BOARD2,0.576577661297,4,False,False,False,2026-07-02,2026-07-03,76.81,85.8,1,0,0,0,0.117042051816,0.07
001229_2026-07-01,2026-07-01,001229,BOARD2,0.571822144493,5,False,False,False,2026-07-02,2026-07-03,36.17,38.63,0,1,0,0,0.0680121647774,0.0680121647774
603950_2026-07-01,2026-07-01,603950,BOARD2,0.57131617151,6,False,False,False,2026-07-02,2026-07-03,82.79,86.94,0,1,0,0,0.0501268269115,0.0501268269115
603983_2026-07-01,2026-07-01,603983,BOARD2,0.568626531091,7,False,False,False,2026-07-02,2026-07-03,28.5,29.43,0,1,0,0,0.0326315789474,0.0326315789474
001237_2026-07-01,2026-07-01,001237,BOARD2,0.561512527006,8,False,False,False,2026-07-02,2026-07-03,72.01,69.83,0,0,1,0,-0.0302735731148,-0.0302735731148
000017_2026-07-01,2026-07-01,000017,BOARD2,0.558992359051,9,False,False,False,2026-07-02,2026-07-03,6.08,6.25,0,1,0,0,0.0279605263158,0.0279605263158
600363_2026-07-01,2026-07-01,600363,BOARD2,0.55723966346,10,False,False,False,2026-07-02,2026-07-03,35.22,37.2,0,1,0,0,0.0562180579216,0.0562180579216
002208_2026-07-01,2026-07-01,002208,BOARD2,0.554704065631,11,False,False,False,2026-07-02,2026-07-03,19.2,19.98,0,1,0,0,0.040625,0.040625
603459_2026-07-01,2026-07-01,603459,BOARD2,0.553754974659,12,False,False,False,2026-07-02,2026-07-03,99.63,101.5,0,1,0,0,0.0187694469537,0.0187694469537
603928_2026-07-01,2026-07-01,603928,BOARD3,0.55244570063,13,False,False,False,2026-07-02,2026-07-03,13.42,15.87,1,0,0,0,0.182563338301,0.07
002628_2026-07-01,2026-07-01,002628,BOARD2,0.544411243541,14,False,False,False,2026-07-02,2026-07-03,5.47,5.55,0,1,0,0,0.0146252285192,0.0146252285192
603033_2026-07-01,2026-07-01,603033,BOARD2,0.541720226648,15,False,False,False,2026-07-02,2026-07-03,10.1,10.73,0,1,0,0,0.0623762376238,0.0623762376238
603222_2026-07-01,2026-07-01,603222,BOARD2,0.539427009932,16,False,False,False,2026-07-02,2026-07-03,8.24,8.54,0,1,0,0,0.0364077669903,0.0364077669903
002638_2026-07-01,2026-07-01,002638,BOARD2,0.535730739531,17,False,False,False,2026-07-02,2026-07-03,4.32,4.22,0,0,1,0,-0.0231481481481,-0.0231481481481
002407_2026-07-02,2026-07-02,002407,BOARD3,0.596868166644,1,True,True,True,2026-07-03,2026-07-06,54.57,50.9,0,0,1,1,-0.0672530694521,-0.0672530694521
603379_2026-07-02,2026-07-02,603379,BOARD2,0.590785197299,2,False,True,True,2026-07-03,2026-07-06,80,76.07,0,0,1,0,-0.049125,-0.049125
002167_2026-07-02,2026-07-02,002167,BOARD2,0.584402219082,3,False,False,True,2026-07-03,2026-07-06,26.1,26.3,0,1,0,0,0.00766283524904,0.00766283524904
600113_2026-07-02,2026-07-02,600113,BOARD3,0.5796906718,4,False,False,False,2026-07-03,2026-07-06,36.5,35.64,0,0,1,0,-0.0235616438356,-0.0235616438356
603991_2026-07-02,2026-07-02,603991,BOARD2,0.575808667661,5,False,False,False,2026-07-03,2026-07-06,152.83,158.28,0,1,0,0,0.0356605378525,0.0356605378525
002396_2026-07-02,2026-07-02,002396,BOARD2,0.571563532043,6,False,False,False,2026-07-03,2026-07-06,23.4,25.74,1,0,0,0,0.1,0.07
603120_2026-07-02,2026-07-02,603120,BOARD2,0.571075104713,7,False,False,False,2026-07-03,2026-07-06,60.13,58.96,0,0,1,0,-0.0194578413438,-0.0194578413438
002929_2026-07-02,2026-07-02,002929,BOARD2,0.565629583841,8,False,False,False,2026-07-03,2026-07-06,69.65,69.99,0,1,0,0,0.00488155061019,0.00488155061019
000620_2026-07-02,2026-07-02,000620,BOARD2,0.560846583917,9,False,False,False,2026-07-03,2026-07-06,3.68,3.85,0,1,0,0,0.0461956521739,0.0461956521739
002273_2026-07-02,2026-07-02,002273,BOARD2,0.560213095017,10,False,False,False,2026-07-03,2026-07-06,39.24,38.09,0,0,1,0,-0.0293068297655,-0.0293068297655
002738_2026-07-02,2026-07-02,002738,BOARD2,0.559882196197,11,False,False,False,2026-07-03,2026-07-06,66.05,68.18,0,1,0,0,0.0322482967449,0.0322482967449
002747_2026-07-02,2026-07-02,002747,BOARD2,0.557894998444,12,False,False,False,2026-07-03,2026-07-06,42.02,48.3,1,0,0,0,0.149452641599,0.07
001399_2026-07-02,2026-07-02,001399,BOARD2,0.551085069999,13,False,False,False,2026-07-03,2026-07-06,46,42.81,0,0,1,1,-0.069347826087,-0.069347826087
600783_2026-07-02,2026-07-02,600783,BOARD2,0.547884101882,14,False,False,False,2026-07-03,2026-07-06,21.53,22.37,0,1,0,0,0.0390153274501,0.0390153274501
000603_2026-07-02,2026-07-02,000603,BOARD2,0.543351182528,15,False,False,False,2026-07-03,2026-07-06,25.45,26,0,1,0,0,0.0216110019646,0.0216110019646
002053_2026-07-02,2026-07-02,002053,BOARD2,0.542756221081,16,False,False,False,2026-07-03,2026-07-06,9.8,10.1,0,1,0,0,0.030612244898,0.030612244898
001331_2026-07-02,2026-07-02,001331,BOARD2,0.541992224054,17,False,False,False,2026-07-03,2026-07-06,62.99,66.34,0,1,0,0,0.0531830449278,0.0531830449278
600076_2026-07-02,2026-07-02,600076,BOARD2,0.541204166275,18,False,False,False,2026-07-03,2026-07-06,3.43,3.48,0,1,0,0,0.0145772594752,0.0145772594752
603212_2026-07-02,2026-07-02,603212,BOARD2,0.531871652326,19,False,False,False,2026-07-03,2026-07-06,12.9,12.77,0,0,1,0,-0.0100775193798,-0.0100775193798
600641_2026-07-03,2026-07-03,600641,BOARD3,0.595268286407,1,True,True,True,2026-07-06,2026-07-07,46.36,45.88,0,0,1,0,-0.0103537532355,-0.0103537532355
002559_2026-07-03,2026-07-03,002559,BOARD2,0.586803838448,2,False,True,True,2026-07-06,2026-07-07,14.32,13.79,0,0,1,0,-0.0370111731844,-0.0370111731844
605488_2026-07-03,2026-07-03,605488,BOARD2,0.575203439877,3,False,False,True,2026-07-06,2026-07-07,33.8,33.5,0,0,1,0,-0.00887573964497,-0.00887573964497
000536_2026-07-03,2026-07-03,000536,BOARD2,0.574848137133,4,False,False,False,2026-07-06,2026-07-07,3.91,3.78,0,0,1,0,-0.0332480818414,-0.0332480818414
002826_2026-07-03,2026-07-03,002826,BOARD2,0.565736269328,5,False,False,False,2026-07-06,2026-07-07,17.92,18.49,0,1,0,0,0.0318080357143,0.0318080357143
603538_2026-07-03,2026-07-03,603538,BOARD2,0.561437317122,6,False,False,False,2026-07-06,2026-07-07,37.61,45.74,1,0,0,0,0.216165913321,0.07
000520_2026-07-03,2026-07-03,000520,BOARD2,0.55804888901,7,False,False,False,2026-07-06,2026-07-07,4.66,4.79,0,1,0,0,0.0278969957082,0.0278969957082
002458_2026-07-03,2026-07-03,002458,BOARD2,0.557797846191,8,False,False,False,2026-07-06,2026-07-07,9,9.22,0,1,0,0,0.0244444444444,0.0244444444444
603505_2026-07-03,2026-07-03,603505,BOARD2,0.55502431412,9,False,False,False,2026-07-06,2026-07-07,22.09,20.45,0,0,1,1,-0.0742417383431,-0.0742417383431
002971_2026-07-03,2026-07-03,002971,BOARD2,0.547043098341,10,False,False,False,2026-07-06,2026-07-07,69.14,64.51,0,0,1,1,-0.06696557709,-0.06696557709
000601_2026-07-03,2026-07-03,000601,BOARD2,0.543292505962,11,False,False,False,2026-07-06,2026-07-07,6.66,7,0,1,0,0,0.0510510510511,0.0510510510511
001313_2026-07-03,2026-07-03,001313,BOARD2,0.539033696381,12,False,False,False,2026-07-06,2026-07-07,7.89,8.11,0,1,0,0,0.0278833967047,0.0278833967047
002979_2026-07-06,2026-07-06,002979,BOARD2,0.554017622405,1,True,True,True,2026-07-07,2026-07-08,72.85,68.58,0,0,1,1,-0.0586135895676,-0.0586135895676
603580_2026-07-06,2026-07-06,603580,BOARD2,0.549420187065,2,False,True,True,2026-07-14,2026-07-15,33.75,37.13,1,0,0,0,0.100148148148,0.07
603338_2026-07-06,2026-07-06,603338,BOARD2,0.54017091369,3,False,False,True,2026-07-07,2026-07-08,53,53.2,0,1,0,0,0.00377358490566,0.00377358490566
600988_2026-07-06,2026-07-06,600988,BOARD2,0.53595581249,4,False,False,False,2026-07-07,2026-07-08,30.31,32.05,0,1,0,0,0.0574067964368,0.0574067964368
605189_2026-07-06,2026-07-06,605189,BOARD3,0.534100646178,5,False,False,False,2026-07-07,2026-07-08,15.31,14.66,0,0,1,0,-0.0424559111692,-0.0424559111692
000908_2026-07-06,2026-07-06,000908,BOARD2,0.530602262704,6,False,False,False,2026-07-07,2026-07-08,6.91,7.19,0,1,0,0,0.040520984081,0.040520984081
603286_2026-07-06,2026-07-06,603286,BOARD2,0.527516923041,7,False,False,False,2026-07-07,2026-07-08,54.57,54.2,0,0,1,0,-0.00678028220634,-0.00678028220634
000576_2026-07-06,2026-07-06,000576,BOARD2,0.511712951128,8,False,False,False,2026-07-07,2026-07-08,7.55,7.38,0,0,1,0,-0.0225165562914,-0.0225165562914
000506_2026-07-06,2026-07-06,000506,BOARD2,0.509867451232,9,False,False,False,2026-07-07,2026-07-08,11.8,13.42,1,0,0,0,0.137288135593,0.07
603559_2026-07-06,2026-07-06,603559,BOARD2,0.509038425414,10,False,False,False,2026-07-07,2026-07-08,8.82,8.5,0,0,1,0,-0.0362811791383,-0.0362811791383
603717_2026-07-06,2026-07-06,603717,BOARD2,0.507202102838,11,False,False,False,2026-07-07,2026-07-08,6.83,6.73,0,0,1,0,-0.0146412884334,-0.0146412884334
000595_2026-07-06,2026-07-06,000595,BOARD2,0.50600896311,12,False,False,False,2026-07-07,2026-07-08,6.11,5.85,0,0,1,0,-0.0425531914894,-0.0425531914894
001317_2026-07-06,2026-07-06,001317,BOARD2,0.505942652572,13,False,False,False,2026-07-07,2026-07-08,42.37,46.7,1,0,0,0,0.102194949257,0.07
603722_2026-07-07,2026-07-07,603722,BOARD2,0.595649888206,1,True,True,True,2026-07-08,2026-07-09,41,41.86,0,1,0,0,0.0209756097561,0.0209756097561
002396_2026-07-07,2026-07-07,002396,BOARD2,0.576490895363,2,False,True,True,2026-07-08,2026-07-09,27.66,29.2,0,1,0,0,0.0556760665221,0.0556760665221
000656_2026-07-07,2026-07-07,000656,BOARD3,0.559111237139,3,False,False,True,2026-07-08,2026-07-09,1.31,1.36,0,1,0,0,0.0381679389313,0.0381679389313
002767_2026-07-07,2026-07-07,002767,BOARD2,0.557992986541,4,False,False,False,2026-07-08,2026-07-09,18.49,18.88,0,1,0,0,0.0210924824229,0.0210924824229
603211_2026-07-07,2026-07-07,603211,BOARD2,0.555668458107,5,False,False,False,2026-07-08,2026-07-09,36.65,36.38,0,0,1,0,-0.00736698499318,-0.00736698499318
002141_2026-07-07,2026-07-07,002141,BOARD2,0.553249849054,6,False,False,False,2026-07-08,2026-07-09,5.8,5.65,0,0,1,0,-0.0258620689655,-0.0258620689655
603823_2026-07-08,2026-07-08,603823,BOARD2,0.599692201188,1,True,True,True,2026-07-09,2026-07-10,68.82,72.27,0,1,0,0,0.0501307759372,0.0501307759372
603861_2026-07-08,2026-07-08,603861,BOARD2,0.565975102587,2,False,True,True,2026-07-09,2026-07-10,13.03,13.59,0,1,0,0,0.0429777436685,0.0429777436685
600246_2026-07-08,2026-07-08,600246,BOARD2,0.559995332951,3,False,False,True,2026-07-09,2026-07-10,19.36,21.31,1,0,0,0,0.100723140496,0.07
600288_2026-07-09,2026-07-09,600288,BOARD3,0.597150577359,1,True,True,True,2026-07-10,2026-07-13,16.53,17.35,0,1,0,0,0.0496067755596,0.0496067755596
001229_2026-07-09,2026-07-09,001229,BOARD2,0.580276246901,2,False,True,True,2026-07-10,2026-07-13,46.1,49.6,1,0,0,0,0.0759219088937,0.07
001365_2026-07-09,2026-07-09,001365,BOARD2,0.57077637214,3,False,False,True,2026-07-10,2026-07-13,44.97,48.78,1,0,0,0,0.0847231487658,0.07
600094_2026-07-09,2026-07-09,600094,BOARD2,0.54972530661,4,False,False,False,2026-07-10,2026-07-13,3.91,4.02,0,1,0,0,0.0281329923274,0.0281329923274
002951_2026-07-09,2026-07-09,002951,BOARD2,0.545592325844,5,False,False,False,2026-07-10,2026-07-13,14.93,14.38,0,0,1,0,-0.0368385800402,-0.0368385800402
002841_2026-07-10,2026-07-10,002841,BOARD3,0.582733262398,1,True,True,True,2026-07-13,2026-07-14,51.51,52.3,0,1,0,0,0.0153368278004,0.0153368278004
000977_2026-07-10,2026-07-10,000977,BOARD2,0.579299193401,2,False,True,True,2026-07-13,2026-07-14,91,88.38,0,0,1,0,-0.0287912087912,-0.0287912087912
603928_2026-07-10,2026-07-10,603928,BOARD2,0.559280261029,3,False,False,True,2026-07-13,2026-07-14,16.94,16.3,0,0,1,0,-0.0377804014168,-0.0377804014168
002490_2026-07-10,2026-07-10,002490,BOARD2,0.559183566146,4,False,False,False,2026-07-13,2026-07-14,7.7,9.07,1,0,0,0,0.177922077922,0.07
002829_2026-07-13,2026-07-13,002829,BOARD2,0.559245443214,1,True,True,True,2026-07-14,2026-07-15,19,18.16,0,0,1,0,-0.0442105263158,-0.0442105263158
000892_2026-07-13,2026-07-13,000892,BOARD2,0.548088061666,2,False,True,True,2026-07-14,2026-07-15,4.05,3.52,0,0,1,1,-0.130864197531,-0.130864197531
000887_2026-07-13,2026-07-13,000887,BOARD2,0.526713170815,3,False,False,True,2026-07-14,2026-07-15,19.94,19.63,0,0,1,0,-0.0155466399198,-0.0155466399198
002414_2026-07-13,2026-07-13,002414,BOARD2,0.525860119482,4,False,False,False,2026-07-14,2026-07-15,13.79,13.77,0,0,1,0,-0.00145032632342,-0.00145032632342
002346_2026-07-13,2026-07-13,002346,BOARD2,0.518964624484,5,False,False,False,2026-07-14,2026-07-15,20.34,21.19,0,1,0,0,0.0417895771878,0.0417895771878
603898_2026-07-13,2026-07-13,603898,BOARD2,0.504356988082,6,False,False,False,2026-07-14,2026-07-15,14.83,14.3,0,0,1,0,-0.0357383681726,-0.0357383681726
003020_2026-07-14,2026-07-14,003020,BOARD3,0.602253196668,1,True,True,True,2026-07-15,2026-07-16,18.72,21.9,1,0,0,0,0.169871794872,0.07
001395_2026-07-14,2026-07-14,001395,BOARD3,0.581389014827,2,False,True,True,2026-07-15,2026-07-16,28.84,32.7,1,0,0,0,0.133841886269,0.07
600513_2026-07-14,2026-07-14,600513,BOARD2,0.567964237233,3,False,False,True,2026-07-15,2026-07-16,16.99,19,1,0,0,0,0.118304885227,0.07
600629_2026-07-14,2026-07-14,600629,BOARD2,0.565072907806,4,False,False,False,2026-07-15,2026-07-16,13.67,14.07,0,1,0,0,0.0292611558157,0.0292611558157
605090_2026-07-14,2026-07-14,605090,BOARD2,0.559015046952,5,False,False,False,2026-07-15,2026-07-16,38.52,39.7,0,1,0,0,0.0306334371755,0.0306334371755
600992_2026-07-14,2026-07-14,600992,BOARD3,0.557542890499,6,False,False,False,2026-07-15,2026-07-16,10.28,11.56,1,0,0,0,0.124513618677,0.07
601608_2026-07-14,2026-07-14,601608,BOARD2,0.544815748065,7,False,False,False,2026-07-15,2026-07-16,4.9,5.01,0,1,0,0,0.0224489795918,0.0224489795918
000920_2026-07-14,2026-07-14,000920,BOARD2,0.544225211348,8,False,False,False,2026-07-15,2026-07-16,13.9,14.15,0,1,0,0,0.0179856115108,0.0179856115108
002379_2026-07-15,2026-07-15,002379,BOARD2,0.606227913473,1,True,True,True,2026-07-16,2026-07-17,18.19,18.86,0,1,0,0,0.0368334249588,0.0368334249588
603065_2026-07-15,2026-07-15,603065,BOARD2,0.564681107583,2,False,True,True,2026-07-16,2026-07-17,19.07,17.16,0,0,1,1,-0.100157315155,-0.100157315155
001388_2026-07-16,2026-07-16,001388,BOARD3,0.590385310201,1,True,True,True,2026-07-17,2026-07-20,20.9,26.75,1,0,0,0,0.27990430622,0.07
600829_2026-07-16,2026-07-16,600829,BOARD2,0.584442350544,2,False,True,True,2026-07-17,2026-07-20,9.6,9.09,0,0,1,1,-0.053125,-0.053125
002432_2026-07-16,2026-07-16,002432,BOARD2,0.577803808853,3,False,False,True,2026-07-17,2026-07-20,79.2,87.12,1,0,0,0,0.1,0.07
603137_2026-07-16,2026-07-16,603137,BOARD3,0.573656924794,4,False,False,False,2026-07-17,2026-07-20,28.85,31.74,1,0,0,0,0.100173310225,0.07
600746_2026-07-16,2026-07-16,600746,BOARD2,0.566262364754,5,False,False,False,2026-07-17,2026-07-20,6.12,6.64,1,0,0,0,0.0849673202614,0.07
605028_2026-07-16,2026-07-16,605028,BOARD2,0.562270837541,6,False,False,False,2026-07-17,2026-07-20,23.82,24.28,0,1,0,0,0.0193115029387,0.0193115029387
600844_2026-07-16,2026-07-16,600844,BOARD2,0.558565185924,7,False,False,False,2026-07-17,2026-07-20,2.82,2.98,0,1,0,0,0.0567375886525,0.0567375886525
605255_2026-07-16,2026-07-16,605255,BOARD2,0.555234700195,8,False,False,False,2026-07-17,2026-07-20,77.61,69.95,0,0,1,1,-0.0986986213117,-0.0986986213117
600227_2026-07-16,2026-07-16,600227,BOARD2,0.550861527621,9,False,False,False,2026-07-17,2026-07-20,2.8,3.37,1,0,0,0,0.203571428571,0.07
002141_2026-07-16,2026-07-16,002141,BOARD2,0.547503622438,10,False,False,False,2026-07-17,2026-07-20,5.95,5.44,0,0,1,1,-0.0857142857143,-0.0857142857143
605189_2026-07-16,2026-07-16,605189,BOARD2,0.544246155678,11,False,False,False,2026-07-17,2026-07-20,15.3,15.08,0,0,1,0,-0.0143790849673,-0.0143790849673
600403_2026-07-16,2026-07-16,600403,BOARD2,0.542138704854,12,False,False,False,2026-07-17,2026-07-20,5.08,5.28,0,1,0,0,0.0393700787402,0.0393700787402
002365_2026-07-17,2026-07-17,002365,BOARD2,0.608794694815,1,True,True,True,2026-07-20,2026-07-21,11.72,12.4,0,1,0,0,0.0580204778157,0.0580204778157
000504_2026-07-17,2026-07-17,000504,BOARD2,0.568981191003,2,False,True,True,2026-07-20,2026-07-21,8.4,8.06,0,0,1,0,-0.0404761904762,-0.0404761904762
002739_2026-07-17,2026-07-17,002739,BOARD2,0.56883096417,3,False,False,True,2026-07-20,2026-07-21,9.59,9.58,0,0,1,0,-0.00104275286757,-0.00104275286757
000566_2026-07-17,2026-07-17,000566,BOARD2,0.550491580173,4,False,False,False,2026-07-20,2026-07-21,4.59,4.78,0,1,0,0,0.041394335512,0.041394335512
600785_2026-07-17,2026-07-17,600785,BOARD2,0.548469003687,5,False,False,False,2026-07-20,2026-07-21,8.28,8.07,0,0,1,0,-0.0253623188406,-0.0253623188406
000676_2026-07-20,2026-07-20,000676,BOARD3,0.54215258756,1,True,True,True,2026-07-21,2026-07-22,6.36,7.23,1,0,0,0,0.13679245283,0.07
603567_2026-07-20,2026-07-20,603567,BOARD2,0.536810017753,2,False,True,True,2026-07-21,2026-07-22,5.57,6.25,1,0,0,0,0.122082585278,0.07
002677_2026-07-20,2026-07-20,002677,BOARD3,0.535691883624,3,False,False,True,2026-07-21,2026-07-22,6.49,6.41,0,0,1,0,-0.0123266563945,-0.0123266563945
002632_2026-07-20,2026-07-20,002632,BOARD2,0.520146463613,4,False,False,False,2026-07-21,2026-07-22,8.58,8.35,0,0,1,0,-0.0268065268065,-0.0268065268065
600162_2026-07-20,2026-07-20,600162,BOARD3,0.519423438637,5,False,False,False,2026-07-21,2026-07-22,2.57,2.76,1,0,0,0,0.0739299610895,0.07
002829_2026-07-20,2026-07-20,002829,BOARD2,0.519156761641,6,False,False,False,2026-07-21,2026-07-22,19.87,23.23,1,0,0,0,0.169099144439,0.07
000722_2026-07-21,2026-07-21,000722,BOARD2,0.60102382718,1,True,True,True,2026-07-22,2026-07-23,13.84,14.97,1,0,0,0,0.0816473988439,0.07
600644_2026-07-21,2026-07-21,600644,BOARD2,0.58281503821,2,False,True,True,2026-07-22,2026-07-23,9.3,11.5,1,0,0,0,0.236559139785,0.07
600236_2026-07-21,2026-07-21,600236,BOARD2,0.57156738861,3,False,False,True,2026-07-22,2026-07-23,10.81,12.25,1,0,0,0,0.133209990749,0.07
000037_2026-07-21,2026-07-21,000037,BOARD2,0.557688287932,4,False,False,False,2026-07-22,2026-07-23,9.36,10.7,1,0,0,0,0.143162393162,0.07
000899_2026-07-21,2026-07-21,000899,BOARD2,0.552785923908,5,False,False,False,2026-07-22,2026-07-23,10.65,11.55,1,0,0,0,0.0845070422535,0.07
600227_2026-07-21,2026-07-21,600227,BOARD2,0.55143726511,6,False,False,False,2026-07-22,2026-07-23,2.8,3.46,1,0,0,0,0.235714285714,0.07
600722_2026-07-21,2026-07-21,600722,BOARD2,0.544279557136,7,False,False,False,2026-07-22,2026-07-23,8.77,10.9,1,0,0,0,0.242873432155,0.07
000889_2026-07-22,2026-07-22,000889,BOARD2,0.593555243892,1,True,True,True,2026-07-23,2026-07-24,3.88,3.77,0,0,1,0,-0.0283505154639,-0.0283505154639
002036_2026-07-22,2026-07-22,002036,BOARD2,0.575312319822,2,False,True,True,2026-07-30,2026-07-31,7.25,7.1,0,0,1,0,-0.0206896551724,-0.0206896551724
603629_2026-07-23,2026-07-23,603629,BOARD2,0.593083467269,1,True,True,True,2026-07-24,2026-07-27,114,118,0,1,0,0,0.0350877192982,0.0350877192982
603118_2026-07-23,2026-07-23,603118,BOARD2,0.572435628525,2,False,True,True,2026-07-24,2026-07-27,15.75,16.76,0,1,0,0,0.064126984127,0.064126984127
603407_2026-07-23,2026-07-23,603407,BOARD2,0.565203916724,3,False,False,True,2026-07-24,2026-07-27,59.62,61.35,0,1,0,0,0.0290171083529,0.0290171083529
002213_2026-07-23,2026-07-23,002213,BOARD2,0.553237520933,4,False,False,False,2026-07-24,2026-07-27,27.16,27.8,0,1,0,0,0.0235640648012,0.0235640648012
600722_2026-07-24,2026-07-24,600722,BOARD2,0.597274045642,1,True,True,True,2026-07-27,2026-07-28,10.29,9.26,0,0,1,1,-0.10009718173,-0.10009718173
603619_2026-07-24,2026-07-24,603619,BOARD2,0.580585012838,2,False,True,True,2026-07-27,2026-07-28,20.43,21.31,0,1,0,0,0.0430739109153,0.0430739109153
000603_2026-07-24,2026-07-24,000603,BOARD3,0.577388907184,3,False,False,True,2026-07-27,2026-07-28,25.14,24.54,0,0,1,0,-0.0238663484487,-0.0238663484487
600396_2026-07-24,2026-07-24,600396,BOARD2,0.565572303675,4,False,False,False,2026-07-27,2026-07-28,14,17.21,1,0,0,0,0.229285714286,0.07
002197_2026-07-24,2026-07-24,002197,BOARD3,0.561922985302,5,False,False,False,2026-07-27,2026-07-28,6.55,6.85,0,1,0,0,0.0458015267176,0.0458015267176
605162_2026-07-24,2026-07-24,605162,BOARD2,0.559648689791,6,False,False,False,2026-07-27,2026-07-28,7.78,9.23,1,0,0,0,0.186375321337,0.07
002412_2026-07-24,2026-07-24,002412,BOARD2,0.545941355363,7,False,False,False,2026-07-27,2026-07-28,6.94,7.45,1,0,0,0,0.0734870317003,0.07
603988_2026-07-24,2026-07-24,603988,BOARD2,0.54483073178,8,False,False,False,2026-07-27,2026-07-28,15.68,18.4,1,0,0,0,0.173469387755,0.07
002900_2026-07-24,2026-07-24,002900,BOARD2,0.544781193409,9,False,False,False,2026-07-27,2026-07-28,10.88,13.61,1,0,0,0,0.250919117647,0.07
002300_2026-07-27,2026-07-27,002300,BOARD2,0.540785162846,1,True,True,True,2026-07-28,2026-07-29,7.32,7.4,0,1,0,0,0.0109289617486,0.0109289617486
600698_2026-07-27,2026-07-27,600698,BOARD2,0.537609145297,2,False,True,True,2026-07-28,2026-07-29,6.76,6.61,0,0,1,0,-0.0221893491124,-0.0221893491124
002083_2026-07-27,2026-07-27,002083,BOARD2,0.537218022691,3,False,False,True,2026-07-28,2026-07-29,11.8,11.88,0,1,0,0,0.00677966101695,0.00677966101695
002498_2026-07-27,2026-07-27,002498,BOARD2,0.53606591701,4,False,False,False,2026-07-28,2026-07-29,6.76,7.19,0,1,0,0,0.0636094674556,0.0636094674556
000011_2026-07-27,2026-07-27,000011,BOARD2,0.53493691153,5,False,False,False,2026-07-28,2026-07-29,8.28,8.05,0,0,1,0,-0.0277777777778,-0.0277777777778
002298_2026-07-27,2026-07-27,002298,BOARD2,0.532266021251,6,False,False,False,2026-07-28,2026-07-29,8.3,8.77,0,1,0,0,0.0566265060241,0.0566265060241
000595_2026-07-27,2026-07-27,000595,BOARD3,0.528506316943,7,False,False,False,2026-07-28,2026-07-29,5.84,5.42,0,0,1,1,-0.0719178082192,-0.0719178082192
600984_2026-07-27,2026-07-27,600984,BOARD2,0.522637153302,8,False,False,False,2026-07-28,2026-07-29,4,4.05,0,1,0,0,0.0125,0.0125
002218_2026-07-27,2026-07-27,002218,BOARD2,0.518956974715,9,False,False,False,2026-07-28,2026-07-29,4.12,4.08,0,0,1,0,-0.00970873786408,-0.00970873786408
003001_2026-07-27,2026-07-27,003001,BOARD2,0.511878008034,10,False,False,False,2026-07-28,2026-07-29,19.2,19.43,0,1,0,0,0.0119791666667,0.0119791666667
000668_2026-07-27,2026-07-27,000668,BOARD2,0.511409053522,11,False,False,False,2026-07-28,2026-07-29,18.95,20.3,1,0,0,0,0.0712401055409,0.07
603956_2026-07-27,2026-07-27,603956,BOARD2,0.508787074065,12,False,False,False,2026-07-28,2026-07-29,6.05,6.42,0,1,0,0,0.0611570247934,0.0611570247934
002199_2026-07-27,2026-07-27,002199,BOARD2,0.506559958521,13,False,False,False,2026-07-28,2026-07-29,10.72,13.39,1,0,0,0,0.249067164179,0.07
601606_2026-07-28,2026-07-28,601606,BOARD3,0.586931641604,1,True,True,True,2026-07-29,2026-07-30,33,36.21,1,0,0,0,0.0972727272727,0.07
600617_2026-07-28,2026-07-28,600617,BOARD2,0.572382697336,2,False,True,True,2026-07-29,2026-07-30,3.29,3.51,0,1,0,0,0.0668693009119,0.0668693009119
603690_2026-07-28,2026-07-28,603690,BOARD2,0.56335371394,3,False,False,True,2026-07-29,2026-07-30,25.1,23.97,0,0,1,0,-0.0450199203187,-0.0450199203187
002388_2026-07-29,2026-07-29,002388,BOARD3,0.584032243038,1,True,True,True,2026-07-30,2026-07-31,4.99,4.76,0,0,1,0,-0.0460921843687,-0.0460921843687
002969_2026-07-29,2026-07-29,002969,BOARD2,0.576822854471,2,False,True,True,2026-07-30,2026-07-31,12.45,12.99,0,1,0,0,0.0433734939759,0.0433734939759
002173_2026-07-29,2026-07-29,002173,BOARD2,0.572584733359,3,False,False,True,2026-07-30,2026-07-31,20.18,20.49,0,1,0,0,0.0153617443013,0.0153617443013
002309_2026-07-29,2026-07-29,002309,BOARD2,0.5696448545,4,False,False,False,2026-07-30,2026-07-31,3.21,3.25,0,1,0,0,0.01246105919,0.01246105919
603358_2026-07-29,2026-07-29,603358,BOARD2,0.565946226858,5,False,False,False,2026-07-30,2026-07-31,40.19,38.28,0,0,1,0,-0.0475242597661,-0.0475242597661
002310_2026-07-29,2026-07-29,002310,BOARD2,0.56174532524,6,False,False,False,2026-07-30,2026-07-31,2.58,2.53,0,0,1,0,-0.0193798449612,-0.0193798449612
600775_2026-07-29,2026-07-29,600775,BOARD2,0.554708802155,7,False,False,False,2026-07-30,2026-07-31,9.43,9.88,0,1,0,0,0.0477200424178,0.0477200424178
603389_2026-07-29,2026-07-29,603389,BOARD2,0.551692382426,8,False,False,False,2026-07-30,2026-07-31,43.39,43.2,0,0,1,0,-0.00437888914496,-0.00437888914496
000566_2026-07-29,2026-07-29,000566,BOARD2,0.551070227296,9,False,False,False,2026-07-30,2026-07-31,5.45,6.01,1,0,0,0,0.102752293578,0.07
603716_2026-07-29,2026-07-29,603716,BOARD2,0.5456798573,10,False,False,False,2026-07-30,2026-07-31,15.66,15.94,0,1,0,0,0.0178799489144,0.0178799489144
603580_2026-07-30,2026-07-30,603580,BOARD2,0.584406826064,1,True,True,True,2026-07-31,2026-08-03,50.6,52.89,0,1,0,0,0.045256916996,0.045256916996
002199_2026-07-30,2026-07-30,002199,BOARD2,0.580555787015,2,False,True,True,2026-07-31,2026-08-03,13.17,13.39,0,1,0,0,0.0167046317388,0.0167046317388
600693_2026-07-30,2026-07-30,600693,BOARD2,0.56998237917,3,False,False,True,2026-07-31,2026-08-03,8.27,9.51,1,0,0,0,0.149939540508,0.07
001358_2026-07-30,2026-07-30,001358,BOARD3,0.562684647835,4,False,False,False,2026-07-31,2026-08-03,24.77,24.97,0,1,0,0,0.00807428340735,0.00807428340735
603400_2026-07-30,2026-07-30,603400,BOARD2,0.558485073811,5,False,False,False,2026-07-31,2026-08-03,43.9,42.01,0,0,1,0,-0.0430523917995,-0.0430523917995
000428_2026-07-30,2026-07-30,000428,BOARD3,0.556015392529,6,False,False,False,2026-07-31,2026-08-03,3.78,4.08,1,0,0,0,0.0793650793651,0.07
002212_2026-07-30,2026-07-30,002212,BOARD2,0.543375351838,7,False,False,False,2026-07-31,2026-08-03,6.11,6.73,1,0,0,0,0.10147299509,0.07
002882_2026-07-31,2026-07-31,002882,BOARD2,0.594846391577,1,True,True,True,2026-08-03,2026-08-04,21.63,24.8,1,0,0,0,0.146555709663,0.07
600228_2026-07-31,2026-07-31,600228,BOARD2,0.578957458511,2,False,True,True,2026-08-03,2026-08-04,7.35,7.83,0,1,0,0,0.065306122449,0.065306122449
605388_2026-07-31,2026-07-31,605388,BOARD2,0.566306571076,3,False,False,True,2026-08-03,2026-08-04,5.9,6.14,0,1,0,0,0.0406779661017,0.0406779661017
603556_2026-07-31,2026-07-31,603556,BOARD2,0.56030206126,4,False,False,False,2026-08-03,2026-08-04,26.53,27.06,0,1,0,0,0.0199773840935,0.0199773840935
601003_2026-07-31,2026-07-31,601003,BOARD2,0.543738967198,5,False,False,False,2026-08-03,2026-08-04,4.02,4.02,0,1,0,0,0,0
