signal_date,code,name,universe_status,old_present,current_present,old_eligible,current_eligible,old_scorable,current_scorable,d0_date,days_since_d0,signal_type,field_mismatch_count,feature_mismatch_count
2026-06-26,000012,南  玻Ａ,shared,True,True,False,False,False,False,2026-06-22,4.0,WATCH_ONLY,0,0
2026-06-26,000021,深科技,shared,True,True,True,True,True,True,2026-06-24,2.0,D2_LOW_ABSORB,0,0
2026-06-26,000032,深桑达Ａ,shared,True,True,True,True,True,True,2026-06-24,2.0,D2_LOW_ABSORB,0,0
2026-06-26,000034,神州数码,shared,True,True,True,True,True,True,2026-06-25,1.0,D2_LOW_ABSORB,0,0
2026-06-26,000042,中洲控股,shared,True,True,True,True,True,True,2026-06-23,3.0,D2_LOW_ABSORB,0,0
2026-06-26,000048,京基智农,shared,True,True,True,True,True,True,2026-06-25,1.0,D2_LOW_ABSORB,0,0
2026-06-26,000060,中金岭南,shared,True,True,False,False,False,False,2026-06-22,4.0,WATCH_ONLY,0,0
2026-06-26,000070,特发信息,shared,True,True,True,True,True,True,2026-06-23,3.0,D2_LOW_ABSORB,0,0
2026-06-26,000100,TCL科技,shared,True,True,True,True,True,True,2026-06-25,1.0,D2_LOW_ABSORB,0,0
2026-06-26,000510,新金路,shared,True,True,False,False,False,False,2026-06-22,4.0,WATCH_ONLY,0,0
2026-06-26,000519,中兵红箭,shared,True,True,False,False,False,False,2026-06-22,4.0,WATCH_ONLY,0,0
2026-06-26,000545,金浦钛业,shared,True,True,False,False,False,False,2026-06-22,4.0,WATCH_ONLY,0,0
2026-06-26,000551,创元科技,shared,True,True,True,True,True,True,2026-06-23,3.0,D2_LOW_ABSORB,0,0
2026-06-26,000566,海南海药,shared,True,True,True,True,True,True,2026-06-24,2.0,D2_LOW_ABSORB,0,0
2026-06-26,000571,新大洲A,shared,True,True,True,True,True,True,2026-06-23,3.0,D2_LOW_ABSORB,0,0
2026-06-26,000612,焦作万方,shared,True,True,False,False,False,False,2026-06-22,4.0,WATCH_ONLY,0,0
2026-06-26,000620,盈新发展,shared,True,True,False,False,False,False,2026-06-26,0.0,WATCH_ONLY,0,0
2026-06-26,000636,风华高科,shared,True,True,True,True,True,True,2026-06-25,1.0,D2_LOW_ABSORB,0,0
2026-06-26,000657,中钨高新,shared,True,True,False,False,False,False,2026-06-22,4.0,WATCH_ONLY,0,0
2026-06-26,000682,东方电子,shared,True,True,False,False,False,False,2026-06-22,4.0,WATCH_ONLY,0,0
2026-06-26,000691,亚太实业,shared,True,True,True,True,True,True,2026-06-23,3.0,D2_LOW_ABSORB,0,0
2026-06-26,000751,锌业股份,shared,True,True,False,False,False,False,2026-06-22,4.0,WATCH_ONLY,0,0
2026-06-26,000756,新华制药,shared,True,True,True,True,True,True,2026-06-23,3.0,D2_LOW_ABSORB,0,0
2026-06-26,000766,通化金马,shared,True,True,True,True,True,True,2026-06-25,1.0,D2_LOW_ABSORB,0,0
2026-06-26,000776,广发证券,shared,True,True,False,False,False,False,2026-06-22,4.0,WATCH_ONLY,0,0
2026-06-26,000783,长江证券,shared,True,True,True,True,True,True,2026-06-25,1.0,D2_LOW_ABSORB,0,0
2026-06-26,000811,冰轮环境,shared,True,True,True,True,True,True,2026-06-25,1.0,D2_LOW_ABSORB,0,0
2026-06-26,000813,德展健康,shared,True,True,True,True,True,True,2026-06-23,3.0,D2_LOW_ABSORB,0,0
2026-06-26,000818,航锦科技,shared,True,True,True,True,True,True,2026-06-25,1.0,D2_LOW_ABSORB,0,0
2026-06-26,000823,超声电子,shared,True,True,False,False,False,False,2026-06-26,0.0,WATCH_ONLY,0,0
2026-06-26,000833,粤桂股份,shared,True,True,False,False,False,False,2026-06-22,4.0,WATCH_ONLY,0,0
2026-06-26,000882,华联股份,shared,True,True,True,True,True,True,2026-06-23,3.0,D2_LOW_ABSORB,0,0
2026-06-26,000908,景峰医药,shared,True,True,True,True,True,True,2026-06-24,2.0,D2_LOW_ABSORB,0,0
2026-06-26,000925,众合科技,shared,True,True,True,True,True,True,2026-06-24,2.0,D2_LOW_ABSORB,0,0
2026-06-26,000960,锡业股份,shared,True,True,False,False,False,False,2026-06-22,4.0,WATCH_ONLY,0,0
2026-06-26,000962,东方钽业,shared,True,True,True,True,True,True,2026-06-25,1.0,D2_LOW_ABSORB,0,0
2026-06-26,000967,盈峰环境,shared,True,True,True,True,True,True,2026-06-24,2.0,D2_LOW_ABSORB,0,0
2026-06-26,000987,越秀资本,shared,True,True,False,False,False,False,2026-06-22,4.0,WATCH_ONLY,0,0
2026-06-26,001206,依依股份,shared,True,True,True,True,True,True,2026-06-23,3.0,D2_LOW_ABSORB,0,0
2026-06-26,001210,金房能源,shared,True,True,False,False,False,False,2026-06-26,0.0,WATCH_ONLY,0,0
2026-06-26,001215,千味央厨,shared,True,True,False,False,False,False,2026-06-26,0.0,WATCH_ONLY,0,0
2026-06-26,001225,和泰机电,shared,True,True,True,True,True,True,2026-06-23,3.0,D2_LOW_ABSORB,0,0
2026-06-26,001270,铖昌科技,shared,True,True,False,False,False,False,2026-06-26,0.0,WATCH_ONLY,0,0
2026-06-26,001279,强邦新材,shared,True,True,True,True,True,True,2026-06-23,3.0,D2_LOW_ABSORB,0,0
2026-06-26,001289,龙源电力,shared,True,True,False,False,False,False,2026-06-26,0.0,WATCH_ONLY,0,0
2026-06-26,001296,长江材料,shared,True,True,False,False,False,False,2026-06-22,4.0,WATCH_ONLY,0,0
2026-06-26,001309,德明利,shared,True,True,True,True,True,True,2026-06-25,1.0,D2_LOW_ABSORB,0,0
2026-06-26,001330,博纳影业,shared,True,True,True,True,True,True,2026-06-25,1.0,D2_LOW_ABSORB,0,0
2026-06-26,001339,智微智能,shared,True,True,True,True,True,True,2026-06-24,2.0,D2_LOW_ABSORB,0,0
2026-06-26,001359,平安电工,shared,True,True,True,True,True,True,2026-06-24,2.0,D2_LOW_ABSORB,0,0
2026-06-26,001389,广合科技,shared,True,True,False,False,False,False,2026-06-26,0.0,WATCH_ONLY,0,0
2026-06-26,001400,江顺科技,shared,True,True,False,False,False,False,2026-06-26,0.0,WATCH_ONLY,0,0
2026-06-26,002014,永新股份,shared,True,True,True,True,True,True,2026-06-23,3.0,D2_LOW_ABSORB,0,0
2026-06-26,002021,中捷资源,shared,True,True,True,True,True,True,2026-06-23,3.0,D2_LOW_ABSORB,0,0
2026-06-26,002025,航天电器,shared,True,True,True,True,True,True,2026-06-25,1.0,D2_LOW_ABSORB,0,0
2026-06-26,002031,巨轮智能,shared,True,True,True,True,True,True,2026-06-23,3.0,D2_LOW_ABSORB,0,0
2026-06-26,002038,双鹭药业,shared,True,True,True,True,True,True,2026-06-23,3.0,D2_LOW_ABSORB,0,0
2026-06-26,002046,国机精工,shared,True,True,True,True,True,True,2026-06-24,2.0,D2_LOW_ABSORB,0,0
2026-06-26,002047,宝鹰股份,shared,True,True,True,True,True,True,2026-06-23,3.0,D2_LOW_ABSORB,0,0
2026-06-26,002051,中工国际,shared,True,True,True,True,True,True,2026-06-24,2.0,D2_LOW_ABSORB,0,0
2026-06-26,002056,横店东磁,shared,True,True,True,True,True,True,2026-06-25,1.0,D2_LOW_ABSORB,0,0
2026-06-26,002057,中钢天源,shared,True,True,False,False,False,False,2026-06-22,4.0,WATCH_ONLY,0,0
2026-06-26,002068,黑猫股份,shared,True,True,True,True,True,True,2026-06-25,1.0,D2_LOW_ABSORB,0,0
2026-06-26,002080,中材科技,shared,True,True,True,True,True,True,2026-06-25,1.0,D2_LOW_ABSORB,0,0
2026-06-26,002106,莱宝高科,shared,True,True,False,False,False,False,2026-06-26,0.0,WATCH_ONLY,0,0
2026-06-26,002114,罗平锌电,shared,True,True,False,False,False,False,2026-06-22,4.0,WATCH_ONLY,0,0
2026-06-26,002119,康强电子,shared,True,True,False,False,False,False,2026-06-26,0.0,WATCH_ONLY,0,0
2026-06-26,002129,TCL中环,shared,True,True,False,False,False,False,2026-06-26,0.0,WATCH_ONLY,0,0
2026-06-26,002141,贤丰控股,shared,True,True,False,False,False,False,2026-06-26,0.0,WATCH_ONLY,0,0
2026-06-26,002167,东方锆业,shared,True,True,True,True,True,True,2026-06-24,2.0,D2_LOW_ABSORB,0,0
2026-06-26,002180,奔图科技,shared,True,True,False,False,False,False,2026-06-26,0.0,WATCH_ONLY,0,0
2026-06-26,002192,融捷股份,shared,True,True,True,True,True,True,2026-06-24,2.0,D2_LOW_ABSORB,0,0
2026-06-26,002196,方正电机,shared,True,True,True,True,True,True,2026-06-23,3.0,D2_LOW_ABSORB,0,0
2026-06-26,002240,盛新锂能,shared,True,True,True,True,True,True,2026-06-24,2.0,D2_LOW_ABSORB,0,0
2026-06-26,002253,川大智胜,shared,True,True,False,False,False,False,2026-06-26,0.0,WATCH_ONLY,0,0
2026-06-26,002254,泰和新材,shared,True,True,True,True,True,True,2026-06-25,1.0,D2_LOW_ABSORB,0,0
2026-06-26,002258,利尔化学,shared,True,True,False,False,False,False,2026-06-22,4.0,WATCH_ONLY,0,0
2026-06-26,002297,博云新材,shared,True,True,False,False,False,False,2026-06-22,4.0,WATCH_ONLY,0,0
2026-06-26,002303,美盈森,shared,True,True,True,True,True,True,2026-06-25,1.0,D2_LOW_ABSORB,0,0
2026-06-26,002312,川发龙蟒,shared,True,True,False,False,False,False,2026-06-22,4.0,WATCH_ONLY,0,0
2026-06-26,002346,柘中股份,shared,True,True,False,False,False,False,2026-06-22,4.0,WATCH_ONLY,0,0
2026-06-26,002354,天娱数科,shared,True,True,False,False,False,False,2026-06-26,0.0,WATCH_ONLY,0,0
2026-06-26,002364,中恒电气,shared,True,True,True,True,True,True,2026-06-24,2.0,D2_LOW_ABSORB,0,0
2026-06-26,002367,康力电梯,shared,True,True,False,False,False,False,2026-06-22,4.0,WATCH_ONLY,0,0
2026-06-26,002370,亚太药业,shared,True,True,True,True,True,True,2026-06-23,3.0,D2_LOW_ABSORB,0,0
2026-06-26,002374,中锐股份,shared,True,True,True,True,True,True,2026-06-23,3.0,D2_LOW_ABSORB,0,0
2026-06-26,002386,天原股份,shared,True,True,False,False,False,False,2026-06-22,4.0,WATCH_ONLY,0,0
2026-06-26,002387,维信诺,shared,True,True,True,True,True,True,2026-06-25,1.0,D2_LOW_ABSORB,0,0
2026-06-26,002407,多氟多,shared,True,True,False,False,False,False,2026-06-22,4.0,WATCH_ONLY,0,0
2026-06-26,002409,雅克科技,shared,True,True,True,True,True,True,2026-06-24,2.0,D2_LOW_ABSORB,0,0
2026-06-26,002418,康盛股份,shared,True,True,False,False,False,False,2026-06-22,4.0,WATCH_ONLY,0,0
2026-06-26,002420,毅昌科技,shared,True,True,True,True,True,True,2026-06-23,3.0,D2_LOW_ABSORB,0,0
2026-06-26,002421,达实智能,shared,True,True,False,False,False,False,2026-06-22,4.0,WATCH_ONLY,0,0
2026-06-26,002427,尤夫股份,shared,True,True,True,True,True,True,2026-06-24,2.0,D2_LOW_ABSORB,0,0
2026-06-26,002428,云南锗业,shared,True,True,True,True,True,True,2026-06-24,2.0,D2_LOW_ABSORB,0,0
2026-06-26,002440,闰土股份,shared,True,True,False,False,False,False,2026-06-22,4.0,WATCH_ONLY,0,0
2026-06-26,002452,长高电气,shared,True,True,True,True,True,True,2026-06-24,2.0,D2_LOW_ABSORB,0,0
2026-06-26,002453,华软科技,shared,True,True,True,True,True,True,2026-06-23,3.0,D2_LOW_ABSORB,0,0
2026-06-26,002484,江海股份,shared,True,True,True,True,True,True,2026-06-25,1.0,D2_LOW_ABSORB,0,0
2026-06-26,002491,通鼎互联,shared,True,True,True,True,True,True,2026-06-24,2.0,D2_LOW_ABSORB,0,0
2026-06-26,002497,雅化集团,shared,True,True,True,True,True,True,2026-06-24,2.0,D2_LOW_ABSORB,0,0
2026-06-26,002518,科士达,shared,True,True,True,True,True,True,2026-06-25,1.0,D2_LOW_ABSORB,0,0
2026-06-26,002520,日发精机,shared,True,True,True,True,True,True,2026-06-24,2.0,D2_LOW_ABSORB,0,0
2026-06-26,002522,浙江众成,shared,True,True,True,True,True,True,2026-06-23,3.0,D2_LOW_ABSORB,0,0
2026-06-26,002536,飞龙股份,shared,True,True,True,True,True,True,2026-06-24,2.0,D2_LOW_ABSORB,0,0
2026-06-26,002539,云图控股,shared,True,True,False,False,False,False,2026-06-22,4.0,WATCH_ONLY,0,0
2026-06-26,002546,新联电子,shared,True,True,False,False,False,False,2026-06-22,4.0,WATCH_ONLY,0,0
2026-06-26,002549,凯美特气,shared,True,True,True,True,True,True,2026-06-23,3.0,D2_LOW_ABSORB,0,0
2026-06-26,002550,千红制药,shared,True,True,True,True,True,True,2026-06-24,2.0,D2_LOW_ABSORB,0,0
2026-06-26,002552,宝鼎科技,shared,True,True,True,True,True,True,2026-06-24,2.0,D2_LOW_ABSORB,0,0
2026-06-26,002558,巨人网络,shared,True,True,True,True,True,True,2026-06-25,1.0,D2_LOW_ABSORB,0,0
2026-06-26,002559,亚威股份,shared,True,True,False,False,False,False,2026-06-26,0.0,WATCH_ONLY,0,0
2026-06-26,002568,百润股份,shared,True,True,False,False,False,False,2026-06-26,0.0,WATCH_ONLY,0,0
2026-06-26,002579,中京电子,shared,True,True,True,True,True,True,2026-06-25,1.0,D2_LOW_ABSORB,0,0
2026-06-26,002580,圣阳股份,shared,True,True,True,True,True,True,2026-06-24,2.0,D2_LOW_ABSORB,0,0
2026-06-26,002584,西陇科学,shared,True,True,True,True,True,True,2026-06-24,2.0,D2_LOW_ABSORB,0,0
2026-06-26,002600,领益智造,shared,True,True,True,True,True,True,2026-06-24,2.0,D2_LOW_ABSORB,0,0
2026-06-26,002601,龙佰集团,shared,True,True,False,False,False,False,2026-06-22,4.0,WATCH_ONLY,0,0
2026-06-26,002631,德尔未来,shared,True,True,True,True,True,True,2026-06-24,2.0,D2_LOW_ABSORB,0,0
2026-06-26,002643,万润股份,shared,True,True,True,True,True,True,2026-06-24,2.0,D2_LOW_ABSORB,0,0
2026-06-26,002648,卫星化学,shared,True,True,True,True,True,True,2026-06-23,3.0,D2_LOW_ABSORB,0,0
2026-06-26,002654,万润科技,shared,True,True,True,True,True,True,2026-06-25,1.0,D2_LOW_ABSORB,0,0
2026-06-26,002655,共达电声,shared,True,True,False,False,False,False,2026-06-22,4.0,WATCH_ONLY,0,0
2026-06-26,002657,中科金财,shared,True,True,False,False,False,False,2026-06-22,4.0,WATCH_ONLY,0,0
2026-06-26,002672,东江环保,shared,True,True,True,True,True,True,2026-06-23,3.0,D2_LOW_ABSORB,0,0
2026-06-26,002674,兴业科技,shared,True,True,False,False,False,False,2026-06-26,0.0,WATCH_ONLY,0,0
2026-06-26,002687,乔治白,shared,True,True,True,True,True,True,2026-06-24,2.0,D2_LOW_ABSORB,0,0
2026-06-26,002728,特一药业,shared,True,True,True,True,True,True,2026-06-23,3.0,D2_LOW_ABSORB,0,0
2026-06-26,002787,华源控股,shared,True,True,True,True,True,True,2026-06-25,1.0,D2_LOW_ABSORB,0,0
2026-06-26,002803,吉宏股份,shared,True,True,True,True,True,True,2026-06-24,2.0,D2_LOW_ABSORB,0,0
2026-06-26,002805,丰元股份,shared,True,True,False,False,False,False,2026-06-22,4.0,WATCH_ONLY,0,0
2026-06-26,002821,凯莱英,shared,True,True,True,True,True,True,2026-06-24,2.0,D2_LOW_ABSORB,0,0
2026-06-26,002830,名雕股份,shared,True,True,True,True,True,True,2026-06-23,3.0,D2_LOW_ABSORB,0,0
2026-06-26,002842,翔鹭钨业,shared,True,True,True,True,True,True,2026-06-25,1.0,D2_LOW_ABSORB,0,0
2026-06-26,002871,伟隆股份,shared,True,True,True,True,True,True,2026-06-23,3.0,D2_LOW_ABSORB,0,0
2026-06-26,002876,三利谱,shared,True,True,True,True,True,True,2026-06-24,2.0,D2_LOW_ABSORB,0,0
2026-06-26,002885,京泉华,shared,True,True,False,False,False,False,2026-06-22,4.0,WATCH_ONLY,0,0
2026-06-26,002897,意华股份,shared,True,True,True,True,True,True,2026-06-24,2.0,D2_LOW_ABSORB,0,0
2026-06-26,002910,庄园牧场,shared,True,True,False,False,False,False,2026-06-26,0.0,WATCH_ONLY,0,0
2026-06-26,002921,联诚精密,shared,True,True,True,True,True,True,2026-06-23,3.0,D2_LOW_ABSORB,0,0
2026-06-26,002928,华夏航空,shared,True,True,True,True,True,True,2026-06-25,1.0,D2_LOW_ABSORB,0,0
2026-06-26,002930,宏川智慧,shared,True,True,False,False,False,False,2026-06-26,0.0,WATCH_ONLY,0,0
2026-06-26,002943,宇晶股份,shared,True,True,True,True,True,True,2026-06-24,2.0,D2_LOW_ABSORB,0,0
2026-06-26,002962,五方光电,shared,True,True,False,False,False,False,2026-06-26,0.0,WATCH_ONLY,0,0
2026-06-26,002963,豪尔赛,shared,True,True,False,False,False,False,2026-06-22,4.0,WATCH_ONLY,0,0
2026-06-26,002965,祥鑫科技,shared,True,True,False,False,False,False,2026-06-26,0.0,WATCH_ONLY,0,0
2026-06-26,002975,博杰股份,shared,True,True,False,False,False,False,2026-06-22,4.0,WATCH_ONLY,0,0
2026-06-26,002976,瑞玛精密,shared,True,True,True,True,True,True,2026-06-23,3.0,D2_LOW_ABSORB,0,0
2026-06-26,002980,华盛昌,shared,True,True,True,True,True,True,2026-06-25,1.0,D2_LOW_ABSORB,0,0
2026-06-26,002990,盛视科技,shared,True,True,True,True,True,True,2026-06-25,1.0,D2_LOW_ABSORB,0,0
2026-06-26,003018,金富科技,shared,True,True,True,True,True,True,2026-06-24,2.0,D2_LOW_ABSORB,0,0
2026-06-26,003031,中瓷电子,shared,True,True,False,False,False,False,2026-06-22,4.0,WATCH_ONLY,0,0
2026-06-26,003033,征和工业,shared,True,True,False,False,False,False,2026-06-26,0.0,WATCH_ONLY,0,0
2026-06-26,003043,华亚智能,shared,True,True,True,True,True,True,2026-06-24,2.0,D2_LOW_ABSORB,0,0
2026-06-26,600026,中远海能,shared,True,True,True,True,True,True,2026-06-24,2.0,D2_LOW_ABSORB,0,0
2026-06-26,600058,五矿发展,shared,True,True,True,True,True,True,2026-06-25,1.0,D2_LOW_ABSORB,0,0
2026-06-26,600078,澄星股份,shared,True,True,False,False,False,False,2026-06-22,4.0,WATCH_ONLY,0,0
2026-06-26,600096,云天化,shared,True,True,False,False,False,False,2026-06-22,4.0,WATCH_ONLY,0,0
2026-06-26,600105,永鼎股份,shared,True,True,True,True,True,True,2026-06-24,2.0,D2_LOW_ABSORB,0,0
2026-06-26,600118,中国卫星,shared,True,True,False,False,False,False,2026-06-26,0.0,WATCH_ONLY,0,0
2026-06-26,600141,兴发集团,shared,True,True,True,True,True,True,2026-06-25,1.0,D2_LOW_ABSORB,0,0
2026-06-26,600152,维科技术,shared,True,True,True,True,True,True,2026-06-25,1.0,D2_LOW_ABSORB,0,0
2026-06-26,600160,巨化股份,shared,True,True,False,False,False,False,2026-06-22,4.0,WATCH_ONLY,0,0
2026-06-26,600162,香江控股,shared,True,True,False,False,False,False,2026-06-22,4.0,WATCH_ONLY,0,0
2026-06-26,600171,上海贝岭,shared,True,True,True,True,True,True,2026-06-23,3.0,D2_LOW_ABSORB,0,0
2026-06-26,600172,黄河旋风,shared,True,True,True,True,True,True,2026-06-23,3.0,D2_LOW_ABSORB,0,0
2026-06-26,600176,中国巨石,shared,True,True,True,True,True,True,2026-06-24,2.0,D2_LOW_ABSORB,0,0
2026-06-26,600178,东安动力,shared,True,True,False,False,False,False,2026-06-22,4.0,WATCH_ONLY,0,0
2026-06-26,600184,光电股份,shared,True,True,True,True,True,True,2026-06-25,1.0,D2_LOW_ABSORB,0,0
2026-06-26,600186,莲花控股,shared,True,True,True,True,True,True,2026-06-25,1.0,D2_LOW_ABSORB,0,0
2026-06-26,600206,有研新材,shared,True,True,False,False,False,False,2026-06-22,4.0,WATCH_ONLY,0,0
2026-06-26,600226,亨通股份,shared,True,True,True,True,True,True,2026-06-24,2.0,D2_LOW_ABSORB,0,0
2026-06-26,600228,返利科技,shared,True,True,False,False,False,False,2026-06-26,0.0,WATCH_ONLY,0,0
2026-06-26,600234,科新发展,shared,True,True,False,False,False,False,2026-06-22,4.0,WATCH_ONLY,0,0
2026-06-26,600237,铜峰电子,shared,True,True,True,True,True,True,2026-06-25,1.0,D2_LOW_ABSORB,0,0
2026-06-26,600246,万通发展,shared,True,True,True,True,True,True,2026-06-24,2.0,D2_LOW_ABSORB,0,0
2026-06-26,600330,天通股份,shared,True,True,True,True,True,True,2026-06-25,1.0,D2_LOW_ABSORB,0,0
2026-06-26,600343,航天动力,shared,True,True,False,False,False,False,2026-06-26,0.0,WATCH_ONLY,0,0
2026-06-26,600345,长江通信,shared,True,True,False,False,False,False,2026-06-22,4.0,WATCH_ONLY,0,0
2026-06-26,600352,浙江龙盛,shared,True,True,False,False,False,False,2026-06-22,4.0,WATCH_ONLY,0,0
2026-06-26,600353,旭光电子,shared,True,True,False,False,False,False,2026-06-22,4.0,WATCH_ONLY,0,0
2026-06-26,600360,华微电子,shared,True,True,True,True,True,True,2026-06-23,3.0,D2_LOW_ABSORB,0,0
2026-06-26,600367,红星发展,shared,True,True,False,False,False,False,2026-06-26,0.0,WATCH_ONLY,0,0
2026-06-26,600379,宝光股份,shared,True,True,True,True,True,True,2026-06-24,2.0,D2_LOW_ABSORB,0,0
2026-06-26,600397,江钨装备,shared,True,True,True,True,True,True,2026-06-23,3.0,D2_LOW_ABSORB,0,0
2026-06-26,600400,红豆股份,shared,True,True,True,True,True,True,2026-06-23,3.0,D2_LOW_ABSORB,0,0
2026-06-26,600405,动力源,shared,True,True,True,True,True,True,2026-06-23,3.0,D2_LOW_ABSORB,0,0
2026-06-26,600458,时代新材,shared,True,True,True,True,True,True,2026-06-25,1.0,D2_LOW_ABSORB,0,0
2026-06-26,600470,六国化工,shared,True,True,True,True,True,True,2026-06-23,3.0,D2_LOW_ABSORB,0,0
2026-06-26,600481,双良节能,shared,True,True,False,False,False,False,2026-06-26,0.0,WATCH_ONLY,0,0
2026-06-26,600488,津药药业,shared,True,True,True,True,True,True,2026-06-23,3.0,D2_LOW_ABSORB,0,0
2026-06-26,600497,驰宏锌锗,shared,True,True,True,True,True,True,2026-06-24,2.0,D2_LOW_ABSORB,0,0
2026-06-26,600500,中化国际,shared,True,True,True,True,True,True,2026-06-25,1.0,D2_LOW_ABSORB,0,0
2026-06-26,600506,统一股份,shared,True,True,True,True,True,True,2026-06-23,3.0,D2_LOW_ABSORB,0,0
2026-06-26,600516,方大炭素,shared,True,True,True,True,True,True,2026-06-25,1.0,D2_LOW_ABSORB,0,0
2026-06-26,600531,豫光金铅,shared,True,True,False,False,False,False,2026-06-22,4.0,WATCH_ONLY,0,0
2026-06-26,600539,狮头股份,shared,True,True,False,False,False,False,2026-06-26,0.0,WATCH_ONLY,0,0
2026-06-26,600545,卓郎智能,shared,True,True,False,False,False,False,2026-06-26,0.0,WATCH_ONLY,0,0
2026-06-26,600549,厦门钨业,shared,True,True,False,False,False,False,2026-06-22,4.0,WATCH_ONLY,0,0
2026-06-26,600552,凯盛科技,shared,True,True,False,False,False,False,2026-06-26,0.0,WATCH_ONLY,0,0
2026-06-26,600563,法拉电子,shared,True,True,True,True,True,True,2026-06-24,2.0,D2_LOW_ABSORB,0,0
2026-06-26,600579,中化装备,shared,True,True,True,True,True,True,2026-06-25,1.0,D2_LOW_ABSORB,0,0
2026-06-26,600584,长电科技,shared,True,True,True,True,True,True,2026-06-25,1.0,D2_LOW_ABSORB,0,0
2026-06-26,600596,新安股份,shared,True,True,True,True,True,True,2026-06-24,2.0,D2_LOW_ABSORB,0,0
2026-06-26,600667,太极实业,shared,True,True,True,True,True,True,2026-06-25,1.0,D2_LOW_ABSORB,0,0
2026-06-26,600668,尖峰集团,shared,True,True,True,True,True,True,2026-06-25,1.0,D2_LOW_ABSORB,0,0
2026-06-26,600703,三安光电,shared,True,True,True,True,True,True,2026-06-24,2.0,D2_LOW_ABSORB,0,0
2026-06-26,600707,彩虹股份,shared,True,True,True,True,True,True,2026-06-23,3.0,D2_LOW_ABSORB,0,0
2026-06-26,600708,光明地产,shared,True,True,True,True,True,True,2026-06-23,3.0,D2_LOW_ABSORB,0,0
2026-06-26,600719,大连热电,shared,True,True,True,True,True,True,2026-06-23,3.0,D2_LOW_ABSORB,0,0
2026-06-26,600743,华远控股,shared,True,True,True,True,True,True,2026-06-23,3.0,D2_LOW_ABSORB,0,0
2026-06-26,600769,祥龙电业,shared,True,True,False,False,False,False,2026-06-22,4.0,WATCH_ONLY,0,0
2026-06-26,600777,新潮能源,shared,True,True,True,True,True,True,2026-06-23,3.0,D2_LOW_ABSORB,0,0
2026-06-26,600791,京能置业,shared,True,True,False,False,False,False,2026-06-22,4.0,WATCH_ONLY,0,0
2026-06-26,600793,宜宾纸业,shared,True,True,True,True,True,True,2026-06-23,3.0,D2_LOW_ABSORB,0,0
2026-06-26,600843,上工申贝,shared,True,True,True,True,True,True,2026-06-23,3.0,D2_LOW_ABSORB,0,0
2026-06-26,600851,海欣股份,shared,True,True,True,True,True,True,2026-06-23,3.0,D2_LOW_ABSORB,0,0
2026-06-26,600857,宁波中百,shared,True,True,True,True,True,True,2026-06-25,1.0,D2_LOW_ABSORB,0,0
2026-06-26,600869,远东股份,shared,True,True,False,False,False,False,2026-06-22,4.0,WATCH_ONLY,0,0
2026-06-26,600877,电科芯片,shared,True,True,True,True,True,True,2026-06-24,2.0,D2_LOW_ABSORB,0,0
2026-06-26,600881,亚泰集团,shared,True,True,True,True,True,True,2026-06-23,3.0,D2_LOW_ABSORB,0,0
2026-06-26,600888,新疆众和,shared,True,True,True,True,True,True,2026-06-25,1.0,D2_LOW_ABSORB,0,0
2026-06-26,600903,贵州燃气,shared,True,True,True,True,True,True,2026-06-25,1.0,D2_LOW_ABSORB,0,0
2026-06-26,600909,华安证券,shared,True,True,True,True,True,True,2026-06-24,2.0,D2_LOW_ABSORB,0,0
2026-06-26,600961,株冶集团,shared,True,True,False,False,False,False,2026-06-22,4.0,WATCH_ONLY,0,0
2026-06-26,600962,国投中鲁,shared,True,True,False,False,False,False,2026-06-26,0.0,WATCH_ONLY,0,0
2026-06-26,601011,宝泰隆,shared,True,True,True,True,True,True,2026-06-23,3.0,D2_LOW_ABSORB,0,0
2026-06-26,601016,节能风电,shared,True,True,False,False,False,False,2026-06-26,0.0,WATCH_ONLY,0,0
2026-06-26,601020,华钰矿业,shared,True,True,False,False,False,False,2026-06-22,4.0,WATCH_ONLY,0,0
2026-06-26,601066,中信建投,shared,True,True,False,False,False,False,2026-06-22,4.0,WATCH_ONLY,0,0
2026-06-26,601108,财通证券,shared,True,True,False,False,False,False,2026-06-22,4.0,WATCH_ONLY,0,0
2026-06-26,601133,柏诚股份,shared,True,True,False,False,False,False,2026-06-26,0.0,WATCH_ONLY,0,0
2026-06-26,601179,中国西电,shared,True,True,False,False,False,False,2026-06-22,4.0,WATCH_ONLY,0,0
2026-06-26,601233,桐昆股份,shared,True,True,False,False,False,False,2026-06-22,4.0,WATCH_ONLY,0,0
2026-06-26,601336,新华保险,shared,True,True,False,False,False,False,2026-06-22,4.0,WATCH_ONLY,0,0
2026-06-26,601369,陕鼓动力,shared,True,True,False,False,False,False,2026-06-26,0.0,WATCH_ONLY,0,0
2026-06-26,601519,大智慧,shared,True,True,False,False,False,False,2026-06-22,4.0,WATCH_ONLY,0,0
2026-06-26,601798,蓝科高新,shared,True,True,True,True,True,True,2026-06-25,1.0,D2_LOW_ABSORB,0,0
2026-06-26,601869,长飞光纤,shared,True,True,True,True,True,True,2026-06-23,3.0,D2_LOW_ABSORB,0,0
2026-06-26,601872,招商轮船,shared,True,True,True,True,True,True,2026-06-24,2.0,D2_LOW_ABSORB,0,0
2026-06-26,601958,金钼股份,shared,True,True,False,False,False,False,2026-06-22,4.0,WATCH_ONLY,0,0
2026-06-26,603002,宏昌电子,shared,True,True,False,False,False,False,2026-06-22,4.0,WATCH_ONLY,0,0
2026-06-26,603007,顺景科技,shared,True,True,True,True,True,True,2026-06-23,3.0,D2_LOW_ABSORB,0,0
2026-06-26,603010,万盛股份,shared,True,True,True,True,True,True,2026-06-25,1.0,D2_LOW_ABSORB,0,0
2026-06-26,603012,创力集团,shared,True,True,False,False,False,False,2026-06-22,4.0,WATCH_ONLY,0,0
2026-06-26,603015,弘讯科技,shared,True,True,True,True,True,True,2026-06-23,3.0,D2_LOW_ABSORB,0,0
2026-06-26,603019,中科曙光,shared,True,True,True,True,True,True,2026-06-25,1.0,D2_LOW_ABSORB,0,0
2026-06-26,603045,福达合金,shared,True,True,True,True,True,True,2026-06-24,2.0,D2_LOW_ABSORB,0,0
2026-06-26,603061,金海通,shared,True,True,True,True,True,True,2026-06-24,2.0,D2_LOW_ABSORB,0,0
2026-06-26,603063,禾望电气,shared,True,True,True,True,True,True,2026-06-25,1.0,D2_LOW_ABSORB,0,0
2026-06-26,603065,宿迁联盛,shared,True,True,True,True,True,True,2026-06-25,1.0,D2_LOW_ABSORB,0,0
2026-06-26,603067,振华股份,shared,True,True,True,True,True,True,2026-06-25,1.0,D2_LOW_ABSORB,0,0
2026-06-26,603082,北自科技,shared,True,True,False,False,False,False,2026-06-22,4.0,WATCH_ONLY,0,0
2026-06-26,603083,剑桥科技,shared,True,True,True,True,True,True,2026-06-24,2.0,D2_LOW_ABSORB,0,0
2026-06-26,603106,恒银科技,shared,True,True,True,True,True,True,2026-06-23,3.0,D2_LOW_ABSORB,0,0
2026-06-26,603115,海星股份,shared,True,True,True,True,True,True,2026-06-25,1.0,D2_LOW_ABSORB,0,0
2026-06-26,603116,红蜻蜓,shared,True,True,True,True,True,True,2026-06-23,3.0,D2_LOW_ABSORB,0,0
2026-06-26,603122,合富中国,shared,True,True,True,True,True,True,2026-06-23,3.0,D2_LOW_ABSORB,0,0
2026-06-26,603155,新亚强,shared,True,True,False,False,False,False,2026-06-26,0.0,WATCH_ONLY,0,0
2026-06-26,603163,圣晖集成,shared,True,True,False,False,False,False,2026-06-26,0.0,WATCH_ONLY,0,0
2026-06-26,603194,中力股份,shared,True,True,False,False,False,False,2026-06-26,0.0,WATCH_ONLY,0,0
2026-06-26,603203,快克智能,shared,True,True,True,True,True,True,2026-06-24,2.0,D2_LOW_ABSORB,0,0
2026-06-26,603210,泰鸿万立,shared,True,True,True,True,True,True,2026-06-23,3.0,D2_LOW_ABSORB,0,0
2026-06-26,603261,立航科技,shared,True,True,False,False,False,False,2026-06-26,0.0,WATCH_ONLY,0,0
2026-06-26,603267,鸿远电子,shared,True,True,True,True,True,True,2026-06-25,1.0,D2_LOW_ABSORB,0,0
2026-06-26,603270,金帝股份,shared,True,True,False,False,False,False,2026-06-26,0.0,WATCH_ONLY,0,0
2026-06-26,603297,永新光学,shared,True,True,True,True,True,True,2026-06-24,2.0,D2_LOW_ABSORB,0,0
2026-06-26,603313,梦百合,shared,True,True,True,True,True,True,2026-06-25,1.0,D2_LOW_ABSORB,0,0
2026-06-26,603317,天味食品,shared,True,True,True,True,True,True,2026-06-24,2.0,D2_LOW_ABSORB,0,0
2026-06-26,603318,水发燃气,shared,True,True,True,True,True,True,2026-06-23,3.0,D2_LOW_ABSORB,0,0
2026-06-26,603324,盛剑科技,shared,True,True,True,True,True,True,2026-06-24,2.0,D2_LOW_ABSORB,0,0
2026-06-26,603335,迪生力,shared,True,True,True,True,True,True,2026-06-25,1.0,D2_LOW_ABSORB,0,0
2026-06-26,603386,骏亚科技,shared,True,True,True,True,True,True,2026-06-24,2.0,D2_LOW_ABSORB,0,0
2026-06-26,603399,永杉锂业,shared,True,True,True,True,True,True,2026-06-24,2.0,D2_LOW_ABSORB,0,0
2026-06-26,603466,风语筑,shared,True,True,True,True,True,True,2026-06-23,3.0,D2_LOW_ABSORB,0,0
2026-06-26,603500,祥和实业,shared,True,True,True,True,True,True,2026-06-25,1.0,D2_LOW_ABSORB,0,0
2026-06-26,603527,众源新材,shared,True,True,True,True,True,True,2026-06-25,1.0,D2_LOW_ABSORB,0,0
2026-06-26,603533,掌阅科技,shared,True,True,False,False,False,False,2026-06-22,4.0,WATCH_ONLY,0,0
2026-06-26,603588,高能环境,shared,True,True,False,False,False,False,2026-06-22,4.0,WATCH_ONLY,0,0
2026-06-26,603607,京华激光,shared,True,True,False,False,False,False,2026-06-22,4.0,WATCH_ONLY,0,0
2026-06-26,603629,利通电子,shared,True,True,False,False,False,False,2026-06-22,4.0,WATCH_ONLY,0,0
2026-06-26,603630,拉芳家化,shared,True,True,True,True,True,True,2026-06-23,3.0,D2_LOW_ABSORB,0,0
2026-06-26,603650,彤程新材,shared,True,True,False,False,False,False,2026-06-26,0.0,WATCH_ONLY,0,0
2026-06-26,603661,恒林股份,shared,True,True,True,True,True,True,2026-06-25,1.0,D2_LOW_ABSORB,0,0
2026-06-26,603663,三祥新材,shared,True,True,False,False,False,False,2026-06-22,4.0,WATCH_ONLY,0,0
2026-06-26,603668,天马科技,shared,True,True,False,False,False,False,2026-06-22,4.0,WATCH_ONLY,0,0
2026-06-26,603669,灵康药业,shared,True,True,True,True,True,True,2026-06-23,3.0,D2_LOW_ABSORB,0,0
2026-06-26,603678,火炬电子,shared,True,True,True,True,True,True,2026-06-25,1.0,D2_LOW_ABSORB,0,0
2026-06-26,603687,大胜达,shared,True,True,False,False,False,False,2026-06-26,0.0,WATCH_ONLY,0,0
2026-06-26,603690,至纯科技,shared,True,True,True,True,True,True,2026-06-25,1.0,D2_LOW_ABSORB,0,0
2026-06-26,603698,航天工程,shared,True,True,False,False,False,False,2026-06-26,0.0,WATCH_ONLY,0,0
2026-06-26,603713,密尔克卫,shared,True,True,True,True,True,True,2026-06-24,2.0,D2_LOW_ABSORB,0,0
2026-06-26,603717,天域生物,shared,True,True,True,True,True,True,2026-06-23,3.0,D2_LOW_ABSORB,0,0
2026-06-26,603722,阿科力,shared,True,True,False,False,False,False,2026-06-26,0.0,WATCH_ONLY,0,0
2026-06-26,603725,天安新材,shared,True,True,True,True,True,True,2026-06-23,3.0,D2_LOW_ABSORB,0,0
2026-06-26,603727,博迈科,shared,True,True,False,False,False,False,2026-06-22,4.0,WATCH_ONLY,0,0
2026-06-26,603733,仙鹤股份,shared,True,True,True,True,True,True,2026-06-25,1.0,D2_LOW_ABSORB,0,0
2026-06-26,603757,大元泵业,shared,True,True,True,True,True,True,2026-06-23,3.0,D2_LOW_ABSORB,0,0
2026-06-26,603800,洪田股份,shared,True,True,True,True,True,True,2026-06-25,1.0,D2_LOW_ABSORB,0,0
2026-06-26,603823,百合花,shared,True,True,False,False,False,False,2026-06-22,4.0,WATCH_ONLY,0,0
2026-06-26,603861,白云电器,shared,True,True,False,False,False,False,2026-06-26,0.0,WATCH_ONLY,0,0
2026-06-26,603863,松炀资源,shared,True,True,True,True,True,True,2026-06-23,3.0,D2_LOW_ABSORB,0,0
2026-06-26,603903,中持股份,shared,True,True,False,False,False,False,2026-06-26,0.0,WATCH_ONLY,0,0
2026-06-26,603906,龙蟠科技,shared,True,True,False,False,False,False,2026-06-22,4.0,WATCH_ONLY,0,0
2026-06-26,603928,兴业股份,shared,True,True,False,False,False,False,2026-06-26,0.0,WATCH_ONLY,0,0
2026-06-26,603929,亚翔集成,shared,True,True,True,True,True,True,2026-06-25,1.0,D2_LOW_ABSORB,0,0
2026-06-26,603938,三孚股份,shared,True,True,True,True,True,True,2026-06-24,2.0,D2_LOW_ABSORB,0,0
2026-06-26,603948,建业股份,shared,True,True,True,True,True,True,2026-06-24,2.0,D2_LOW_ABSORB,0,0
2026-06-26,603950,长源东谷,shared,True,True,False,False,False,False,2026-06-22,4.0,WATCH_ONLY,0,0
2026-06-26,603956,威派格,shared,True,True,False,False,False,False,2026-06-26,0.0,WATCH_ONLY,0,0
2026-06-26,603976,正川股份,shared,True,True,False,False,False,False,2026-06-22,4.0,WATCH_ONLY,0,0
2026-06-26,603977,国泰集团,shared,True,True,False,False,False,False,2026-06-26,0.0,WATCH_ONLY,0,0
2026-06-26,603986,兆易创新,shared,True,True,True,True,True,True,2026-06-24,2.0,D2_LOW_ABSORB,0,0
2026-06-26,603989,艾华集团,shared,True,True,True,True,True,True,2026-06-25,1.0,D2_LOW_ABSORB,0,0
2026-06-26,605020,永和股份,shared,True,True,True,True,True,True,2026-06-24,2.0,D2_LOW_ABSORB,0,0
2026-06-26,605069,正和生态,shared,True,True,True,True,True,True,2026-06-24,2.0,D2_LOW_ABSORB,0,0
2026-06-26,605118,力鼎光电,shared,True,True,True,True,True,True,2026-06-23,3.0,D2_LOW_ABSORB,0,0
2026-06-26,605151,西上海,shared,True,True,True,True,True,True,2026-06-24,2.0,D2_LOW_ABSORB,0,0
2026-06-26,605167,利柏特,shared,True,True,True,True,True,True,2026-06-23,3.0,D2_LOW_ABSORB,0,0
2026-06-26,605168,三人行,shared,True,True,False,False,False,False,2026-06-22,4.0,WATCH_ONLY,0,0
2026-06-26,605277,新亚电子,shared,True,True,True,True,True,True,2026-06-24,2.0,D2_LOW_ABSORB,0,0
2026-06-26,605296,神农集团,shared,True,True,False,False,False,False,2026-06-26,0.0,WATCH_ONLY,0,0
2026-06-26,605300,佳禾食品,shared,True,True,True,True,True,True,2026-06-25,1.0,D2_LOW_ABSORB,0,0
2026-06-26,605305,中际联合,shared,True,True,False,False,False,False,2026-06-22,4.0,WATCH_ONLY,0,0
2026-06-26,605318,法狮龙,shared,True,True,True,True,True,True,2026-06-25,1.0,D2_LOW_ABSORB,0,0
2026-06-26,605366,宏柏新材,shared,True,True,False,False,False,False,2026-06-26,0.0,WATCH_ONLY,0,0
2026-06-26,605369,拱东医疗,shared,True,True,True,True,True,True,2026-06-23,3.0,D2_LOW_ABSORB,0,0
2026-06-26,605376,XD博迁新,shared,True,True,True,True,True,True,2026-06-25,1.0,D2_LOW_ABSORB,0,0
2026-06-26,605377,华旺科技,shared,True,True,True,True,True,True,2026-06-23,3.0,D2_LOW_ABSORB,0,0
2026-06-26,605399,晨光新材,shared,True,True,False,False,False,False,2026-06-26,0.0,WATCH_ONLY,0,0
2026-06-26,605580,恒盛能源,shared,True,True,True,True,True,True,2026-06-23,3.0,D2_LOW_ABSORB,0,0
2026-06-26,605589,圣泉集团,shared,True,True,True,True,True,True,2026-06-25,1.0,D2_LOW_ABSORB,0,0
2026-06-26,605598,上海港湾,shared,True,True,True,True,True,True,2026-06-24,2.0,D2_LOW_ABSORB,0,0
