D0,code,pool_member_count,members_with_daily_volume,members_missing_daily_volume,rank_denominator_complete,event_id,signal_date
2026-04-30,000980,70,70,0,True,000980_2026-05-06,2026-05-06
2026-04-30,002192,70,70,0,True,002192_2026-05-06,2026-05-06
2026-04-30,002645,70,70,0,True,002645_2026-05-06,2026-05-06
2026-04-30,002842,70,70,0,True,002842_2026-05-06,2026-05-06
2026-04-30,600714,70,70,0,True,600714_2026-05-06,2026-05-06
2026-04-30,605099,70,70,0,True,605099_2026-05-06,2026-05-06
2026-05-06,000402,89,89,0,True,000402_2026-05-07,2026-05-07
2026-05-06,000553,89,89,0,True,000553_2026-05-07,2026-05-07
2026-05-06,000783,89,89,0,True,000783_2026-05-07,2026-05-07
2026-05-06,001316,89,89,0,True,001316_2026-05-07,2026-05-07
2026-05-06,002149,89,89,0,True,002149_2026-05-07,2026-05-07
2026-05-06,002158,89,89,0,True,002158_2026-05-07,2026-05-07
2026-05-06,002181,89,89,0,True,002181_2026-05-07,2026-05-07
2026-05-06,002453,89,89,0,True,002453_2026-05-07,2026-05-07
2026-05-06,002640,89,89,0,True,002640_2026-05-07,2026-05-07
2026-05-06,002805,89,89,0,True,002805_2026-05-07,2026-05-07
2026-05-06,002989,89,89,0,True,002989_2026-05-07,2026-05-07
2026-05-06,603937,89,89,0,True,603937_2026-05-07,2026-05-07
2026-05-07,000066,92,92,0,True,000066_2026-05-08,2026-05-08
2026-05-07,000818,92,92,0,True,000818_2026-05-08,2026-05-08
2026-05-07,000889,92,92,0,True,000889_2026-05-08,2026-05-08
2026-05-07,000967,92,92,0,True,000967_2026-05-08,2026-05-08
2026-05-07,002217,92,92,0,True,002217_2026-05-08,2026-05-08
2026-05-07,002903,92,92,0,True,002903_2026-05-08,2026-05-08
2026-05-07,003041,92,92,0,True,003041_2026-05-08,2026-05-08
2026-05-07,600396,92,92,0,True,600396_2026-05-08,2026-05-08
2026-05-07,600673,92,92,0,True,600673_2026-05-08,2026-05-08
2026-05-07,600719,92,92,0,True,600719_2026-05-08,2026-05-08
2026-05-07,603158,92,92,0,True,603158_2026-05-08,2026-05-08
2026-05-07,603256,92,92,0,True,603256_2026-05-08,2026-05-08
2026-05-07,603316,92,92,0,True,603316_2026-05-08,2026-05-08
2026-05-08,000720,90,90,0,True,000720_2026-05-11,2026-05-11
2026-05-08,002031,90,90,0,True,002031_2026-05-11,2026-05-11
2026-05-08,002317,90,90,0,True,002317_2026-05-11,2026-05-11
2026-05-08,002655,90,90,0,True,002655_2026-05-11,2026-05-11
2026-05-08,002929,90,90,0,True,002929_2026-05-11,2026-05-11
2026-05-08,002930,90,90,0,True,002930_2026-05-11,2026-05-11
2026-05-08,600130,90,90,0,True,600130_2026-05-11,2026-05-11
2026-05-08,600936,90,90,0,True,600936_2026-05-11,2026-05-11
2026-05-08,603278,90,90,0,True,603278_2026-05-11,2026-05-11
2026-05-08,603618,90,90,0,True,603618_2026-05-11,2026-05-11
2026-05-08,603636,90,90,0,True,603636_2026-05-11,2026-05-11
2026-05-11,002030,78,78,0,True,002030_2026-05-12,2026-05-12
2026-05-11,002281,78,78,0,True,002281_2026-05-12,2026-05-12
2026-05-11,002865,78,78,0,True,002865_2026-05-12,2026-05-12
2026-05-11,600078,78,78,0,True,600078_2026-05-12,2026-05-12
2026-05-11,600234,78,78,0,True,600234_2026-05-12,2026-05-12
2026-05-11,600545,78,78,0,True,600545_2026-05-12,2026-05-12
2026-05-11,600748,78,78,0,True,600748_2026-05-12,2026-05-12
2026-05-11,603459,78,78,0,True,603459_2026-05-12,2026-05-12
2026-05-11,603738,78,78,0,True,603738_2026-05-12,2026-05-12
2026-05-11,605006,78,78,0,True,605006_2026-05-12,2026-05-12
2026-05-11,605189,78,78,0,True,605189_2026-05-12,2026-05-12
2026-05-12,000029,51,51,0,True,000029_2026-05-13,2026-05-13
2026-05-12,000672,51,51,0,True,000672_2026-05-13,2026-05-13
2026-05-12,001211,51,51,0,True,001211_2026-05-13,2026-05-13
2026-05-12,600076,51,51,0,True,600076_2026-05-13,2026-05-13
2026-05-12,600488,51,51,0,True,600488_2026-05-13,2026-05-13
2026-05-12,600683,51,51,0,True,600683_2026-05-13,2026-05-13
2026-05-12,600869,51,51,0,True,600869_2026-05-13,2026-05-13
2026-05-12,603061,51,51,0,True,603061_2026-05-13,2026-05-13
2026-05-12,603269,51,51,0,True,603269_2026-05-13,2026-05-13
2026-05-13,000601,102,102,0,True,000601_2026-05-14,2026-05-14
2026-05-13,000767,102,102,0,True,000767_2026-05-14,2026-05-14
2026-05-13,000925,102,102,0,True,000925_2026-05-14,2026-05-14
2026-05-13,002498,102,102,0,True,002498_2026-05-14,2026-05-14
2026-05-13,600172,102,102,0,True,600172_2026-05-14,2026-05-14
2026-05-13,600396,102,102,0,True,600396_2026-05-14,2026-05-14
2026-05-13,603070,102,102,0,True,603070_2026-05-14,2026-05-14
2026-05-13,603203,102,102,0,True,603203_2026-05-14,2026-05-14
2026-05-14,001210,50,50,0,True,001210_2026-05-15,2026-05-15
2026-05-14,001223,50,50,0,True,001223_2026-05-15,2026-05-15
2026-05-14,002208,50,50,0,True,002208_2026-05-15,2026-05-15
2026-05-14,002782,50,50,0,True,002782_2026-05-15,2026-05-15
2026-05-14,002940,50,50,0,True,002940_2026-05-15,2026-05-15
2026-05-14,600156,50,50,0,True,600156_2026-05-15,2026-05-15
2026-05-14,600857,50,50,0,True,600857_2026-05-15,2026-05-15
2026-05-14,600903,50,50,0,True,600903_2026-05-15,2026-05-15
2026-05-14,603007,50,50,0,True,603007_2026-05-15,2026-05-15
2026-05-14,603052,50,50,0,True,603052_2026-05-15,2026-05-15
2026-05-14,603093,50,50,0,True,603093_2026-05-15,2026-05-15
2026-05-15,002971,46,46,0,True,002971_2026-05-18,2026-05-18
2026-05-18,002374,72,72,0,True,002374_2026-05-19,2026-05-19
2026-05-18,003018,72,72,0,True,003018_2026-05-19,2026-05-19
2026-05-18,601133,72,72,0,True,601133_2026-05-19,2026-05-19
2026-05-18,601678,72,72,0,True,601678_2026-05-19,2026-05-19
2026-05-19,002208,75,75,0,True,002208_2026-05-20,2026-05-20
2026-05-19,002552,75,75,0,True,002552_2026-05-20,2026-05-20
2026-05-19,600758,75,75,0,True,600758_2026-05-20,2026-05-20
2026-05-19,600850,75,75,0,True,600850_2026-05-20,2026-05-20
2026-05-19,600903,75,75,0,True,600903_2026-05-20,2026-05-20
2026-05-19,603115,75,75,0,True,603115_2026-05-20,2026-05-20
2026-05-19,603206,75,75,0,True,603206_2026-05-20,2026-05-20
2026-05-19,603311,75,75,0,True,603311_2026-05-20,2026-05-20
2026-05-19,603989,75,75,0,True,603989_2026-05-20,2026-05-20
2026-05-19,605218,75,75,0,True,605218_2026-05-20,2026-05-20
2026-05-20,000417,53,53,0,True,000417_2026-05-21,2026-05-21
2026-05-20,002272,53,53,0,True,002272_2026-05-21,2026-05-21
2026-05-20,002782,53,53,0,True,002782_2026-05-21,2026-05-21
2026-05-20,600563,53,53,0,True,600563_2026-05-21,2026-05-21
2026-05-20,603938,53,53,0,True,603938_2026-05-21,2026-05-21
2026-05-20,605288,53,53,0,True,605288_2026-05-21,2026-05-21
2026-05-21,003004,34,34,0,True,003004_2026-05-22,2026-05-22
2026-05-22,000012,100,100,0,True,000012_2026-05-25,2026-05-25
2026-05-22,000725,100,100,0,True,000725_2026-05-25,2026-05-25
2026-05-22,001225,100,100,0,True,001225_2026-05-25,2026-05-25
2026-05-22,002036,100,100,0,True,002036_2026-05-25,2026-05-25
2026-05-22,002442,100,100,0,True,002442_2026-05-25,2026-05-25
2026-05-22,002931,100,100,0,True,002931_2026-05-25,2026-05-25
2026-05-22,600303,100,100,0,True,600303_2026-05-25,2026-05-25
2026-05-22,600611,100,100,0,True,600611_2026-05-25,2026-05-25
2026-05-25,000636,93,93,0,True,000636_2026-05-26,2026-05-26
2026-05-25,002421,93,93,0,True,002421_2026-05-26,2026-05-26
2026-05-25,002432,93,93,0,True,002432_2026-05-26,2026-05-26
2026-05-25,002741,93,93,0,True,002741_2026-05-26,2026-05-26
2026-05-25,002897,93,93,0,True,002897_2026-05-26,2026-05-26
2026-05-25,002938,93,93,0,True,002938_2026-05-26,2026-05-26
2026-05-25,002975,93,93,0,True,002975_2026-05-26,2026-05-26
2026-05-25,002980,93,93,0,True,002980_2026-05-26,2026-05-26
2026-05-25,600186,93,93,0,True,600186_2026-05-26,2026-05-26
2026-05-25,600234,93,93,0,True,600234_2026-05-26,2026-05-26
2026-05-25,600503,93,93,0,True,600503_2026-05-26,2026-05-26
2026-05-25,600539,93,93,0,True,600539_2026-05-26,2026-05-26
2026-05-25,603001,93,93,0,True,603001_2026-05-26,2026-05-26
2026-05-25,603256,93,93,0,True,603256_2026-05-26,2026-05-26
2026-05-25,603661,93,93,0,True,603661_2026-05-26,2026-05-26
2026-05-25,603663,93,93,0,True,603663_2026-05-26,2026-05-26
2026-05-25,603936,93,93,0,True,603936_2026-05-26,2026-05-26
2026-05-25,605580,93,93,0,True,605580_2026-05-26,2026-05-26
2026-05-26,000510,45,45,0,True,000510_2026-05-27,2026-05-27
2026-05-26,002185,45,45,0,True,002185_2026-05-27,2026-05-27
2026-05-26,002388,45,45,0,True,002388_2026-05-27,2026-05-27
2026-05-26,002552,45,45,0,True,002552_2026-05-27,2026-05-27
2026-05-26,002585,45,45,0,True,002585_2026-05-27,2026-05-27
2026-05-26,002957,45,45,0,True,002957_2026-05-27,2026-05-27
2026-05-26,003036,45,45,0,True,003036_2026-05-27,2026-05-27
2026-05-26,600172,45,45,0,True,600172_2026-05-27,2026-05-27
2026-05-26,600520,45,45,0,True,600520_2026-05-27,2026-05-27
2026-05-26,600584,45,45,0,True,600584_2026-05-27,2026-05-27
2026-05-27,000759,45,45,0,True,000759_2026-05-28,2026-05-28
2026-05-27,001257,45,45,0,True,001257_2026-05-28,2026-05-28
2026-05-27,002251,45,45,0,True,002251_2026-05-28,2026-05-28
2026-05-27,002771,45,45,0,True,002771_2026-05-28,2026-05-28
2026-05-28,002579,88,88,0,True,002579_2026-05-29,2026-05-29
2026-05-28,603032,88,88,0,True,603032_2026-05-29,2026-05-29
2026-05-28,603989,88,88,0,True,603989_2026-05-29,2026-05-29
2026-05-29,000090,47,47,0,True,000090_2026-06-01,2026-06-01
2026-05-29,002806,47,47,0,True,002806_2026-06-01,2026-06-01
2026-05-29,600110,47,47,0,True,600110_2026-06-01,2026-06-01
2026-05-29,603324,47,47,0,True,603324_2026-06-01,2026-06-01
2026-06-01,002608,109,109,0,True,002608_2026-06-02,2026-06-02
2026-06-01,600011,109,109,0,True,600011_2026-06-02,2026-06-02
2026-06-02,000055,57,57,0,True,000055_2026-06-03,2026-06-03
2026-06-02,001210,57,57,0,True,001210_2026-06-03,2026-06-03
2026-06-02,002404,57,57,0,True,002404_2026-06-03,2026-06-03
2026-06-02,002421,57,57,0,True,002421_2026-06-03,2026-06-03
2026-06-02,002579,57,57,0,True,002579_2026-06-03,2026-06-03
2026-06-02,600280,57,57,0,True,600280_2026-06-03,2026-06-03
2026-06-02,603045,57,57,0,True,603045_2026-06-03,2026-06-03
2026-06-03,000700,61,61,0,True,000700_2026-06-04,2026-06-04
2026-06-03,002137,61,61,0,True,002137_2026-06-04,2026-06-04
2026-06-03,600121,61,61,0,True,600121_2026-06-04,2026-06-04
2026-06-03,600487,61,61,0,True,600487_2026-06-04,2026-06-04
2026-06-03,600936,61,61,0,True,600936_2026-06-04,2026-06-04
2026-06-03,603311,61,61,0,True,603311_2026-06-04,2026-06-04
2026-06-04,001896,67,67,0,True,001896_2026-06-05,2026-06-05
2026-06-04,002787,67,67,0,True,002787_2026-06-05,2026-06-05
2026-06-04,600255,67,67,0,True,600255_2026-06-05,2026-06-05
2026-06-04,600439,67,67,0,True,600439_2026-06-05,2026-06-05
2026-06-04,600688,67,67,0,True,600688_2026-06-05,2026-06-05
2026-06-04,605162,67,67,0,True,605162_2026-06-05,2026-06-05
2026-06-05,000520,64,64,0,True,000520_2026-06-08,2026-06-08
2026-06-05,003036,64,64,0,True,003036_2026-06-08,2026-06-08
2026-06-05,600293,64,64,0,True,600293_2026-06-08,2026-06-08
2026-06-08,000068,46,46,0,True,000068_2026-06-09,2026-06-09
2026-06-08,000517,46,46,0,True,000517_2026-06-09,2026-06-09
2026-06-08,000759,46,46,0,True,000759_2026-06-09,2026-06-09
2026-06-08,002361,46,46,0,True,002361_2026-06-09,2026-06-09
2026-06-08,002421,46,46,0,True,002421_2026-06-09,2026-06-09
2026-06-08,002613,46,46,0,True,002613_2026-06-09,2026-06-09
2026-06-08,003009,46,46,0,True,003009_2026-06-09,2026-06-09
2026-06-08,603500,46,46,0,True,603500_2026-06-09,2026-06-09
2026-06-08,603859,46,46,0,True,603859_2026-06-09,2026-06-09
2026-06-09,001696,107,107,0,True,001696_2026-06-10,2026-06-10
2026-06-09,002254,107,107,0,True,002254_2026-06-10,2026-06-10
2026-06-09,002362,107,107,0,True,002362_2026-06-10,2026-06-10
2026-06-09,002747,107,107,0,True,002747_2026-06-10,2026-06-10
2026-06-09,603186,107,107,0,True,603186_2026-06-10,2026-06-10
2026-06-09,603616,107,107,0,True,603616_2026-06-10,2026-06-10
2026-06-09,603929,107,107,0,True,603929_2026-06-10,2026-06-10
2026-06-10,000029,64,64,0,True,000029_2026-06-11,2026-06-11
2026-06-10,002585,64,64,0,True,002585_2026-06-11,2026-06-11
2026-06-10,002636,64,64,0,True,002636_2026-06-11,2026-06-11
2026-06-10,002669,64,64,0,True,002669_2026-06-11,2026-06-11
2026-06-10,003026,64,64,0,True,003026_2026-06-11,2026-06-11
2026-06-10,603002,64,64,0,True,603002_2026-06-11,2026-06-11
2026-06-10,603065,64,64,0,True,603065_2026-06-11,2026-06-11
2026-06-10,605006,64,64,0,True,605006_2026-06-11,2026-06-11
2026-06-10,605318,64,64,0,True,605318_2026-06-11,2026-06-11
2026-06-10,605589,64,64,0,True,605589_2026-06-11,2026-06-11
2026-06-11,000048,56,56,0,True,000048_2026-06-12,2026-06-12
2026-06-11,002119,56,56,0,True,002119_2026-06-12,2026-06-12
2026-06-11,002165,56,56,0,True,002165_2026-06-12,2026-06-12
2026-06-11,002409,56,56,0,True,002409_2026-06-12,2026-06-12
2026-06-11,600178,56,56,0,True,600178_2026-06-12,2026-06-12
2026-06-11,600378,56,56,0,True,600378_2026-06-12,2026-06-12
2026-06-11,600665,56,56,0,True,600665_2026-06-12,2026-06-12
2026-06-11,603155,56,56,0,True,603155_2026-06-12,2026-06-12
2026-06-12,002203,84,84,0,True,002203_2026-06-15,2026-06-15
2026-06-12,600067,84,84,0,True,600067_2026-06-15,2026-06-15
2026-06-12,603014,84,84,0,True,603014_2026-06-15,2026-06-15
2026-06-15,000506,128,128,0,True,000506_2026-06-16,2026-06-16
2026-06-15,000510,128,128,0,True,000510_2026-06-16,2026-06-16
2026-06-15,001359,128,128,0,True,001359_2026-06-16,2026-06-16
2026-06-15,601696,128,128,0,True,601696_2026-06-16,2026-06-16
2026-06-15,601958,128,128,0,True,601958_2026-06-16,2026-06-16
2026-06-15,603335,128,128,0,True,603335_2026-06-16,2026-06-16
2026-06-15,603738,128,128,0,True,603738_2026-06-16,2026-06-16
2026-06-16,002051,109,109,0,True,002051_2026-06-17,2026-06-17
2026-06-16,002515,109,109,0,True,002515_2026-06-17,2026-06-17
2026-06-16,002552,109,109,0,True,002552_2026-06-17,2026-06-17
2026-06-16,002585,109,109,0,True,002585_2026-06-17,2026-06-17
2026-06-16,002806,109,109,0,True,002806_2026-06-17,2026-06-17
2026-06-16,002824,109,109,0,True,002824_2026-06-17,2026-06-17
2026-06-16,002851,109,109,0,True,002851_2026-06-17,2026-06-17
2026-06-16,002990,109,109,0,True,002990_2026-06-17,2026-06-17
2026-06-16,600545,109,109,0,True,600545_2026-06-17,2026-06-17
2026-06-16,600549,109,109,0,True,600549_2026-06-17,2026-06-17
2026-06-16,600703,109,109,0,True,600703_2026-06-17,2026-06-17
2026-06-16,601179,109,109,0,True,601179_2026-06-17,2026-06-17
2026-06-16,603045,109,109,0,True,603045_2026-06-17,2026-06-17
2026-06-16,603256,109,109,0,True,603256_2026-06-17,2026-06-17
2026-06-16,603516,109,109,0,True,603516_2026-06-17,2026-06-17
2026-06-16,605198,109,109,0,True,605198_2026-06-17,2026-06-17
2026-06-16,605289,109,109,0,True,605289_2026-06-17,2026-06-17
2026-06-17,000679,68,68,0,True,000679_2026-06-18,2026-06-18
2026-06-17,000777,68,68,0,True,000777_2026-06-18,2026-06-18
2026-06-17,002080,68,68,0,True,002080_2026-06-18,2026-06-18
2026-06-17,002484,68,68,0,True,002484_2026-06-18,2026-06-18
2026-06-17,002741,68,68,0,True,002741_2026-06-18,2026-06-18
2026-06-17,600110,68,68,0,True,600110_2026-06-18,2026-06-18
2026-06-17,600186,68,68,0,True,600186_2026-06-18,2026-06-18
2026-06-17,600192,68,68,0,True,600192_2026-06-18,2026-06-18
2026-06-17,600615,68,68,0,True,600615_2026-06-18,2026-06-18
2026-06-17,600707,68,68,0,True,600707_2026-06-18,2026-06-18
2026-06-17,601636,68,68,0,True,601636_2026-06-18,2026-06-18
2026-06-17,603002,68,68,0,True,603002_2026-06-18,2026-06-18
2026-06-17,603115,68,68,0,True,603115_2026-06-18,2026-06-18
2026-06-17,603186,68,68,0,True,603186_2026-06-18,2026-06-18
2026-06-17,603773,68,68,0,True,603773_2026-06-18,2026-06-18
2026-06-18,001339,77,77,0,True,001339_2026-06-22,2026-06-22
2026-06-18,002141,77,77,0,True,002141_2026-06-22,2026-06-22
2026-06-18,002491,77,77,0,True,002491_2026-06-22,2026-06-22
2026-06-18,002579,77,77,0,True,002579_2026-06-22,2026-06-22
2026-06-18,002989,77,77,0,True,002989_2026-06-22,2026-06-22
2026-06-18,603261,77,77,0,True,603261_2026-06-22,2026-06-22
2026-06-18,603324,77,77,0,True,603324_2026-06-22,2026-06-22
2026-06-22,000657,122,122,0,True,000657_2026-06-23,2026-06-23
2026-06-22,000811,122,122,0,True,000811_2026-06-23,2026-06-23
2026-06-22,001296,122,122,0,True,001296_2026-06-23,2026-06-23
2026-06-22,002297,122,122,0,True,002297_2026-06-23,2026-06-23
2026-06-22,002354,122,122,0,True,002354_2026-06-23,2026-06-23
2026-06-22,002655,122,122,0,True,002655_2026-06-23,2026-06-23
2026-06-22,002805,122,122,0,True,002805_2026-06-23,2026-06-23
2026-06-22,002842,122,122,0,True,002842_2026-06-23,2026-06-23
2026-06-22,003031,122,122,0,True,003031_2026-06-23,2026-06-23
2026-06-22,600162,122,122,0,True,600162_2026-06-23,2026-06-23
2026-06-22,600769,122,122,0,True,600769_2026-06-23,2026-06-23
2026-06-22,603082,122,122,0,True,603082_2026-06-23,2026-06-23
2026-06-22,603380,122,122,0,True,603380_2026-06-23,2026-06-23
2026-06-22,603663,122,122,0,True,603663_2026-06-23,2026-06-23
2026-06-23,000070,89,89,0,True,000070_2026-06-24,2026-06-24
2026-06-23,000571,89,89,0,True,000571_2026-06-24,2026-06-24
2026-06-23,000783,89,89,0,True,000783_2026-06-24,2026-06-24
2026-06-23,002068,89,89,0,True,002068_2026-06-24,2026-06-24
2026-06-23,002672,89,89,0,True,002672_2026-06-24,2026-06-24
2026-06-23,002830,89,89,0,True,002830_2026-06-24,2026-06-24
2026-06-23,600172,89,89,0,True,600172_2026-06-24,2026-06-24
2026-06-23,600322,89,89,0,True,600322_2026-06-24,2026-06-24
2026-06-23,600400,89,89,0,True,600400_2026-06-24,2026-06-24
2026-06-23,600470,89,89,0,True,600470_2026-06-24,2026-06-24
2026-06-23,600851,89,89,0,True,600851_2026-06-24,2026-06-24
2026-06-23,601869,89,89,0,True,601869_2026-06-24,2026-06-24
2026-06-23,603757,89,89,0,True,603757_2026-06-24,2026-06-24
2026-06-23,605377,89,89,0,True,605377_2026-06-24,2026-06-24
2026-06-23,605580,89,89,0,True,605580_2026-06-24,2026-06-24
2026-06-24,000566,88,88,0,True,000566_2026-06-25,2026-06-25
2026-06-24,002580,88,88,0,True,002580_2026-06-25,2026-06-25
2026-06-24,002584,88,88,0,True,002584_2026-06-25,2026-06-25
2026-06-24,002631,88,88,0,True,002631_2026-06-25,2026-06-25
2026-06-24,002687,88,88,0,True,002687_2026-06-25,2026-06-25
2026-06-24,600379,88,88,0,True,600379_2026-06-25,2026-06-25
2026-06-24,600909,88,88,0,True,600909_2026-06-25,2026-06-25
2026-06-24,603938,88,88,0,True,603938_2026-06-25,2026-06-25
2026-06-24,605069,88,88,0,True,605069_2026-06-25,2026-06-25
2026-06-25,000818,78,78,0,True,000818_2026-06-26,2026-06-26
2026-06-25,002025,78,78,0,True,002025_2026-06-26,2026-06-26
2026-06-25,002080,78,78,0,True,002080_2026-06-26,2026-06-26
2026-06-25,002254,78,78,0,True,002254_2026-06-26,2026-06-26
2026-06-25,002990,78,78,0,True,002990_2026-06-26,2026-06-26
2026-06-25,600141,78,78,0,True,600141_2026-06-26,2026-06-26
2026-06-25,600584,78,78,0,True,600584_2026-06-26,2026-06-26
2026-06-25,600667,78,78,0,True,600667_2026-06-26,2026-06-26
2026-06-25,603678,78,78,0,True,603678_2026-06-26,2026-06-26
2026-06-25,603713,78,78,0,True,603713_2026-06-26,2026-06-26
2026-06-25,603929,78,78,0,True,603929_2026-06-26,2026-06-26
2026-06-25,603989,78,78,0,True,603989_2026-06-26,2026-06-26
2026-06-26,000823,52,52,0,True,000823_2026-06-29,2026-06-29
2026-06-26,002141,52,52,0,True,002141_2026-06-29,2026-06-29
2026-06-26,002965,52,52,0,True,002965_2026-06-29,2026-06-29
2026-06-26,600228,52,52,0,True,600228_2026-06-29,2026-06-29
2026-06-26,600962,52,52,0,True,600962_2026-06-29,2026-06-29
2026-06-29,002180,91,91,0,True,002180_2026-06-30,2026-06-30
2026-06-29,002568,91,91,0,True,002568_2026-06-30,2026-06-30
2026-06-29,601133,91,91,0,True,601133_2026-06-30,2026-06-30
2026-06-29,603155,91,91,0,True,603155_2026-06-30,2026-06-30
2026-06-29,603163,91,91,0,True,603163_2026-06-30,2026-06-30
2026-06-29,603650,91,91,0,True,603650_2026-06-30,2026-06-30
2026-06-29,603956,91,91,0,True,603956_2026-06-30,2026-06-30
