left,right,left_factor,right_factor,same_factor,june_pearson,june_spearman,abs_june_pearson,abs_june_spearman,severity,july_pearson,july_spearman
break_open_return,d1_open_to_close_return_raw,OPEN,RESET,False,-0.42809231719538177,-0.35058229514556893,0.42809231719538177,0.35058229514556893,LOW,-0.48636106910881555,-0.44851292692199646
break_open_return,d1_high_to_close_drawdown_raw,OPEN,RESET,False,0.24596747652927223,0.15068925736604832,0.24596747652927223,0.15068925736604832,LOW,0.31724162925503124,0.31268468372997743
break_open_return,d1_close_to_vwap_raw,OPEN,RESET,False,-0.25254175670254647,-0.18888613339379198,0.25254175670254647,0.18888613339379198,LOW,-0.3316740134590516,-0.36247799688284726
break_open_return,high_zone_volume_ratio,OPEN,SUPPLY,False,0.13931103511144452,0.13056078886697917,0.13931103511144452,0.13056078886697917,LOW,0.0883387568187675,0.14120981425582446
break_open_return,late_day_sell_volume_ratio,OPEN,SUPPLY,False,-0.01590106508209339,-0.08671053458937594,0.01590106508209339,0.08671053458937594,LOW,0.011379779637267624,-0.012791318174973653
break_open_return,recent_7d_cumulative_return,OPEN,MOM7,False,0.22829268218905657,0.1971129471223709,0.22829268218905657,0.1971129471223709,LOW,0.028753576441305554,-0.00761072503318636
break_open_return,recent_7d_max_drawdown,OPEN,DAMAGE7,False,-0.09869070965245755,-0.06413789427103336,0.09869070965245755,0.06413789427103336,LOW,0.04724157343471129,0.05091306232078594
break_open_return,recent_7d_close_position,OPEN,POS7,False,-0.003275125564532978,0.02339029483551724,0.003275125564532978,0.02339029483551724,LOW,-0.07344523984605406,-0.08126806718573158
break_open_return,d1_ma10_slope,OPEN,TREND,False,0.20338404710726016,0.17987720790571676,0.20338404710726016,0.17987720790571676,LOW,-0.04648290153695942,-0.034994096119090615
break_open_return,board_streak_is_3,OPEN,REGIME,False,-0.030347662714924117,-0.04053960151843342,0.030347662714924117,0.04053960151843342,LOW,-0.13129306147192413,-0.11083400581280836
d1_open_to_close_return_raw,d1_high_to_close_drawdown_raw,RESET,RESET,True,-0.8017559921400366,-0.7839981087536201,0.8017559921400366,0.7839981087536201,HIGH,-0.763212691964607,-0.7749227629830703
d1_open_to_close_return_raw,d1_close_to_vwap_raw,RESET,RESET,True,0.744836952225615,0.7619783213692877,0.744836952225615,0.7619783213692877,HIGH,0.701920827179995,0.6889214585445557
d1_open_to_close_return_raw,high_zone_volume_ratio,RESET,SUPPLY,False,0.43787814364223254,0.42119186926900914,0.43787814364223254,0.42119186926900914,LOW,0.3133019357361052,0.3297579982164747
d1_open_to_close_return_raw,late_day_sell_volume_ratio,RESET,SUPPLY,False,-0.0869674745817971,-0.10370664819256184,0.0869674745817971,0.10370664819256184,LOW,0.0577487725356185,0.048669970313983256
d1_open_to_close_return_raw,recent_7d_cumulative_return,RESET,MOM7,False,0.36715348937880893,0.38217314870504093,0.36715348937880893,0.38217314870504093,LOW,0.31867076744276523,0.3486481517698051
d1_open_to_close_return_raw,recent_7d_max_drawdown,RESET,DAMAGE7,False,-0.08585542574228201,-0.14307757292508633,0.08585542574228201,0.14307757292508633,LOW,0.03462828766084547,-0.0178425199849408
d1_open_to_close_return_raw,recent_7d_close_position,RESET,POS7,False,0.759010713599,0.79499399425339,0.759010713599,0.79499399425339,HIGH,0.7644710570854735,0.78815010569276
d1_open_to_close_return_raw,d1_ma10_slope,RESET,TREND,False,0.24157489427151804,0.26691357924548204,0.24157489427151804,0.26691357924548204,LOW,0.3330001326529311,0.3535013722470861
d1_open_to_close_return_raw,board_streak_is_3,RESET,REGIME,False,0.04493069003593713,0.053109928273860144,0.04493069003593713,0.053109928273860144,LOW,-0.0929804291935342,-0.06692353370993226
d1_high_to_close_drawdown_raw,d1_close_to_vwap_raw,RESET,RESET,True,-0.8261210324494836,-0.8554037524764639,0.8261210324494836,0.8554037524764639,SEVERE,-0.8276024163109494,-0.8258824753038043
d1_high_to_close_drawdown_raw,high_zone_volume_ratio,RESET,SUPPLY,False,-0.3112191020501402,-0.3109936512083485,0.3112191020501402,0.3109936512083485,LOW,-0.18236479730501715,-0.1792235939142805
d1_high_to_close_drawdown_raw,late_day_sell_volume_ratio,RESET,SUPPLY,False,0.13408448523127786,0.19376274425455664,0.13408448523127786,0.19376274425455664,LOW,-0.02233152015818309,0.028563685094121022
d1_high_to_close_drawdown_raw,recent_7d_cumulative_return,RESET,MOM7,False,-0.30100224754573446,-0.32743825347105127,0.30100224754573446,0.32743825347105127,LOW,-0.26486538292585954,-0.260305769004061
d1_high_to_close_drawdown_raw,recent_7d_max_drawdown,RESET,DAMAGE7,False,0.061877496506619764,0.12784679059038087,0.061877496506619764,0.12784679059038087,LOW,-0.027506980925193162,0.030005610578944363
d1_high_to_close_drawdown_raw,recent_7d_close_position,RESET,POS7,False,-0.8581327407858127,-0.9101826523441904,0.8581327407858127,0.9101826523441904,SEVERE,-0.8460282613212295,-0.820293009921789
d1_high_to_close_drawdown_raw,d1_ma10_slope,RESET,TREND,False,-0.12781669543312313,-0.15707765520352937,0.12781669543312313,0.15707765520352937,LOW,-0.31838717198401745,-0.2878386029522943
d1_high_to_close_drawdown_raw,board_streak_is_3,RESET,REGIME,False,-0.0003740265811306158,-0.026083574241008232,0.0003740265811306158,0.026083574241008232,LOW,0.1145213075163382,0.1270344921320271
d1_close_to_vwap_raw,high_zone_volume_ratio,RESET,SUPPLY,False,0.0859869539749912,0.13817271576174944,0.0859869539749912,0.13817271576174944,LOW,-0.07712662926123628,-0.04134289582703112
d1_close_to_vwap_raw,late_day_sell_volume_ratio,RESET,SUPPLY,False,-0.20613610221755627,-0.25995253207581487,0.20613610221755627,0.25995253207581487,LOW,-0.09107537219597243,-0.12478061781785445
d1_close_to_vwap_raw,recent_7d_cumulative_return,RESET,MOM7,False,0.3587638040922941,0.35263149050877757,0.3587638040922941,0.35263149050877757,LOW,0.2426588303437509,0.2603744286886206
d1_close_to_vwap_raw,recent_7d_max_drawdown,RESET,DAMAGE7,False,-0.10031789880756604,-0.1362043470803918,0.10031789880756604,0.1362043470803918,LOW,-0.02944345216256517,-0.0700560105297347
d1_close_to_vwap_raw,recent_7d_close_position,RESET,POS7,False,0.7673047198908168,0.8258919673111422,0.7673047198908168,0.8258919673111422,HIGH,0.7250264050606023,0.7166901417221406
d1_close_to_vwap_raw,d1_ma10_slope,RESET,TREND,False,0.20175850642176105,0.18529325873425703,0.20175850642176105,0.18529325873425703,LOW,0.28771443316127443,0.27183288409703504
d1_close_to_vwap_raw,board_streak_is_3,RESET,REGIME,False,0.14146901814785884,0.10496275600713251,0.14146901814785884,0.10496275600713251,LOW,-0.1202555390162756,-0.139256951678919
high_zone_volume_ratio,late_day_sell_volume_ratio,SUPPLY,SUPPLY,True,-0.06490489817524846,-0.02641161590205765,0.06490489817524846,0.02641161590205765,LOW,0.022076260810623773,0.037679843808395924
high_zone_volume_ratio,recent_7d_cumulative_return,SUPPLY,MOM7,False,0.3132648155756721,0.2953379918770732,0.3132648155756721,0.2953379918770732,LOW,0.15120393274952415,0.13919247688820627
high_zone_volume_ratio,recent_7d_max_drawdown,SUPPLY,DAMAGE7,False,-0.08643632477929619,-0.07285487557009873,0.08643632477929619,0.07285487557009873,LOW,0.09661146844469091,0.06693553291903774
high_zone_volume_ratio,recent_7d_close_position,SUPPLY,POS7,False,0.351018354698212,0.36012577739510787,0.351018354698212,0.36012577739510787,LOW,0.23962384723604627,0.27030981340774407
high_zone_volume_ratio,d1_ma10_slope,SUPPLY,TREND,False,0.2235018198148568,0.2111427323243794,0.2235018198148568,0.2111427323243794,LOW,0.23956403068708945,0.16058192963919815
high_zone_volume_ratio,board_streak_is_3,SUPPLY,REGIME,False,-0.05785409941337277,-0.06897998576140797,0.05785409941337277,0.06897998576140797,LOW,-0.01935191639112468,-0.054358466113400054
late_day_sell_volume_ratio,recent_7d_cumulative_return,SUPPLY,MOM7,False,-0.10764379052460314,-0.10204480153705348,0.10764379052460314,0.10204480153705348,LOW,-0.060476226840198745,-0.0629711778841521
late_day_sell_volume_ratio,recent_7d_max_drawdown,SUPPLY,DAMAGE7,False,0.019476219050372463,0.017529343058680657,0.019476219050372463,0.017529343058680657,LOW,0.1503346713584523,0.09123971317665633
late_day_sell_volume_ratio,recent_7d_close_position,SUPPLY,POS7,False,-0.10244315120846598,-0.18911201359829066,0.10244315120846598,0.18911201359829066,LOW,0.06758132680360317,0.02581755724650313
late_day_sell_volume_ratio,d1_ma10_slope,SUPPLY,TREND,False,-0.009691984979139125,-0.013857985210611086,0.009691984979139125,0.013857985210611086,LOW,-0.05654815559737659,-0.08818074490980093
late_day_sell_volume_ratio,board_streak_is_3,SUPPLY,REGIME,False,-0.05462439985408941,-0.08516715538320319,0.05462439985408941,0.08516715538320319,LOW,0.004655277351284674,0.03687029604060614
recent_7d_cumulative_return,recent_7d_max_drawdown,MOM7,DAMAGE7,False,-0.6024387084815412,-0.543819933053253,0.6024387084815412,0.543819933053253,MODERATE,-0.5662723230648974,-0.5674766842529679
recent_7d_cumulative_return,recent_7d_close_position,MOM7,POS7,False,0.6017478510309184,0.5707794491633185,0.6017478510309184,0.5707794491633185,MODERATE,0.5037295910270991,0.515179681222804
recent_7d_cumulative_return,d1_ma10_slope,MOM7,TREND,False,0.7825106069866252,0.7764523738200577,0.7825106069866252,0.7764523738200577,HIGH,0.6902827065118433,0.6939704675963904
recent_7d_cumulative_return,board_streak_is_3,MOM7,REGIME,False,0.3417871379183287,0.33955785502902885,0.3417871379183287,0.33955785502902885,LOW,0.25974040133182685,0.29394237138557433
recent_7d_max_drawdown,recent_7d_close_position,DAMAGE7,POS7,False,-0.2502058414407821,-0.22786942998456416,0.2502058414407821,0.22786942998456416,LOW,-0.06528007389664646,-0.06088137361035629
recent_7d_max_drawdown,d1_ma10_slope,DAMAGE7,TREND,False,-0.3576030084974218,-0.287837631123946,0.3576030084974218,0.287837631123946,LOW,-0.33284496378281836,-0.3825987215800874
recent_7d_max_drawdown,board_streak_is_3,DAMAGE7,REGIME,False,-0.1471527007162522,-0.12130426293039864,0.1471527007162522,0.12130426293039864,LOW,-0.1417809459016694,-0.13605113589534135
recent_7d_close_position,d1_ma10_slope,POS7,TREND,False,0.43600117398665855,0.402881366145802,0.43600117398665855,0.402881366145802,LOW,0.43736872537001437,0.4356457544576307
recent_7d_close_position,board_streak_is_3,POS7,REGIME,False,0.11177172340584794,0.10056311952779162,0.11177172340584794,0.10056311952779162,LOW,-0.0017742606731915764,-0.025046232675872852
d1_ma10_slope,board_streak_is_3,TREND,REGIME,False,0.2946339068769475,0.2894332283909253,0.2946339068769475,0.2894332283909253,LOW,0.23316210048121647,0.215798182673663
